review_id,hotel_id,hotel_name,area,source_platform,source_rating,source_rating_max,rating_5_scale,review_title,review_text,review_date_raw,stay_date_raw,traveler_type,room_type,reviewer_location,value_rating,rooms_rating,location_rating,cleanliness_rating,service_rating,source_url,collected_at
1,BOD002,Armonia Holiday Village & Spa,Akyarlar,trip,10.0,10.0,5.0,,Guest User,"Posted June 21, 2026","I’ve stayed in more than 30 hotels, hostels, and resorts in my life, but never in my wildest dreams did I think I’d end up in a place this bad. We trusted the reviews—big mistake. Rooms: Imagine the size of a café bathroom, that’s your room. Blood stains on the walls, a mattress older than my teenage years, and cleaning done with the same rag for the toilet and the sink. Towels smell like they’ve been fermenting somewhere, soap sticks to your hands like glue. Sleeping on the floor tiles would’ve been more comfortable. Food: Maximum one edible dish per day if you’re lucky. Six days, not a single proper meat dish—just liver and turkey on repeat. Chicken only edible when fried, fish so bad it’ll make you cry. Snacks? A “hamburger” that’s basically plastic between two buns. Pizza and döner? Go buy frozen ones from a discount supermarket, they’ll taste better. Bars: Want two drinks? Get ready to stand in line for 15 minutes. The bartenders don’t know half the cocktails, so maybe study recipes online before you go. Glasses are filthy, hygiene is a fantasy, and yes—their fingers go inside the glass. At night, only one bar stays open, so imagine the chaos. Eventually, we just bought sealed drinks from the market to stay sane. Staff: Rude, unfriendly, and careless. They even took our ball from the sunbed to let other guests play with it—then lost it and told us, “If we find it, we’ll give it back.” The audacity! I’m 35, and I thought I’d seen it all. But this was on another level. Save your money, your nerves, and your vacation—don’t make the same mistake we did.",Family,,aLper B,,,,,,https://www.trip.com/hotels/bodrum-hotel-detail-3448104/armonia-holiday-village-and-spa-all-inclusive/,
2,BOD002,Armonia Holiday Village & Spa,Akyarlar,trip,10.0,10.0,5.0,,"This is a great hotel, best beach, great food, clean bright rooms, friendly staff. I keep coming back year after year. Great place for families with kids any age. I travelled other places, but, I keep coming back to Armonia. Need I say more?!?!","Posted June 21, 2026",Stayed in June 2026,Family,,,,,,,,https://www.trip.com/hotels/bodrum-hotel-detail-3448104/armonia-holiday-village-and-spa-all-inclusive/,
3,BOD002,Armonia Holiday Village & Spa,Akyarlar,trip,10.0,10.0,5.0,,"Everything is excellent! Animation, mini disco, mini club for kids have every day another activity and thank Moana, Una and Jovana for take care of child and make for them fun time!","Posted August 21, 2026",Stayed in August 2026,,,,,,,,,https://www.trip.com/hotels/bodrum-hotel-detail-3448104/armonia-holiday-village-and-spa-all-inclusive/,
4,BOD002,Armonia Holiday Village & Spa,Akyarlar,trip,2.0,10.0,1.0,,"Our 6-month-old baby was attacked by a cat while sitting in his stroller on the hotel premises. This cat was present at the hotel every day. Our baby suffered bleeding wounds and had to be taken to the hospital immediately for rabies vaccination, antibiotics and further medical treatment. Instead of taking responsibility, the hotel shifted everything to the municipality. Guest Relations told us that the municipality had already been contacted several times and that the cats were on a waiting list. After contacting the municipality and the veterinary clinic ourselves, we found out this was not true: there is no waiting list, and the cats can be taken directly to the clinic without an appointment for microchipping, vaccination and health checks. We were not looking for compensation; we only expected understanding and responsibility. The hotel offered a dinner at the à la carte restaurant as a “gesture”. Later, we discovered that this was already included in our package. So this was presented as something extra, while it was not. We requested a late check-out so we could properly treat and care for our baby’s wounds in the room. First, we were told this was impossible because there were no rooms available. Shortly afterwards, it suddenly became possible — but only for an additional fee. It seems that everything comes down to money. The final disappointment was the statement from Guest Relations that we “should have protected our child better”. A hotel should take responsibility for the safety of its guests. Unfortunately, in our experience, guest safety, honesty and responsibility are clearly not priorities at this hotel. I absolutely cannot recommend this hotel.","Posted August 6, 2026",Stayed in August 2026,,,,,,,,,https://www.trip.com/hotels/bodrum-hotel-detail-3448104/armonia-holiday-village-and-spa-all-inclusive/,
5,BOD002,Armonia Holiday Village & Spa,Akyarlar,trip,10.0,10.0,5.0,,"A very nice hotel with a wonderful atmosphere. Very pleasant and friendly staff, Especially the guest manager, Zarina, is very attentive and responsive. Nice pools. The quality and selection of food in the restaurants and snack bar were excellent. Interesting entertainment/evening shows every day, allowing you to relax and have a good time. The rooms are cleaned daily. Everything is great!","Posted June 5, 2026",Stayed in June 2026,Couple,,,,,,,,https://www.trip.com/hotels/bodrum-hotel-detail-3448104/armonia-holiday-village-and-spa-all-inclusive/,
6,BOD002,Armonia Holiday Village & Spa,Akyarlar,trip,10.0,10.0,5.0,,"A highly recommended hotel with delicious food, a fantastic atmosphere, and very friendly and helpful staff. The entertainment team encourages guests to join in the fun and spreads positive holiday energy. Special greetings and thanks to Ramazan from the Lotus Bar. Without him, this hotel wouldn’t be the same. The best bartender we have ever met!!! Hotel godny polecenia, pyszne jedzenie super atmosfera bardzo miła i pomocna obsługa. Animatorzy którzy zachęcają do zabawy i zarażają pozytywną wakacyjną energią. Szczególne pozdrowienia i podziękowania dla Ramazana z Lotus baru. Bez niego ten hotel nie byłby taki sam. Najlepszy barman jakiego kiedykolwiek spotkaliśmy!!!","Posted June 3, 2026",Stayed in June 2026,Couple,,,,,,,,https://www.trip.com/hotels/bodrum-hotel-detail-3448104/armonia-holiday-village-and-spa-all-inclusive/,
7,BOD002,Armonia Holiday Village & Spa,Akyarlar,trip,10.0,10.0,5.0,,"Great experience in general. The staff was very friendly, cozy room, great food. Shoutout to the SPA & Massage team for delivering a great massage & skin peeling experience. The beach is great, crystal clear. Also the pools are awesome. As far as being critical, our bed sheets were not changed for the whole week, just room cleaning and towels changed but not bed sheets.","Posted July 29, 2025",Stayed in July 2025,,,,,,,,,https://www.trip.com/hotels/bodrum-hotel-detail-3448104/armonia-holiday-village-and-spa-all-inclusive/,
8,BOD002,Armonia Holiday Village & Spa,Akyarlar,trip,10.0,10.0,5.0,,"Everything in this hotel is just amazing. The reception, rooms, bars and obviously the views. We are very happy of that pick. We had a lot of fun visiting this hotel. Thank you very much animation team and Rubi Ercan Sercan we love you. The food is amazing also.","Posted April 30, 2025",Stayed in April 2025,Family,,,,,,,,https://www.trip.com/hotels/bodrum-hotel-detail-3448104/armonia-holiday-village-and-spa-all-inclusive/,
9,BOD002,Armonia Holiday Village & Spa,Akyarlar,trip,2.0,10.0,1.0,,"I’ve stayed in more than 30 hotels, hostels, and resorts in my life, but never in my wildest dreams did I think I’d end up in a place this bad. We trusted the reviews—big mistake. Rooms: Imagine the size of a café bathroom, that’s your room. Blood stains on the walls, a mattress older than my teenage years, and cleaning done with the same rag for the toilet and the sink. Towels smell like they’ve been fermenting somewhere, soap sticks to your hands like glue. Sleeping on the floor tiles would’ve been more comfortable. Food: Maximum one edible dish per day if you’re lucky. Six days, not a single proper meat dish—just liver and turkey on repeat. Chicken only edible when fried, fish so bad it’ll make you cry. Snacks? A “hamburger” that’s basically plastic between two buns. Pizza and döner? Go buy frozen ones from a discount supermarket, they’ll taste better. Bars: Want two drinks? Get ready to stand in line for 15 minutes. The bartenders don’t know half the cocktails, so maybe study recipes online before you go. Glasses are filthy, hygiene is a fantasy, and yes—their fingers go inside the glass. At night, only one bar stays open, so imagine the chaos. Eventually, we just bought sealed drinks from the market to stay sane. Staff: Rude, unfriendly, and careless. They even took our ball from the sunbed to let other guests play with it—then lost it and told us, “If we find it, we’ll give it back.” The audacity! I’m 35, and I thought I’d seen it all. But this was on another level. Save your money, your nerves, and your vacation—don’t make the same mistake we did.","Posted September 10, 2025",Stayed in September 2025,Family,,,,,,,,https://www.trip.com/hotels/bodrum-hotel-detail-3448104/armonia-holiday-village-and-spa-all-inclusive/,
10,BOD002,Armonia Holiday Village & Spa,Akyarlar,trip,2.0,10.0,1.0,,"During our stay at the hotel, my son unfortunately hit his head at the aquapark and had to receive stitches. This incident was very upsetting for us. In such a serious situation, we expected more attention and support from the hotel management. Unfortunately, we experienced a lack of communication and care throughout the process. The purpose of sharing this experience is to highlight that the hotel should review its safety measures and guest support, and to remind families considering this place to take these aspects into account","Posted August 26, 2025",Stayed in August 2025,,,,,,,,,https://www.trip.com/hotels/bodrum-hotel-detail-3448104/armonia-holiday-village-and-spa-all-inclusive/,
11,BOD002,Armonia Holiday Village & Spa,Akyarlar,trip,8.0,10.0,4.0,,"We had a rest in the hotel with friends, we had very good impressions. Expectations coincided with reality. Good food, every evening the animation team conducts programs. Thanks to the guys, especially Sahin, Ayse, Rubi, sweet guys","Posted August 10, 2025",Stayed in August 2025,,,,,,,,,https://www.trip.com/hotels/bodrum-hotel-detail-3448104/armonia-holiday-village-and-spa-all-inclusive/,
12,BOD002,Armonia Holiday Village & Spa,Akyarlar,tripadvisor,3.0,5.0,3.0,7days,"It is my second time in Türkiye but another caregiver (Corendon). All personel in hotel super and working very hard and good, spa and thai massage super 10/10. Animators just ok, many times You have to look for them a lot. They set evening events for Turkish people more than others but not as much as disco, only with Turkish music every evening - no international music on disco and this was sad. You have a lot to do there or around if You are smart enough - and like 15euro cheeper than Your provider will tell You. Taxi or bus just on the exit of hotel. Food was ok. A lot to eat and to choose but after few days boring - almost everyday the same. We get sick for few days from reused food or drink coctail ice. What we noticed is that they seem to use yesterday's food the next day, if possible. Rooms are just ok. TV is 20 years old but You have airco and fan. You can sleep there and clean yourself but this is it in standard. For 7 days, no one ever refilled the soap container in the shower and we found it empty from day 1. I have no idea why this place have a 5 stars standard. Just buy a shower gel. I love animals but in main restaurant inside you can meet a cat or cats same like outside in the garden or wild dogs on the beach every evening - they are coming for food. Alcohol and food on allinclusive - super and almost 24/7, You will never die. Sea is very close but going deep very fast and moost of the people using a 3 hotel pools 140cm deep - sometimes is hard to find a free place. Sometimes You hearing noises in Your room from outside - mornings the most around 9-10 clock. We have one big bed room but this one bed was made from two small beds. They will also come to You to ask/ offer You massage or photo session for a sick price - do not be a fool. About Corendon Airlines (Condom Airlines) in plane You will search for a leg place a lot. Airplane heve maybe just 10 seats with extra leg place. Other things are just ok from my experience. Last day in hotel before flight (00:30) You are out of the room at 12:00 if You are not able to extend and pay extra for Your room by yourself before. For main info You also have to ask and care about by yourself or go to reception and ask for info - like transfer time - back to airport - extend a room time. Every hour more in Your simple room is around 10euro cost. Not much but you have to worry about to not stay without a room on last day/hours before a flight or airport transfer.",Pawel wrote a review Aug 23,August 2026,Traveled as a couple,,"Bodegraven, The Netherlands",,,,,,https://www.tripadvisor.com/Hotel_Review-g951437-d1097054-Reviews-Armonia_Holiday_Village_Spa-Akyarlar_Turgutreis_Bodrum_District_Mugla_Province_Turkish.html,
13,BOD002,Armonia Holiday Village & Spa,Akyarlar,tripadvisor,5.0,5.0,5.0,Very good hotel,"Everything is excellent! Animation, mini disco, mini club for kids have every day another activity and thank Moana, Una and Jovana for take care of child and make for them fun time!",Jasmina D wrote a review Aug 21,August 2026,Traveled with family,,,,,,,,https://www.tripadvisor.com/Hotel_Review-g951437-d1097054-Reviews-Armonia_Holiday_Village_Spa-Akyarlar_Turgutreis_Bodrum_District_Mugla_Province_Turkish.html,
14,BOD002,Armonia Holiday Village & Spa,Akyarlar,tripadvisor,3.0,5.0,3.0,Harmony,"The hotel is good overall. Our room had a sea view. It was beautiful. The sea and the beach were beautiful. Cleaning services are inadequate. The level was very low compared to a 5-star hotel. (Silk) The food was good. There are so many options. There's a wide variety of options for breakfast. In self-service settings, cutlery is placed on the tables. The tables aren't being cleaned enough. It's being erased superficially. There is no internet in the rooms. We used Wi-Fi in public areas. There wasn't a single power outlet in the lobby where we could plug in the computer. Unfortunately, using a computer is quite difficult when we have an urgent task. I had to work sitting on the bed in the room. That's why I gave it 3 points. The animation team and their organization were very enjoyable for families with children. Entertainment manager Ercan Bektaş and his team are a lot of fun. We would especially like to thank Ms. Ekin for her pleasant conversation and sincerity.",ozlemkaragoz35 wrote a review Aug 21,August 2026,Traveled with family,,"Canakkale Province, Türkiye",,,,,,https://www.tripadvisor.com/Hotel_Review-g951437-d1097054-Reviews-Armonia_Holiday_Village_Spa-Akyarlar_Turgutreis_Bodrum_District_Mugla_Province_Turkish.html,
15,BOD002,Armonia Holiday Village & Spa,Akyarlar,tripadvisor,5.0,5.0,5.0,holiday,"We were very well received at the hotel, and the staff were attentive. Sıla Hanım and Seval Hanım from the guest relations department were also very helpful. The rooms were clean. The snack bar was equally good and enjoyable. The restaurant had a wide variety of food, and it all tasted good.",Tuğba B wrote a review Aug 20,August 2026,Traveled with family,,,,,,,,https://www.tripadvisor.com/Hotel_Review-g951437-d1097054-Reviews-Armonia_Holiday_Village_Spa-Akyarlar_Turgutreis_Bodrum_District_Mugla_Province_Turkish.html,
16,BOD002,Armonia Holiday Village & Spa,Akyarlar,tripadvisor,3.0,5.0,3.0,I'd say it's moderate.,"Here are my first impressions from my first day at the hotel: First of all, I wouldn't call it a good value for money hotel; I think the quality is low for the price. The rooms are a bit old and there are cleanliness issues. The food is below average, I didn't find it very good, unfortunately. The pools are small but adequate, the staff are friendly and respectful, and the entertainment is good. What I liked most about the hotel was how easy it was to get everywhere; the restaurant, pool, beach, and rooms were all close. While it takes 10 minutes to get to the beach at larger hotels, here you can be there in 2 minutes. However, it's very windy. I don't know why no one has mentioned it or if I just haven't seen it, but it's quite windy, especially since there's surfing going on right next to it. The hotel is actually in a very nice location, but the cleanliness and the quality/taste of the food definitely need to be reviewed.",ekin gözde ö wrote a review Aug 15,August 2026,Traveled with family,,"Ankara, Türkiye",,,,,,https://www.tripadvisor.com/Hotel_Review-g951437-d1097054-Reviews-Armonia_Holiday_Village_Spa-Akyarlar_Turgutreis_Bodrum_District_Mugla_Province_Turkish.html,
17,BOD002,Armonia Holiday Village & Spa,Akyarlar,tripadvisor,5.0,5.0,5.0,Superrrr,Our holiday was wonderful. Many thanks to all the staff for their hard work. I would also like to extend my special thanks to Seval Hanım and Sıla Hanım from guest relations for their attention and care. And a special thank you to Buhara Hanım who took care of us. Everything was great.,escape t wrote a review Aug 12,August 2026,Traveled with family,,,,,,,,https://www.tripadvisor.com/Hotel_Review-g951437-d1097054-Reviews-Armonia_Holiday_Village_Spa-Akyarlar_Turgutreis_Bodrum_District_Mugla_Province_Turkish.html,
18,BOD002,Armonia Holiday Village & Spa,Akyarlar,tripadvisor,5.0,5.0,5.0,Nice holiday,"The hotel is very clean and its location, especially near the sea, is excellent. I was very pleased with the food and my lovely holiday. Sila Hanim and Seval Hanim They took a very close interest in guest relations. I would also like to thank them.",Batuhan A wrote a review Aug 11,August 2026,Traveled with family,,"Koycegiz, Türkiye",,,,,,https://www.tripadvisor.com/Hotel_Review-g951437-d1097054-Reviews-Armonia_Holiday_Village_Spa-Akyarlar_Turgutreis_Bodrum_District_Mugla_Province_Turkish.html,
19,BOD002,Armonia Holiday Village & Spa,Akyarlar,tripadvisor,1.0,5.0,1.0,Our worst experience in Turkey! Avoid at all costs!,"We are regulars at stays in Turkey in 5-star all-inclusive hotels. By booking Armonia Village at the last minute for an imminent departure, we naturally expected to find a level of service comparable to what we have experienced during our previous stays. Unfortunately, this stay was a huge disappointment. For us, this hotel absolutely does not deserve its 5 stars. It is very far from the standards one has the right to expect from an establishment of this category and corresponds more, in our experience, to an aging 3-star hotel… if that. Very disappointing dining and hygiene problems. From our arrival at lunchtime, the tone was set: the buffet was infested with flies, making the meal particularly unpleasant. And unfortunately, the situation persisted throughout our entire stay: flies invited themselves to every meal. The dishes were often bland, very greasy, and lacked variety. If you have a sensitive stomach, prepare yourself to have a bad stay. After a few days, the buffets become so repetitive that you simply no longer want to eat there. In 12 days, only one ""Turkish"" themed evening was offered to us, with no great difference from what was usually served. The hygiene also leaves much to be desired. The tables are sticky and the place settings are not properly refreshed between lunch and dinner. We found dirty cutlery and marks on the tables and chairs on several occasions! For neat freaks, we lived through the ordeal of our lives! Another particularly shocking experience: there are a huge number of stray cats present in the establishment, especially in the restaurant area. Some can be aggressive or intrusive. Our son was actually scratched by a cat that jumped on him in the restaurant during mealtime. The significant presence of these animals, especially in areas where people eat, clearly raises questions regarding hygiene and safety, particularly for families with young children. At the spa, the massage was decent, but we were shocked to find that the towels were not changed between clients. For an establishment that presents itself as a 5-star hotel, it is simply inadmissible. Rooms far from being up to standard The rooms advertised as ""spacious"" are absolutely not. For a small family, the space is very limited and we were particularly surprised by their size, which absolutely does not correspond to the standards we have already experienced in other 5-star hotels in Turkey. The room cleaning is simply unacceptable. It was done very late in our building, which is particularly inconvenient when traveling with young children. On several occasions, we left our room around 9 a.m. and returned around 3 p.m.... and the cleaning still hadn't been done. We even had to wait several times at the front desk for our room to finally be cleaned. The housekeeping services are also very insufficient: room slippers are not provided, and even the soap had to be requested or retrieved ourselves from the cart, because it was not systematically placed in the room. We had washed bath towels on several occasions that were not completely dry and had a particularly unpleasant odor. The laundry service also seems obsolete and requires serious improvement. After requesting a proper cleaning at the front desk, we had the unpleasant surprise of finding even more dirt in our room, including trash that did not belong to us on the floor. For a 5-star hotel, it is totally incomprehensible. Unwelcoming staff The staff, as a whole, seemed unwelcoming to us. Especially at the restaurant, where one has more the impression of being a nuisance than a guest on vacation. Drinks are not served during meals by the waiters unless you are privileged! Lines get long and only one bar is open for lunch at the main restaurant! On the outdoor terrace of the restaurant, one waitress in particular was especially unpleasant and made us feel uncomfortable by absolutely wanting to clear our plates even though we had not finished our meal. This type of behavior is all the more regrettable when one comes to spend a vacation in a hotel that claims to be a 5-star establishment. Also be careful at the front desk We also had a very unpleasant experience regarding the late checkout. Since our flight was late, we had asked the day before if it was possible to keep our room until 6:00 PM and what the rate would be. A gentleman at the front desk had quoted us a price of €50. On the morning of our departure, we therefore went to the front desk to confirm the possibility of keeping the room until 6:00 PM. The lady at the front desk then quoted us a rate of €60. We explained to her that the day before, we had been quoted €50. She then replied that that was indeed what she had said and that we had probably misunderstood. However, we are two adults who heard exactly the same rate the day before and we understand English perfectly. This price difference, announced at the last minute, therefore seemed dubious to say the least and gave us the feeling of being taken for tourists who can easily be charged more. Same observation regarding the safe in the room: it is a paid service, at €2 per day, with a key to be picked up at the front desk. Here again, for a hotel that presents itself as a 5-star establishment, we find this particularly petty. Repetitive entertainment The activities are identical every day, without any originality, and quickly become tiresome. The music played continuously is also unpleasant and detracts more from the atmosphere than it makes it welcoming. The beach was also a big disappointment. Without even mentioning other establishments, we have already stayed in several hotels in the region and the difference is glaring. The beach at this hotel is far from being the most pleasant: the cleanliness leaves something to be desired and many stray dogs regularly circulate between the lounge chairs; even if they are not aggressive, their presence can be annoying for some vacationers, especially when traveling with children. On the beach, street vendors regularly pass between the lounge chairs to offer various products to vacationers. This repeated presence is quite disturbing and surprised us for a beach presented as private and secure. This gives more the impression of a space open to passersby than a true private beach reserved and monitored for hotel guests. The value for money is, in our opinion, catastrophic. We paid the price of a 5-star hotel, but the services are very far from being worthy of it. This is the first time, after several stays in Turkey, that we have been so disappointed and angry during our vacation. We also had the feeling that the hotel seemed more adapted to a local clientele, who sometimes seemed to us to be favored in terms of service and interaction. It is particularly unfortunate for an establishment that opens itself to an international clientele via various booking platforms. We are deeply shocked by our experience at this establishment. We sincerely hope that serious checks will be carried out so that the problems of hygiene, safety, and quality of services are taken into consideration and that other families do not experience a vacation as catastrophic as ours. We will absolutely not return to this establishment and we will certainly not recommend it to those around us. If you are looking for a true 5-star hotel in Turkey with services truly worthy of this category, we strongly advise you to look toward another establishment to avoid such disappointment, especially if you are traveling with family.",jihane A wrote a review Aug 10,August 2026,Traveled with family,,,,,,,,https://www.tripadvisor.com/Hotel_Review-g951437-d1097054-Reviews-Armonia_Holiday_Village_Spa-Akyarlar_Turgutreis_Bodrum_District_Mugla_Province_Turkish.html,
20,BOD002,Armonia Holiday Village & Spa,Akyarlar,tripadvisor,5.0,5.0,5.0,Reasonable,"We were very pleased with our holiday at Armonia Holiday Village. The hotel's location, the sea, and the overall atmosphere are truly beautiful. All the staff were friendly, attentive and helpful. We were particularly pleased with the attention we received from the restaurant and bar staff. The variety and taste of the dishes were excellent. Our rooms were clean and tidy, and we observed that the common areas were also meticulously cleaned. The pool and beach areas were also very enjoyable. The energy of the animation team and the activities they organized throughout the day added a special touch to our holiday. The evening shows and entertainment were also very successful. Overall, it was a holiday where we felt relaxed and peaceful, and created beautiful memories. We would like to thank all the Armonia Holiday Village staff for their contributions. It's definitely a hotel we would like to choose again.",Ahmed nailov wrote a review Aug 9,August 2026,Traveled with family,,"Istanbul, Türkiye",,,,,,https://www.tripadvisor.com/Hotel_Review-g951437-d1097054-Reviews-Armonia_Holiday_Village_Spa-Akyarlar_Turgutreis_Bodrum_District_Mugla_Province_Turkish.html,
21,BOD002,Armonia Holiday Village & Spa,Akyarlar,tripadvisor,1.0,5.0,1.0,Our baby was attacked and the hotel failed to take responsibility,"Our 6-month-old baby was attacked by a cat while sitting in his stroller on the hotel premises. This cat was present at the hotel every day. Our baby suffered bleeding wounds and had to be taken to the hospital immediately for rabies vaccination, antibiotics and further medical treatment. Instead of taking responsibility, the hotel shifted everything to the municipality. Guest Relations told us that the municipality had already been contacted several times and that the cats were on a waiting list. After contacting the municipality and the veterinary clinic ourselves, we found out this was not true: there is no waiting list, and the cats can be taken directly to the clinic without an appointment for microchipping, vaccination and health checks. We were not looking for compensation; we only expected understanding and responsibility. The hotel offered a dinner at the à la carte restaurant as a “gesture”. Later, we discovered that this was already included in our package. So this was presented as something extra, while it was not. We requested a late check-out so we could properly treat and care for our baby’s wounds in the room. First, we were told this was impossible because there were no rooms available. Shortly afterwards, it suddenly became possible — but only for an additional fee. It seems that everything comes down to money. The final disappointment was the statement from Guest Relations that we “should have protected our child better”. A hotel should take responsibility for the safety of its guests. Unfortunately, in our experience, guest safety, honesty and responsibility are clearly not priorities at this hotel. I absolutely cannot recommend this hotel.",Okan B wrote a review Aug 6,August 2026,Traveled with family,,,,,,,,https://www.tripadvisor.com/Hotel_Review-g951437-d1097054-Reviews-Armonia_Holiday_Village_Spa-Akyarlar_Turgutreis_Bodrum_District_Mugla_Province_Turkish.html,
22,BOD002,Armonia Holiday Village & Spa,Akyarlar,tripadvisor,5.0,5.0,5.0,A peaceful holiday,Everything is perfect. The staff are very friendly and helpful in every way. There are plenty of food options and ample space in the cafeteria. Seval helps when there's a problem. Hygiene is very good. There are always seats available. We had a lovely and peaceful family vacation. Thanks to the Armonia staff.,N Y wrote a review Aug 4,August 2026,Traveled with family,,,,,,,,https://www.tripadvisor.com/Hotel_Review-g951437-d1097054-Reviews-Armonia_Holiday_Village_Spa-Akyarlar_Turgutreis_Bodrum_District_Mugla_Province_Turkish.html,
23,BOD002,Armonia Holiday Village & Spa,Akyarlar,tripadvisor,5.0,5.0,5.0,Wonderful vacation,"A wonderful holiday filled with sports, dancing, the aroma of a delicious table and a wonderful hotel team! We come for the 4th time and always welcome as a family!!! In particular I want to mention the wonderful work of the department for working with guests Sarinu any issue was solved with attention and love! Be sure to come back again!!",Юлия П wrote a review Aug 3,July 2026,Traveled with family,,,,,,,,https://www.tripadvisor.com/Hotel_Review-g951437-d1097054-Reviews-Armonia_Holiday_Village_Spa-Akyarlar_Turgutreis_Bodrum_District_Mugla_Province_Turkish.html,
24,BOD002,Armonia Holiday Village & Spa,Akyarlar,tripadvisor,3.0,5.0,3.0,Average holiday,"Here's a review, balanced between 3 and 5 stars, including both the pros and cons: ⭐⭐⭐☆☆ (3/5) We stayed at the hotel for 6 days. Overall, we had an average holiday. Its strongest asset was its location and the coastline. The beach is a mix of pebbles and sand and quite pleasant. Although sun loungers can be very popular early in the morning, it's usually possible to find a spot during the day. The variety of food was excellent. There were plenty of options for main meals. Snack options included pizza, hamburgers, nuggets, and fruit. However, there are also many areas that need improvement. The rooms were old and did not meet our expectations in terms of cleanliness. There was a fly problem, particularly in the dining area and some parts of the hotel. I think more attention should be paid to cafeteria hygiene. The bar quality wasn't up to a 5-star hotel. The drinks didn't feel very high quality. Draft beer wasn't very good either, in terms of taste and acidity. The fact that the minibar only contained water was disappointing. The pools, especially the children's pool, could have been cleaner. That's why we preferred the sea. I also think the animation and Kids Club teams need to be more professional and active. The internet connection was also very weak and unavailable in many areas. In conclusion, we had a positive experience in terms of location, beach, and variety of food. However, without improvements in areas such as cleanliness, hygiene, internet, beverage quality, and entertainment, it's difficult to rate this hotel as a 5-star establishment. Therefore, my rating is 3/5.",Jul 2026,July 2026,Traveled with family,,"Istanbul, Türkiye",,,,,,https://www.tripadvisor.com/Hotel_Review-g951437-d1097054-Reviews-Armonia_Holiday_Village_Spa-Akyarlar_Turgutreis_Bodrum_District_Mugla_Province_Turkish.html,
25,BOD002,Armonia Holiday Village & Spa,Akyarlar,tripadvisor,2.0,5.0,2.0,We definitely do not recommend it.,"I definitely don't recommend it. This hotel definitely doesn't deserve 5 stars. We were very disappointed in many ways during our stay. * Wi-Fi has almost no signal anywhere in the hotel. It can only be used in the lobby. * The mini-bar only contains water. This is unacceptable for a 5-star hotel. * The food is terrible. We had no choice but to eat to avoid starving. The variety and quality were quite inadequate. * The service is extremely poor. Most of the staff have no knowledge of anything and instead of helping, they just refer people to each other. * The nurse at the hotel charged 200 Euros for a simple IV drip. This felt like pure opportunism. * Drink options are very limited. It was far below our expectations. Overall, this hotel falls far short of 5-star standards in terms of the services it offers. We definitely didn't get our money's worth and will not be choosing this place again. I wouldn't recommend it to those planning a vacation either.",Jul 2026,July 2026,Traveled with family,,Belgium,,,,,,https://www.tripadvisor.com/Hotel_Review-g951437-d1097054-Reviews-Armonia_Holiday_Village_Spa-Akyarlar_Turgutreis_Bodrum_District_Mugla_Province_Turkish.html,
26,BOD002,Armonia Holiday Village & Spa,Akyarlar,tripadvisor,5.0,5.0,5.0,A WONDERFUL HOLIDAY,"Everything was wonderful, the cleanliness, the food, the location was great, I really congratulate the owners.",Jul 2026,July 2026,Traveled with family,,,,,,,,https://www.tripadvisor.com/Hotel_Review-g951437-d1097054-Reviews-Armonia_Holiday_Village_Spa-Akyarlar_Turgutreis_Bodrum_District_Mugla_Province_Turkish.html,
27,BOD002,Armonia Holiday Village & Spa,Akyarlar,tripadvisor,1.0,5.0,1.0,Our holiday was ruined by negligence.,"It was our second day at the hotel, and we were having a great time and were very happy with the hotel, but an incident ruined all our enjoyment. While my wife was in the bathroom, one of the shower door panels came off its rails, fell on her, and broke. Glass shards caused cuts below the knees. When we contacted hotel management, they only sent one cleaning staff member. 3. Only an authorized person and a nurse arrived during our search. They initiated the process for a room change, but when we requested a record of the incident, they tried to cover their tracks by drawing up a report and forcing us to sign it. On top of that, they said they couldn't fill out the report themselves and would have to inform the gendarmerie. The gendarmerie arrived and we were summoned to the police station for questioning. However, they said there was no legal matter at the police station, it wasn't their responsibility, so the hotel would provide the report. They spent half our day this way. On our last day, a fight broke out among the hotel's own staff. Let's evaluate the hotel in terms of its facilities. The rooms are old and poorly maintained. If it weren't for these omissions, we would have completed it quite happily. The quality of the beverages is abysmal. The food is good, I have no complaints.",Jul 2026,July 2026,Traveled with family,,,,,,,,https://www.tripadvisor.com/Hotel_Review-g951437-d1097054-Reviews-Armonia_Holiday_Village_Spa-Akyarlar_Turgutreis_Bodrum_District_Mugla_Province_Turkish.html,
28,BOD002,Armonia Holiday Village & Spa,Akyarlar,tripadvisor,2.0,5.0,2.0,Old and not clean hotel. Horrible for the disabled.,"An outdated not clean hotel. With super friendly staff. Restaurant is good. They claim all rooms are accessible to disabled people. No, absolutely not. No elevators, limited rooms on the ground floor and they are not accessible either.",Jul 2026,July 2026,Traveled with family,,,,,,,,https://www.tripadvisor.com/Hotel_Review-g951437-d1097054-Reviews-Armonia_Holiday_Village_Spa-Akyarlar_Turgutreis_Bodrum_District_Mugla_Province_Turkish.html,
29,BOD002,Armonia Holiday Village & Spa,Akyarlar,tripadvisor,5.0,5.0,5.0,A wonderful Bodrum holiday experience,"It was a wonderful holiday, the best hotel in Bodrum. Thanks to bartenders Kaan and Yusuf for the cocktails, they were delicious.",Jul 2026,July 2026,Traveled with family,,,,,,,,https://www.tripadvisor.com/Hotel_Review-g951437-d1097054-Reviews-Armonia_Holiday_Village_Spa-Akyarlar_Turgutreis_Bodrum_District_Mugla_Province_Turkish.html,
30,BOD002,Armonia Holiday Village & Spa,Akyarlar,tripadvisor,5.0,5.0,5.0,"Even after all these years, harmony","My family and I have been coming to this hotel since my childhood, and the best part is that even after all these years, we are always greeted with the same warmth; we feel right at home. All the staff were as always smiling, attentive, and extremely professional. The rooms were spotlessly clean and comfortable, and starting the day with a view of Kos Island was truly an indescribable pleasure. The restaurant's food quality and taste were as excellent as ever, offering a rich selection to suit every palate. The animation team made our holiday unforgettable with their energy, sincerity, and the fun activities they prepared. The evening shows were also very high-quality and enjoyable. For us, it's not just a hotel, but a special place filled with memories we've accumulated over the years. We leave with the same satisfaction every time we come. Thank you to everyone involved; it definitely deserves five stars.",Jul 2026,July 2026,Traveled with family,,,,,,,,https://www.tripadvisor.com/Hotel_Review-g951437-d1097054-Reviews-Armonia_Holiday_Village_Spa-Akyarlar_Turgutreis_Bodrum_District_Mugla_Province_Turkish.html,
31,BOD002,Armonia Holiday Village & Spa,Akyarlar,tripadvisor,3.0,5.0,3.0,Price/performance ratio,"The hotel is generally clean. The wifi never works. The animation is very weak. The food was average, but the fruits and vegetables were very good. This is a quieter hotel, unlike those buffets where you have to wait in long lines. Communication with the staff isn't very strong; they mostly just come to you when you're about to leave and ask for high-scoring reviews. The sea is very beautiful, the pools are adequate, and the hotel is well-intentioned and offers good value for money. I probably wouldn't choose this hotel again. We came with family, and it might be the furthest hotel from Bodrum, making driving challenging. Bodrum's traffic can be frustrating.",Jul 2026,July 2026,Traveled with family,,,,,,,,https://www.tripadvisor.com/Hotel_Review-g951437-d1097054-Reviews-Armonia_Holiday_Village_Spa-Akyarlar_Turgutreis_Bodrum_District_Mugla_Province_Turkish.html,
32,BOD002,Armonia Holiday Village & Spa,Akyarlar,tripadvisor,5.0,5.0,5.0,Great,"The facility is fantastic, and the staff, led by the manager Mr. Oğuz, are friendly and very polite. We could ask for anything or need something, and they were always helpful. Thank you for everything, see you again next year…",Jul 2026,July 2026,Traveled with family,,,,,,,,https://www.tripadvisor.com/Hotel_Review-g951437-d1097054-Reviews-Armonia_Holiday_Village_Spa-Akyarlar_Turgutreis_Bodrum_District_Mugla_Province_Turkish.html,
33,BOD002,Armonia Holiday Village & Spa,Akyarlar,tripadvisor,5.0,5.0,5.0,Top Hotel 👑👍🇹🇷,"I would like to thank Head of Administration and Employees of Good Quality Servic! Happy with Children, what I chose this Hotel! Top Location, Servic Top! Mini Club Super! Mrs Moana Class woman! Restaurant Really tasty and every day Different menu. Great! Staff at Restaurant Very Friendly and Polite. Room Nice and Clean Every Day. Thank you from Great Vacation! Kind regards N.Guerguel and my Children. ❤️❤️❤️❤️🙏🙏🙏🙏💋💋🇳🇱❤️🇹🇷",Jun 2026,June 2026,Traveled with family,,,,,,,,https://www.tripadvisor.com/Hotel_Review-g951437-d1097054-Reviews-Armonia_Holiday_Village_Spa-Akyarlar_Turgutreis_Bodrum_District_Mugla_Province_Turkish.html,
34,BOD002,Armonia Holiday Village & Spa,Akyarlar,tripadvisor,5.0,5.0,5.0,Best kept sicret in Turkey,"Dear S2ykat, Thank you for your wonderful review. We are truly delighted that you continue to choose our hotel and that you place your trust in us year after year. We look forward to welcoming you again and wish you all the best. Kind regards, Guest Relations Manager Vesile ÖZTEKİN",Jun 2026,June 2026,Traveled with family,,,,,,,,https://www.tripadvisor.com/Hotel_Review-g951437-d1097054-Reviews-Armonia_Holiday_Village_Spa-Akyarlar_Turgutreis_Bodrum_District_Mugla_Province_Turkish.html,
35,BOD002,Armonia Holiday Village & Spa,Akyarlar,tripadvisor,5.0,5.0,5.0,Armonia is our home,"We are leaving our vacation not just with beautiful photos, but with unforgettable memories. From the moment we arrived, the friendly and helpful staff energized us and showed that they love their work. There are snacks, and the food and desserts in the restaurant are delicious. The pool is clean and hygienic. The evening shows are very nice and entertaining. We feel like we've come to a second home, not just a hotel. Thank you very much for everything, we will choose it again.",Jun 2026,June 2026,Traveled as a couple,,,,,,,,https://www.tripadvisor.com/Hotel_Review-g951437-d1097054-Reviews-Armonia_Holiday_Village_Spa-Akyarlar_Turgutreis_Bodrum_District_Mugla_Province_Turkish.html,
36,BOD002,Armonia Holiday Village & Spa,Akyarlar,tripadvisor,5.0,5.0,5.0,A very nice hotel with a wonderful atmosphere.,"Dear Guest, Thank you very much for your wonderful review and for sharing your satisfaction with us. We are truly delighted to hear that your time spent at our hotel has turned into a beautiful memory and that you were so pleased with our overall quality. Providing you with the best possible experience at every moment is always our top priority. We look forward to welcoming you back to our hotel. Warmest regards, Guest Relations Manager Vesile ÖZTEKİN",Jun 2026,May 2026,Traveled as a couple,,,,,,,,https://www.tripadvisor.com/Hotel_Review-g951437-d1097054-Reviews-Armonia_Holiday_Village_Spa-Akyarlar_Turgutreis_Bodrum_District_Mugla_Province_Turkish.html,
37,BOD002,Armonia Holiday Village & Spa,Akyarlar,tripadvisor,5.0,5.0,5.0,The best hotel,"The hotel is really amazing! The staff are very friendly, the atmosphere is great, and our stay here was wonderful. A special thank you and warm greetings to Ramazan, who makes the best drinks! He is super friendly, always smiling, and makes everyone feel welcome. His cocktails are the most delicious we have ever had. We would also like to praise the animation team — they are absolutely great! They make sure everyone has a good time, bring lots of positive energy, and create a fantastic atmosphere in the hotel every day. I highly recommend this hotel and we will definitely remember this place in a very positive way! Hotel jest naprawdę super! Obsługa jest bardzo miła, atmosfera świetna, a pobyt tutaj był bardzo udany. Szczególne podziękowania i serdeczne pozdrowienia dla Ramazana, który robi najlepsze drinki! Jest mega przyjazny, zawsze uśmiechnięty i sprawia, że każdy czuje się wyjątkowo. Jego drinki są najpyszniejsze, jakie piliśmy. Chcielibyśmy również pochwalić animatorów, którzy są naprawdę super! Dbają o świetną zabawę, mają dużo pozytywnej energii i sprawiają, że w hotelu cały czas panuje fantastyczna atmosfera. Zdecydowanie polecam ten hotel i na pewno będziemy go bardzo miło wspominać!",Jun 2026,May 2026,Traveled as a couple,,,,,,,,https://www.tripadvisor.com/Hotel_Review-g951437-d1097054-Reviews-Armonia_Holiday_Village_Spa-Akyarlar_Turgutreis_Bodrum_District_Mugla_Province_Turkish.html,
38,BOD002,Armonia Holiday Village & Spa,Akyarlar,tripadvisor,5.0,5.0,5.0,Great Hotel,"A highly recommended hotel with delicious food, a fantastic atmosphere, and very friendly and helpful staff. The entertainment team encourages guests to join in the fun and spreads positive holiday energy. Special greetings and thanks to Ramazan from the Lotus Bar. Without him, this hotel wouldn’t be the same. The best bartender we have ever met!!! 😊 Hotel godny polecenia, pyszne jedzenie super atmosfera bardzo miła i pomocna obsługa. Animatorzy którzy zachęcają do zabawy i zarażają pozytywną wakacyjną energią. Szczególne pozdrowienia i podziękowania dla Ramazana z Lotus baru. Bez niego ten hotel nie byłby taki sam. Najlepszy barman jakiego kiedykolwiek spotkaliśmy!!!",Jun 2026,May 2026,Traveled as a couple,,,,,,,,https://www.tripadvisor.com/Hotel_Review-g951437-d1097054-Reviews-Armonia_Holiday_Village_Spa-Akyarlar_Turgutreis_Bodrum_District_Mugla_Province_Turkish.html,
39,BOD002,Armonia Holiday Village & Spa,Akyarlar,tripadvisor,5.0,5.0,5.0,Ultra service,"A perfect hotel, we loved everything about it. We stayed as 3 families, 9 people in total. For the price, the service, staff, sea, pool, and food were really excellent. Those who leave negative reviews should go to places like Magic Life.",May 2026,May 2026,Traveled with family,,,,,,,,https://www.tripadvisor.com/Hotel_Review-g951437-d1097054-Reviews-Armonia_Holiday_Village_Spa-Akyarlar_Turgutreis_Bodrum_District_Mugla_Province_Turkish.html,
40,BOD002,Armonia Holiday Village & Spa,Akyarlar,tripadvisor,5.0,5.0,5.0,Armonia,"The hotel was really clean and tidy. The food was delicious, and the staff were friendly and helpful in every way. We felt very comfortable throughout our vacation. The animation team, in particular, was incredibly energetic; they organized fun activities throughout the day, and the evening shows were very enjoyable. They made our holiday more enjoyable. I would definitely recommend it for those who want to both relax and have fun.",May 2026,May 2026,Traveled as a couple,,,,,,,,https://www.tripadvisor.com/Hotel_Review-g951437-d1097054-Reviews-Armonia_Holiday_Village_Spa-Akyarlar_Turgutreis_Bodrum_District_Mugla_Province_Turkish.html,
41,BOD003,ASPAT HOTEL BODRUM Beach Restaurant,Akyarlar,tripadvisor,5.0,5.0,5.0,,"Beautiful place, sunset meet there, that's it, the kitchen is delicious.",May 2026,May 2026,Traveled with family,,,,,,,,https://www.tripadvisor.com/Hotel_Review-g951437-d1228842-Reviews-Aspat_Hotel_Bodrum_Beach_Restaurant-Akyarlar_Turgutreis_Bodrum_District_Mugla_Province.html,
42,BOD003,ASPAT HOTEL BODRUM Beach Restaurant,Akyarlar,tripadvisor,5.0,5.0,5.0,Thank you aspat hotel,"The hidden paradise of Bodrum, literally Karaincir and Aspat Bay, is incredibly beautiful, the location of the hotel, its proximity to the sea, its own private beach, the view of its rooms are quiet and calm, it is a very good option for families and those who want to relax.",Mar 2024,March 2024,Traveled with friends,,"Istanbul, Türkiye",,,,,,https://www.tripadvisor.com/Hotel_Review-g951437-d1228842-Reviews-Aspat_Hotel_Bodrum_Beach_Restaurant-Akyarlar_Turgutreis_Bodrum_District_Mugla_Province.html,
43,BOD003,ASPAT HOTEL BODRUM Beach Restaurant,Akyarlar,tripadvisor,3.0,5.0,3.0,Boutique seems excessive to me but for one night it's fine,Basic hotel 20km from Bodrum. The simple rooms could use some maintenance. The most beautiful part is the external terrace with sea view for breakfast (basic) and the swimming pool. Cheap price (less than €60) but you need to have a car.,Sep 2023,August 2023,Traveled as a couple,,"Turin, Italy",,,,,,https://www.tripadvisor.com/Hotel_Review-g951437-d1228842-Reviews-Aspat_Hotel_Bodrum_Beach_Restaurant-Akyarlar_Turgutreis_Bodrum_District_Mugla_Province.html,
44,BOD004,Bendis Beach Hotel,Akyarlar,trip,6.0,10.0,3.0,,Anonymous User,"Posted June 24, 2024",,Traveling with friends,,Show More,,,,,,https://www.trip.com/hotels/akyarlar-mahallesi-hotel-detail-4416296/bendis-beach-hotel/,
45,BOD004,Bendis Beach Hotel,Akyarlar,trip,6.0,10.0,3.0,,"Working friends are trying hard. Our room was always clean. but the food is bad. It's enough to eat to avoid starvation. Even basic things like french fries and pasta are bad. You expect to be satisfied from the grill section, but one day the liver comes out and tastes so bad that even cats wouldn't eat it. One day, a chicken appears, but it has so many bones that it cannot be eaten. There are also fries like fix nugget schnitzel and of course these are bad too. I only liked fish once during my stay. There should be at least one white meat and one fish in the grill section. There is never an option in the same meal. The pita part is not bad except that it always runs out and you have to wait 15 minutes for it to be renewed. The hamburger at the snack is mediocre. The food should definitely be improved, it is very poor and lacks variety. Alcohols are not bad. You need to walk two or three minutes to the sea. For God's sake, you have so many employees, someone could also take care of the cleaning of the beach. There is already a small area on the beach. grass is full of garbage. I didn't want to step on sand. If it is cleaned once with a rake, it will not get so dirty every day. Keeping a tiny area clean shouldn't be this difficult for a huge hotel. It was a big disappointment since my expectation from an all-inclusive hotel was good food and sea. The pool and activities for families looked good. Everyone seemed happy with the animators etc., but they are not my area of interest either. Additionally, there are three or four cats wandering around the hotel. They were so weak and frail that I felt sorry for them. God knows how much food is left over every day in this huge hotel. I wish you could feed the animals with these and pour 3 bowls of water. They were drinking water from the pool, it's a pity for them too. It is obvious that the employees are trying hard to be prompt. Better opportunities should be provided.","Posted June 24, 2024",Stayed in June 2024,Traveling with friends,,Türkiye (Turkey),,,,,,https://www.trip.com/hotels/akyarlar-mahallesi-hotel-detail-4416296/bendis-beach-hotel/,
46,BOD004,Bendis Beach Hotel,Akyarlar,trip,3.0,10.0,1.5,,I am really disappointed with the facility and the food - there is hardly any choice.,"Posted July 8, 2024",Stayed in July 2024,Couple,,Germany,,,,,,https://www.trip.com/hotels/akyarlar-mahallesi-hotel-detail-4416296/bendis-beach-hotel/,
47,BOD004,Bendis Beach Hotel,Akyarlar,trip,10.0,10.0,5.0,,Verry good. Clear and fine. Bar good Abdullah,"Posted July 21, 2026",Stayed in July 2026,Family,,,,,,,,https://www.trip.com/hotels/akyarlar-mahallesi-hotel-detail-4416296/bendis-beach-hotel/,
48,BOD004,Bendis Beach Hotel,Akyarlar,trip,10.0,10.0,5.0,,bahtiyar is good servis spesial day thank you so much bat mahmut cheff very beatiful smile thank you bendis family,"Posted July 12, 2026",Stayed in July 2026,,,,,,,,,https://www.trip.com/hotels/akyarlar-mahallesi-hotel-detail-4416296/bendis-beach-hotel/,
49,BOD004,Bendis Beach Hotel,Akyarlar,trip,2.0,10.0,1.0,,"1/5 Stars Very disappointing experience. This hotel definitely does not deserve its 4-star rating. The kitchen and dining area were dirty, and the food looked like it had been prepared by children. The presentation was poor, and the quality was far below expectations. There were no signs or information anywhere in the hotel, making it difficult to find anything. Even the reception staff did not provide clear guidance. The check-in process was also unacceptable. We arrived at 9:00 AM and didn't receive our room until 2:00 PM, despite waiting for five hours.","Posted July 3, 2026",Stayed in July 2026,Traveling with friends,,,,,,,,https://www.trip.com/hotels/akyarlar-mahallesi-hotel-detail-4416296/bendis-beach-hotel/,
50,BOD004,Bendis Beach Hotel,Akyarlar,trip,10.0,10.0,5.0,,Bahtiyar chef was very helpful. He looked after my family and served lovely food. Lovely polite young man. Would definitely recommend!,"Posted June 25, 2026",Stayed in June 2026,,,,,,,,,https://www.trip.com/hotels/akyarlar-mahallesi-hotel-detail-4416296/bendis-beach-hotel/,
51,BOD004,Bendis Beach Hotel,Akyarlar,trip,10.0,10.0,5.0,,Bahtiyar the chef organized great dinner on the beach for us which we will remember as an amazing experience. Thank you!,"Posted June 25, 2026",Stayed in June 2026,Couple,,,,,,,,https://www.trip.com/hotels/akyarlar-mahallesi-hotel-detail-4416296/bendis-beach-hotel/,
52,BOD004,Bendis Beach Hotel,Akyarlar,trip,10.0,10.0,5.0,,"The stay was perfect, the staff was AMAZING, very kind, very helpful, especially Abdullah, Mehmet, Benjamin, Bahtyiar, Engin, Azad and all the ones that have not been mentioned by name!!! You are great Really recommend and will be back, thank you!!","Posted June 12, 2026",Stayed in June 2026,Family,,,,,,,,https://www.trip.com/hotels/akyarlar-mahallesi-hotel-detail-4416296/bendis-beach-hotel/,
53,BOD004,Bendis Beach Hotel,Akyarlar,trip,10.0,10.0,5.0,,Bahtiyar cheff was amazing. Really looked after us on our beach dinner. Thank you so much.,"Posted June 25, 2026",Stayed in June 2026,Family,,,,,,,,https://www.trip.com/hotels/akyarlar-mahallesi-hotel-detail-4416296/bendis-beach-hotel/,
54,BOD004,Bendis Beach Hotel,Akyarlar,trip,10.0,10.0,5.0,,Jest super very liked it thank yiu for service food and rooms are amazing,"Posted June 11, 2026",Stayed in June 2026,Family,,,,,,,,https://www.trip.com/hotels/akyarlar-mahallesi-hotel-detail-4416296/bendis-beach-hotel/,
55,BOD007,Kefaluka Resort,Akyarlar,google_travel,4.0,5.0,4.0,,"Bu, Kefaluka Resort’a dördüncü gelişimiz. Burayı özellikle denizi ve çocuklu aileler için sunduğu imkanlar nedeniyle çok seviyoruz. Denizi gerçekten harika, çocuklarla güvenle vakit geçirilebilecek güzel bir tesis.
Ancak önceki yıllara göre bazı konularda gerileme olduğunu düşünüyoruz. Özellikle hijyen konusunda zaman zaman eksiklikler yaşanıyor. Eskiden servis kalitesi ve yemek çeşitliliği daha iyiydi. Yemek çeşidinin azalması bizim için en büyük sorun değil, ancak öğleden sonra otelin hiçbir noktasında meyve bulamamak bizi şaşırttı. Yaz sezonunda böyle bir otelde gün içinde misafirlere meyve sunulmasının önemli olduğunu düşünüyoruz.
Bunun yanında özellikle eğlence ekibinden Nazmi’ye ayrı bir teşekkür etmek istiyoruz. Gerek su sporlarında gerek akşam eğlencelerinde inanılmaz enerjik, güler yüzlü ve misafirlerle gerçekten yakından ilgileniyor. Özellikle öğleden sonraki voleybol aktivitelerinde bizi sürekli motive etti ve tatilimizi çok daha keyifli hale getirdi. Böyle çalışanlar bir otelin en büyük artısıdır.
Genel olarak yine güzel bir tatil geçirdik ve umarız otel, eski yıllardaki hizmet ve kalite seviyesine yeniden ulaşır.",Google üzerinde 3 hafta önce,,,,,,,,,,https://www.google.com/travel/hotels/entity/CgsIqP3Kl9GCnvv4ARAB,
56,BOD007,Kefaluka Resort,Akyarlar,google_travel,3.0,5.0,3.0,,"Merhabalar,
11.07.2026-16.07.2026 tarihleri arasında 3 aile otelde her şey dahil konseptinde kaldık. Yaşadığımız tüm deneyimi olumlu ve olumsuz yönleriyle aşağıda yazıyorum.
Otel girişi:
Girişte herhangi bir sorun yaşamadık. Saat 12:15 sularında giriş yaptık. 20 dk içinde odamızın hazır olduğu söylendi. Yalnız burada önemli bir konu var. Biz odamızı kara manzaralı almıştık. Girişte bize bu detay paylaşılarak odamızı Deniz manzaralı odayla update edildiği söylendi. Bu güzel, ama konu şu otelde kara manzaralı oda yok! Bu bakış açısıyla Deniz manzaralı olarak satılan odalarda vardı.
Genel değerlendirme:
Oteli keşif ile geçtik. Havuzlar yeterli büyüklükte. Denizi çok güzel temiz ve soğuk. Sahili kum. Ama buradaki en önemli detay rüzgar! Ama öyle böyle rüzgar değil. Yarım saatten fazlası gerçekten rüzgar sesinden bile baş ağrısı yapıyor. Ciddi şekilde üşütüyor. Sahilde bar, ıslak kuru hamburger standı, gözleme evi ve snack bar gayet iyiydi. Bu arada denizi oldukça fazla balık var. Çocuklar bilhassa bu konuda biraz tedirgin oldular.
Otelin Aqua parkı oldukça küçük. Daha önceki tatillerimizde bu alanlarda çok fazla vakit geçirmiştik. Ama bu tatilde maalesef bu alanda çok eğlenemedik. Bir de sabah 09:00-12:00 / 15:00-18:00 saatleri arasında açık. Aynı kaykay havuzu genellikle etkinlik havuzu olarak kullanılıyor.
Yine daha önceki otellerde olan burada olmayan bir özellik de şezlonga servis yapan garsonlar. Burada yiyecek ve içeceğinizi siz alıyorsunuz. Şezlonga servis yapılmıyor.
Yiyecek ve içecekler:
Burası oldukça önemli! (En azından bizim için.) Yemek lezzeti konusunda genel olarak ortalama seviyedeydi. Ama asıl önemli sorun ızgaradaydı. İlk 2 gün bütün otel bilhassa akşam yemeğinde tek ızgarada sıra bekliyordu. Yemek saati boyunca yaklaşık 20 kişilik sıra hiç azalmıyordu. Benim gibi bir çok kişi bu sırada, duman arasında elinde tabakla yarım saat beklemez diyerek ızgaradan vazgeçiyordu.
İçecek konusunda da maalesef alkollü içeceklerle ilgili sorun vardı. Alkol kesinlikle başarısızdı. Ya tekila shot yapacaksın ki gündüz güneşin altında çok da sağlıklı değil. Ya da sadece lezzet için içeceksin. Ama normal kokteyller amatörce hazırlanıyor ve etki etmiyordu. Bunun en net şekilde şöyle anladık. 1 gün alakart restaurant hakkımız vardı. Çin mutfağını tercih ettik. Orada 2 duble şarapla havuz başında gün boyu içip de olamadığımız kadar çakır keyif olduk. Alkollerde ve hazırlanışında kesinlikle bir sorun vardı.
Bu arada Alacart Restaurant deneyimimizin bugüne kadar ki bütün otel tatillerimizin en iyisi olduğunu açık yüreklilikle söyleyebilirim. Yemeklerin lezzeti, sunumu, servis hızı,her
şey mükemmeldi. Ama İtalyan restaurantta aynısını maalesef söyleyemeyeceğim. Lezzet konusunda Çin mutfağı çok çok daha kaliteliydi.
Odalar:
Odalar genel olarak temizdi. Ancak eskiydi. Bizim odamızı yatak mobilyasının arkasından gelen kaynakla karıncalar bastı. Bütün her yer karınca doldu. Oda temizliği için resepsiyonu aradık. 20 dk sonra bir görevli hanım geldi. Elinde böcek ilacıyla. Bunu kullanırsanız çocuklarımız etkilenir mi diye sorduk. İlacın üzerindeki yazıyı okudu ve evet kusma, baş dönmesi, solunum sorunu yaratabileceği yazıyor dedi. O zaman sıkmayın tabii dedik, engelledik. Karınca olan yerleri süpürüp gitti.
Özetle, fena bir tatil değildi. Ama benzer bütçelere daha iyi tatiller yapmıştık. Tekrar tercih edeceğimi sanmıyorum. Otelin gelişime açık birçok noktası vardı. Daha da özet haliyle şöyle söyleyim; Karışık kuruyemiş seçeneklerini düşünün... Kefalula; sarı leblebili karışık kuruyemiş gibi... evet tam olarak bu!",Google üzerinde bir ay önce,,,,,,,,,,https://www.google.com/travel/hotels/entity/CgsIqP3Kl9GCnvv4ARAB,
57,BOD007,Kefaluka Resort,Akyarlar,google_travel,5.0,5.0,5.0,,"Otel fiyat performans olarak gayet iyiydi. Çalışanlar çok güler yüzlü ve ilgili özellikle akşam yemeklerinde garson arkadaşlardan Kadir, Yiğithan ve Yusuf çok ilgiliydiler. …",Tripadvisor üzerinde bir ay önce,,,,,,,,,,https://www.google.com/travel/hotels/entity/CgsIqP3Kl9GCnvv4ARAB,
58,BOD007,Kefaluka Resort,Akyarlar,google_travel,2.0,5.0,2.0,,"Otelde konaklamamızın 4. Gününden yazıyorum. Daha 3 gün daha burada konaklayacağız ama keşke hiç gelmeseydik diyebilirim. Önce iyi özelliklerini söyleyeyim deniz ve hava çok çok temiz, barmenlerin iletişimi güzel ve sabah akşam etkinlikler oldukça çeşitli.
Tüm bunlar dışında olumsuz özelliklerini detaylıca yazıyorum. Odalar eski ve yetersiz. Temizliği iyi diyebilirim ancak tüm eşyalar eski olduğu için yeterli temizlik hissini vermiyor. Dolaplar çok küçük yenilenen ürünler de oldukça sınırlı. Minibar yenilenmiyor, odaya istenen temizlikte sadece havlular değiştiriliyor ve genel bir toplama yapılıyor.
Konum aşırı rüzgarlı hatta rüzgar olmayan bir saati dahi yok, normal bir esintiden bahsetmiyorum şezlongta otururken bardaklarınızı uçuran eşyalarınız için sürekli tetikte olmanızı gerektirecek migreni olanlar için eziyet olan bir rüzgara sahip. Bundan dolayı deniz çok temiz olmasına rağmen aşırı aşırı dalgalı. Rüzgardan dolayı birinci derece yanık olursunuz ve muhtemelen anlamazsınız. Yorumlarda bununla ilgili hiçbir şey görmediğimiz için sorun yoktu eğer görseydik bizim için direkt elenecek bir oteldi. Konum olarak gerekli araştırmayı yapmadığımız için buna diyecek bir sözüm yok ama herkes bilmeli.
Havlu kartı sistemi doğru çalışmadığı için sabah 10’dan sonra havuzda öğlen 12’den sonra iskelede yer bulma ihtimaliniz yok çünkü insanlar sabahları gereğinden fazla havlu alarak 2-3 lokasyona bırakıyorlar ve böylece hiç gelmeyecek olsalar bile yer işgal ediyorlar.
Yemekler ortalama, fırın ürünleri ve bazı et ürünleri iyi ancak çeşitlilik fazla olmasına rağmen çoğu yemek lezzetsiz. Snack barlar sipariş üzerine çalışıyor ve muhtemelen çok önceden yapılmış yemekler ısıtılarak servis ediliyor. İyi ürünler ilk saatlerde tükeniyor, tatlılar çok lezzetsiz, hizmet çok yavaş ilerliyor. Omlet, fırın ve ızgarada minimum 30 dk sıra beklemeniz gerekiyor. Garsonların bazıları çok ilgili olmasına rağmen çoğunluğu iletişime kapalı.
Alkol konusu kişiye göre değişir ancak yabancı marka çeşitliliği çok az. Hiçbir ekstra beklentiniz olmasın.
Akşamları dışarıda oturup vakit geçirmek rüzgardan dolayı çok zor, birbirinizi dahi duyamıyorsunuz. Teras kısmı keyifli ancak yine çok rüzgarlı ve her yerde olduğu gibi oturma alanı çok az herkes yer kapma savaşı veriyor. Canlı müzik ve dj gibi etkiler için Moonlight Club hizmet veriyor ve yine ve yine ve yine alan çok yetersiz olduğu için yer bulmak çok zor.
Özetle, otel gereğinden fazla kapasite doldurarak hizmet vermeye çalışıyor bu yüzden çok yetersiz. Rüzgar durumu her şeyi çok zorlaştırıyor, personel yetersiz, yemekler lezzetsiz, her yer aşırı kalabalık ve yer bulmak çok zor. Burada tatil yapıp rahatlamak ve keyifli vakit geçirmek ne yazık ki mümkün değil.",Google üzerinde bir ay önce,,,,,,,,,,https://www.google.com/travel/hotels/entity/CgsIqP3Kl9GCnvv4ARAB,
59,BOD007,Kefaluka Resort,Akyarlar,google_travel,5.0,5.0,5.0,,"Kefaluka Resort’te ikinci senemizdi, geçen sene çok rahat ettiğimiz için tekrar tercih ettik. Oda temizliği çok başarılıydı, memnun kaldık. Özel gün kutlamalarını da unutmuyorlar, bu detay çok hoşumuza gitti.
Havuz başı partileri bu sene eklenmiş, keyifliydi dansçılar çok başarılıydı. Tek eleştirim müzik seçimlerinde; İngilizce yakın dönem şarkılar pek çalınmıyor, bu konu biraz değerlendirilebilir.
Genel olarak tatilimizden çok memnun ayrıldık, tekrar geleceğiz.
Sportclub bu sene inanılmaz gelişmiş, yeni dersler eklenmiş. Bir pavilion altında hamak yogası (fly yoga), pilates, tramboline, kangoo jumps(patenle) ve spinning yapabiliyorsunuz. Küçük çocuklar için de trambolin egzersizleri var.
Neredeyse her gün hamak yogaya katıldık, çok eğlenceliydi ve her gün biraz daha güçlendik. Hamak sayısı kısıtlı olduğu için sabah erkenden rezervasyon yaptırmak gerekiyor, bunu unutmayın.
Mat yoga ve pilates derslerine de katıldım. Hilal hoca ve Ece hoca çok yardımcı oluyorlar, akışları her seviyeye uygun düzenliyorlar ve biraz zorlanma fırsatı da sağlıyorlar.
Bu sene başlayan SUP yoga dersi harikaydı, denizde yoga yapmak çok eğlenceliydi. Ayrıca havuzda su topu ve zumba derslerine de katıldık. Nazmi hoca ve Sevgi Hanım’a ayrıca teşekkürler.
Sportclub ekibine teşekkürler, bu tatilin en güzel yanlarından biriydi!
Tekrar tercih edeceğiz.",Google üzerinde bir ay önce,,,,,,,,,,https://www.google.com/travel/hotels/entity/CgsIqP3Kl9GCnvv4ARAB,
60,BOD007,Kefaluka Resort,Akyarlar,google_travel,5.0,5.0,5.0,,"Odalar gayet temiz, geniş. Çalışanlar ellerinden geleni fazlasıyla yapıyor. Snack alanlarında birçok alternatif var.
Havuz çocuklar için çok iyi , ayrıca aktiviteler de güzel. deniz rüzgardan biraz rahatsız ediyor ama balıklarla yüzüyorsunuz çok keyifli.
Yemekler ortalama. Kahvaltı güzel , akşam yemeklerinde ise doyuyorsunuz ama çok lezzetli dediğim bir şey olmadı.
Yetişkinler için yapılan aktiviteler de çok keyifliydi, özellikle fly yogayı çok sevdim .",Google üzerinde 2 hafta önce,,,,,,,,,,https://www.google.com/travel/hotels/entity/CgsIqP3Kl9GCnvv4ARAB,
61,BOD007,Kefaluka Resort,Akyarlar,google_travel,5.0,5.0,5.0,,"Kefaluka Resort’ta geçirdiğimiz tatil beklentilerimizin çok üzerindeydi. Otele giriş yaptığımız ilk andan itibaren tüm personelin güler yüzü ve ilgisi kendimizi çok özel hissettirdi. Odalar temiz, ferah ve düzenliydi. Yemekler gerçekten harikaydı; hem lezzet hem de çeşitlilik açısından her öğünde birçok seçenek vardı. Tatlılar ve deniz ürünleri özellikle çok başarılıydı.
Denizi ve manzarası muhteşem. Tesis oldukça bakımlı, havuzlar temiz ve gün boyunca yapılacak birçok aktivite bulunuyor. Ailecek ya da çift olarak tatil yapmak isteyen herkese gönül rahatlığıyla tavsiye ederim. Bodrum Akyarlar’ın en güzel otellerinden biri olduğunu düşünüyorum. Biz çok memnun ayrıldık, ilk fırsatta tekrar gelmeyi planlıyoruz. Emeği geçen tüm çalışanlara teşekkür ederiz.",Google üzerinde bir ay önce,,,,,,,,,,https://www.google.com/travel/hotels/entity/CgsIqP3Kl9GCnvv4ARAB,
62,BOD007,Kefaluka Resort,Akyarlar,google_travel,1.0,5.0,1.0,,"Otele iki çift olarak geldik. Otelde 4. günümüz, 4 günümüz daha var. Gelmeden önce garip bi şekilde yorumlarda her şey çok iyiymiş gibi bir algı vardı ancak kişisel deneyimlerimiz asla bu yönde değil. Sadece oda temizliğinden, yatakların rahatlığından memnunum ve havuz başında görevli olan Gürsel beyin yardımsever tavırlarından. Bunun dışında her şey korkunç.
Yemekler çok lezzetsiz, çeşit az. Özellikle akşam yemeklerinde yiyebileceğim bir şey bulamıyorum, bulduklarım da aşırı vasat ve genel anlamda büyük bir tuz problemi var. İçerisinde tuz bulunan bir şeyi henüz tüketemedim. Et tüketmiyorum arkadaşlarımın dediğine göre etler idare edermiş. Tatlılar çok çok kötü tamamen hayal kırıklığı. Snack kısımlarında yenebilecek yemekler bulabiliyorsunuz pide ve pizza hamurları iyi. Bunun dışında yemekleri bekleyecek olursanız kesinlikle aç kalırsınız.
Odalar temiz olmasına rağmen bakımsız ve eski. Sifonu çektiğiniz zaman banyonun zemini su oluyor. Ortak alanlardaki tuvaletlerin temizliği yetersiz. Sanırım pek kontrol edilmiyor.
Otelde bileklik sistemi yok biraz güvensizlik hissi uyandırıyor. Bunun yanında 4. günümüzde sadece 1 kere havlu kartı elde edebilme şerefine nail oldum. Kart olmadığı söyleniyor. Kart olmadığı için de insanlar fazladan havlu alarak plajda ve havuzda sadece havlularla yer tutup yerleri işgal ediyorlar. Havuz kısmında Gürsel bey sayesinde oturabilme imkanı bulabiliyoruz ancak onun dışında kimse ilgili değil.
Aşırı rüzgarlı, gün içerisinde plaja gitmek bana işkence gibi geliyor. Plaj dışındaki alanlarda da rüzgar büyük bir sorun.
Etkinliklerin yetersiz olduğunu düşünüyorum, gün içerisinde daha fazla ve daha ilgi çekici aktiviteler yapılabilir. Turnuva vb. düzenlenebilir.
Fiyata bakıldığında bu hizmete asla değmeyecek bir ücreti var. Bir ay önce neredeyse bu otelin fiyatının 1/4 fiyatına bir otelde konakladık 7 gün, buradan her anlamda çok daha iyi olduğunu söyleyebilirim.
Gürsel beye çok teşekkürler, onun dışında eve gitmek için gün saydığım harika bir otel deneyimi",Google üzerinde bir ay önce,,,,,,,,,,https://www.google.com/travel/hotels/entity/CgsIqP3Kl9GCnvv4ARAB,
63,BOD007,Kefaluka Resort,Akyarlar,google_travel,5.0,5.0,5.0,,"20 haziran 25 haziran arası konakladık.Odamız temiz, ferah ve konforluydu. Temizlik ekibi her gün titizlikle ilgilendi. Otelin genel alanları da sürekli temiz tutuluyordu ve hijyen konusunda kendimizi çok rahat hissettik.
Yemekler gerçekten harikaydı. Ana restoranda her öğün çok çeşitli ve lezzetli seçenekler vardı. Tatlılar, mezeler ve ızgaralar oldukça başarılıydı. Gün içinde sunulan atıştırmalıklar ve içecekler de çok kaliteliydi. Personel her zaman güler yüzlü, ilgili ve çözüm odaklıydı. Yoğun saatlerde bile hizmet kalitesinden ödün vermediler.
Denizi tertemiz, manzarası ise muhteşemdi. Havuzlar bakımlıydı ve şezlong bulmakta zorlanmadık. Animasyon ekibi eğlenceli aktiviteler düzenliyordu ancak isteyenler için sakin ve huzurlu vakit geçirebilecek alanlar da fazlasıyla vardı.
Çocuklu aileler için de çok uygun bir otel. Çocuk aktiviteleri, havuzlar ve genel ortam sayesinde ailece keyifli bir tatil geçirdik.
Bu güzel tatilde emeği geçen tüm otel çalışanlarına teşekkür ederiz. Misafir memnuniyetine gerçekten önem veren, kaliteli hizmet sunan bir tesis. Kesinlikle tekrar tercih edeceğimiz ve gönül rahatlığıyla herkese tavsiye edebileceğimiz bir otel. Unutulmaz bir tatil yaşadık.
Ayrıca odamız balkonsuz olarak ayarlanmıştı.sigra içtiğimizi ve balkonlu oda istedğimizi ilettik önbüro müdür yardımcısı balkonlu çok güzel bir oda ayarladı.ilgilerinden dolayı teşekkür ederiz.her yaz kefalukadayız",Google üzerinde bir ay önce,,,,,,,,,,https://www.google.com/travel/hotels/entity/CgsIqP3Kl9GCnvv4ARAB,
64,BOD007,Kefaluka Resort,Akyarlar,google_travel,4.0,5.0,4.0,,"Giriş yapmadan önce yorumlarda okuduğum ""küvet kenarları küflü"" vb. olumsuz eleştiriler yüzünden biraz tedirgindim ancak odamız gayet yeterli temizlikteydi. Derzlerin yeni çekildiği belli oluyordu, mekanik hiçbir sorunla karşılaşmadık.
Yeme içme konusunda eğer çok seçici ve yüksek kalite beklentisi olan biri değilseniz otel sizi memnun edecektir. Ancak gastronomi ve malzeme kalitesi konusunda hassassanız bazı eksiklikler göze çarpıyor. Çeşit çok ama ""yapmış olmak için yapılmış"" hissi veriyor maalesef. Malzemelerin birinci sınıf olmadığı belli; zeytinler, ithal peynirler oldukça lezzetsiz, şarküteri ürünleri ise kalitesiz. Köfte ve kıymalı yemeklerde kıkırdak/sinir denk geldi. Somon füme taze kesilse de aşırı yumuşak ve tütsü kokusundan uzaktı (çiğ balık gibiydi). Sushi istasyonundaki hindistan cevizli ve kadayıflı deneysel tatlar ile şekerpare/kalburabastının sadece şekil olarak ayrışıp aynı hamurdan yapılması hayal kırıklığıydı. Tavsiyem; çeşit azaltılıp kaliteye odaklanılması.
Pişi, omlet istasyonu, Pideler ve snack bardaki Napolitan pizzalar (biraz tuzsuz olması dışında) çok lezzetliydi. Bugün çıkan portakallı ördek başarılıydı. Restorandaki kahveler zayıf olsa da girişteki Starbucks'ta taze çekirdekle yapılan kahveler gayet iyi.
Barmenler kokteyllerde her türlü özel talebi alıp harika hazırlıyorlar. Genel olarak personel son derece güler yüzlü, ilgili ve her konuda yardımcı.
Hizmet ve temizlik kalitesi için teşekkür ederiz, yemek kalitesinin de bu standartlara ulaştırılmesini umarız.",Google üzerinde 2 ay önce,,,,,,,,,,https://www.google.com/travel/hotels/entity/CgsIqP3Kl9GCnvv4ARAB,
65,BOD007,Kefaluka Resort,Akyarlar,google_travel,5.0,5.0,5.0,,"1-5 haziran arası 4 gece konaklama için geldik, ilk andan itibaren hizmetten çok memnun kaldık , odaların rahatlığı , temizliği ; yeme-içme çeşitliliği ; personellerin ilgi alakası ve kibarlığı son derece iyiydi , her akşam amfi tiyatroda etkinlik ve akabinde gece disco eğlencesi harikaydı sadece saat olarak biraz daha uzatılabilir , agora restauranta 12 den sonra her çeşit yemek hizmeti verilmesi harikaydı , animatör ekibinden Nazmi beyin ilgisi ve misafirperverliği için teşekkür ederiz, umarım tekrar konakladığımızda ekip olarak bizle birlikte olurlar , konaklamayı düşünenler için mutlaka deneyimlemelerini tavsiye ederiz
Teşekkürler Kefaluka Resort",Google üzerinde 2 ay önce,,,,,,,,,,https://www.google.com/travel/hotels/entity/CgsIqP3Kl9GCnvv4ARAB,
66,BOD007,Kefaluka Resort,Akyarlar,google_travel,4.0,5.0,4.0,,"Otel genel olarak çok temiz, düzenli fakat uzun zamandır bu konseptte bir tatil yapmamıştık bize çok yorucu ve büyük geldi :)
Personelin hepsi çok yardımcı oluyor fakat havuz başındaki Gürsel abi gerçekten inanılmaz bir insan, bir şeye ihtiyacınız varsa onu bulun.
Yemekler yeterli
Çocuklu bir tatil için genel beklentilerimizi karşıladı.
Tek olumsuz nokta inanılmaz rüzgarlı nasıl oldu anlamadık.",Google üzerinde 4 hafta önce,,,,,,,,,,https://www.google.com/travel/hotels/entity/CgsIqP3Kl9GCnvv4ARAB,
67,BOD007,Kefaluka Resort,Akyarlar,google_travel,5.0,5.0,5.0,,"Öncelikle otele ilk girişinizde sizi karşılayan mükemmel manzarayla harika bir tatil geçirmenizi dilerim:)
Zaten resepsiyonda starbucks olması çok havalı😍 Resepsiyondaki arkadaşlar çok ilgili, nazik ve misafirperver tıpkı otelin diğer çalışanları gibi🫶🏼
Ailece her yil farkli otellerde tatil yapan biri olarak ister istemez kiyaslama yaptigimda otel odalarinin maalesef demode oldugunu ve tv lerin yayin sorunu oldugunu belirtmek isterim. Banyolarda dusakabin yerine kuvet tercih edilmis ve yuksek bir kuvet olmasi herkes icin tehlikeli cocuklu ve orta yas uzeri aileler ozellikle dusakabinli oda istediklerini onceden belirtmeli. Yataklar inanilmaz rahat,klima sistemi de eski ama calisiyor. Gelelim yeme icme kismina🙂‍↔️ Restorantlar cok iyi yani yemekler asiri lezzetli ve secenek cok ne yiyeceginizi sasiriyorsunuz hergun ayni seyi gormuyorsunuz. Ancak barlar icin ayni seyi soyleyemicem😒 Otelin tam ortasinda bulunan ada barda oturmak icin gunesin gitmesini beklemek gerekiyor bu da aksami buluyor. Yani neden çardağı genişletmemişler ya da bahce semsiyelerinden yok anlamadim. Plaj çok büyük ancak plajın sonunda bir bar var yani yürüme mesafesi çok uzun olduğu için gitmeye üşenirsiniz. Gözleme evi yerine bir snack bar da sahile yapılabilirdi zaten gözlemeler maalesef lezzetsiz 🥴 Son olarak otelde diğer otellere kıyasla alkol isteyebileceğiniz bir servis elemanı yok sürekli bara gidip içeceğinizi kendiniz alıyorsunuz bu da yorucu oluyor cünkü barlar yakın değil 🥲 Otelde en sevdiğim yer lokum cafe oldu hem sakin hem modern hem de servis elemanları aşırı tatlıydı ama yiyecek olarak tatlıları çok eksik ve zayıftı yani kahve yanında yiyebileceğiniz tek lezzetli tatlı waffle olabilir onunda bir zamanı var aaa kremalı lotuslu tatlısına haksızlık etmiyim aşırı iyiydi😅 Misafir ilişkilerinden Pervinaz Hanım çok içten ve samimi diğerlerini pek sevemedim🥹 Son olarak Aqua park kısmındaki bölümde müzik var o da kolon cızırtısından baş ağrıtıyor, onun dışında otelde sadece insanların gürültüsü duyuluyor acil bir müzik sistemi eklenmeli yapılan etkinlikler bile keyifsiz geçiyor müzik olmadığında😬 Otelin en güzel yeri de cocuklar için ayrılmış o kadar güzel ki çocuk olasınız geliyor☺️ Erken uyanıp teras barda bi kahve içerseniz derin bir ohh çekip keşke hep tatil olsa diye düşüneceğiniz bir manzarada günü aydınlatacaksınız 🙂‍↕️Biz ailece geldiğimiz için tatilimiz genel olarak güzeldi en azından kaliteli yemek anlayışımı karşıladı ama bir daha geleceğimizi sanmıyorum her sene farklı otel deneyimliyoruz ama siz gidin🙃",Google üzerinde bir ay önce,,,,,,,,,,https://www.google.com/travel/hotels/entity/CgsIqP3Kl9GCnvv4ARAB,
68,BOD007,Kefaluka Resort,Akyarlar,google_travel,2.0,5.0,2.0,,"Odamiza ayni katta bulunan bacadan, sabah, ogle, aksam surekli pisen yemeklerin dumani ve kokusu geldigi icin balkonda bile oturamadik!!
Sahilde semsiyelerin metal yerleri paslanmış ve pastan dolayı çürük vaziyette. Ozellikle en üst brandayi tutan yerleri. Uzerimize surekli icinde yuva yapan orumcekler düştü. Kac semsiye degistirdik her gun daha iyisini bulmak icin. Tavsiyem havlu degisimi olan yerin onundeki ince tek serit halinde duran sezlonglari tercih etmeniz. Acilen eskiler yenilenmeli!!
Sahildeki ve havuzdaki Havlular, yıkanmış olarak veriliyor tabiiki fakat hic yıkanmamış gibi cok kötü kokuyorlar. Ayrica Islak haldeyken, kurulanmak icin üzerinize aldiginizda heryeriniz havludan gelen tuylerle kaplaniyor.
Odamiz cok bakimsizdi. Yatagimizin hemen uzerindeki kumas yatak basligi leke icindeydi. Başucumuzdaki askı abajur kırıktı. Banyoda dus jelleri boştu ve yenilenmedi. Küvet eski, çok yüksek, girip cikmasi cocuklar icin ve yaşlılar icin cok zor. Duşla değiştirilmeli. Çarşaflar 5 gun boyunca değiştirilmedi sadece duzeltildi!!
Lavaboda sürekli su birikti. Balkonda sandalyeler ve askılar toz icindeydi. Ayrica balkona çıktığınızda, yan odadaki adamla burun buruna geliyorsunuz.Iki balkon arasina privacy icin kapatici hicbir onlem alinmamis. Balkon kapisinda sineklik yok. Kapiyi hic acik birakmamamiza ragmen Iceride her gun 4-5 sivrisinek öldürdük.
Mini bar son gun , donot disturb asili olmadigi halde ogleden sonra doldurulmadi. Onceki gun ise Delik bir Pepsi tenekesi koymuşlar, odaya girdigimizde dolabin ici Pepsi gölü olmuştu kendimiz temizlemek zorunda kaldık.
Otel hep yokuş ve merdiven dolu. Yaşlılar, yurumekte zorlananlar veya engelliler icin asansör sistemi malesef dışarıda yok. İcerideki asansorler ise yetersiz, surekli dolu geliyor, yavaş ve günün her saati kuyrukta bekliyorsunuz.
Yemeklere gelirsek; Ana restoranda kirmizi et ve tatli cesitleri yetersiz. Bayramda orada olmamiza ragmen, Şerbetli tatlılar kalabalik icin yetersizdi ve bitince uzun süre yenilenmedi. Diger tatlilar cok kötüydü. Havuzdaki snack barda servis cok yavaşti ve cesit yoktu.
Gozlemeci uzerindeki Hamburgerci berbat. Sahildeki diger snack barda ise hem servis hem de yemekler cok iyi.
Şişeli içecekler ucretli. En azindan yerli ickiler siseyle verilmeli.
Kids Club saat 5te kapaniyor.
Tek iyi tarafı sahil şeridi uzunluğu..",Google üzerinde 2 ay önce düzenlendi,,,,,,,,,,https://www.google.com/travel/hotels/entity/CgsIqP3Kl9GCnvv4ARAB,
69,BOD007,Kefaluka Resort,Akyarlar,google_travel,1.0,5.0,1.0,,"15.07.2026-18.07.2026 tarihlerinde 8200 numaralı odada kaldık video yüklenmediği için maalesef yükleyemiyorum ama videodan ekran görüntüsü ve çıkarken tekrardan otel yetkilerine ilettiğimiz rezalet videoların ekran görüntüsünü ekledim. Otele giriş yaptığımız ilk gün odada ciddi bir karınca istilası tespit ettik. Bunun yanı sıra odada televizyon ve telefon çalışmamakta olup defalarca kez lobiye inip söylememizle düzeltilmiştir, 4 kişilik rezervasyonumuza rağmen odaya sadece 2 kişilik malzeme tedariki yapılmıştır yine her gün defalarca kez lobiyi aramamızla getirilmiştir. Karınca sorunun çözmek için ilk olarak odanın içindeyken ne olduğu bize belirtilmeyen ilaçlarla ilaçlama yapılması teklif edilmiş ve 'onayımız halinde tüm sorumluluğun bizde olacağı' açıkça tebliğ edilerek insan sağlığını riske atan bu yasa dışı işlemin hukuki boyutu tarafımıza yıkılmaya çalışılmıştır. Bu tehlikeli teklifi reddetmemiz üzerine otel görevlileri 5 yıldızlı bir tesise yakışmayacak şekilde soruna 'cam sil' ve bez ile müdahale etmeye çalışmıştır daha sonra yetkili kişi bizzat kendi hatası olduğunu camsil bezle odaya temizlikçi göndermemesi gerektiğini kabul etmiştir sorunun devam etmesi üzerine konaklamamızın 2. günü (saat 16:00 sularında) dışarıdan profesyonel firma getirilerek ilaçlama yapılmış, ancak bu müdahale de başarısız olmuş ve ertesi sabah eşyalarımızı tekrar karıncalar basmıştır.Hem Etstur acente yetkilisine hem de otel yönetimine durumu defalarca iletmemize rağmen makul sürede temiz bir oda tahsisi yapılmamış, taleplerimiz geçiştirilmiştir. Berbat bir deneyim yaşadık tatilimiz resmen zehir oldu paramızla rezil olduk zaten çıkarken de tekrardan gerekli şikayet dilekçesini yazdık.",Google üzerinde bir ay önce,,,,,,,,,,https://www.google.com/travel/hotels/entity/CgsIqP3Kl9GCnvv4ARAB,
70,BOD007,Kefaluka Resort,Akyarlar,google_travel,5.0,5.0,5.0,,"3 kişilik çocuklu bir aile olarak Temmuz ayında konaklama yaptık. Tesisin olanaklarından, personelinden, mutfağından, kısacası her şeyin çok memnun kaldık. Daha önce de her şey dahil ve 5 yıldızlı otellerde konaklama imkanımız olmuştu. Şunu söyleyebilirim ki burası gerçekten yıldızlarının ve gerçekten her şeyin dahil olmasının hakkını veriyor. İlk gece Anadolu Ateşi dans grubuyla şahane bi sahne gecesi düzenlendi. Hemen her gece çocuklar için çeşitli aktiviteler var. Daha sonraki gecelerde de düzenledikleri konserler, kokteyller, eğlencelerle sizi asla otel dışında bi aktivite arayacak durumda bırakmıyorlar. Tüm ihtiyaçlarınızı karşılayan tek bir çatı. Deniz gerçekten çok iyi. Klasik bodrum havası genelde öğleden sonra rüzgarlı. Fakat bu bence çok dezavantaj değil, sıcaktan kavrulmuyorsunuz. Plaj kısmında esintiden hoşlanmadığınız zaman havuz kısmında günü geçirebiliyorsunuz. Ayrıca havuzda da her gün yetişkin aktiviteleri mevcut. Biz memnun kaldık tavsiye ederiz.",Google üzerinde bir ay önce,,,,,,,,,,https://www.google.com/travel/hotels/entity/CgsIqP3Kl9GCnvv4ARAB,
71,BOD007,Kefaluka Resort,Akyarlar,google_travel,3.0,5.0,3.0,,"4 kişi ailece 3 gece 4 gün kaldık.
Otel girişi saat 3 demişlerdi biz vardığımızda saat 14 civarıydı ve yolda giderken aradık geliyoruz diye check etmek için. 11 de boşaltılan odayı 3 e kadar temizleyememek? 3 ü geçiyordu odamız teslim edilmemişti bekletilmek tatil söz konusu olduğunda can sıkıcı oluyor.
Yarın otelden ayrılıyoruz. Bence burası 4 yıldızlı olmalıymış Neden mi?
Aktiviteler her gün aynı bu sebeple sıkıyor
Gece dj perfomansı kötü yüzde 80 türk olan bir gecede türkçe şarkı çalsın diye gözüne bakarken 2026 yılında çaldığı şarkı ‘Şaşkın’ insanlara göre asla hareket etmiyor eğlendiremiyor üzgünüm.
Bir diğer asıl eksik konu servis. Havuzdan çıkıp her seferinde ıslak ıslak içecek veya başka bir şey almak benim için sıkıntı bir çok kişide bunu konuşuyordu . Sipariş almak için dolaşan garsonların olmasını beklerdim Antalyada bir çok otelde olduğu gibi.
İlk gün minibar yenilenmemişti telefonla belirtmemiz üzerine yenilendi.
5 yıldızı ve aldığı parayı 4/4 lük hakettiğini düşünmüyorum.",Google üzerinde bir ay önce,,,,,,,,,,https://www.google.com/travel/hotels/entity/CgsIqP3Kl9GCnvv4ARAB,
72,BOD007,Kefaluka Resort,Akyarlar,google_travel,4.0,5.0,4.0,,Gidip görülmesi gereken bir otel ama neden 4 yıldız verdiğimi aciklayim lobide güzel karşılama güler yüzlü çalışanlar var starbucsk olması harika(ücretsiz) otelin konumu ve otelin kıyıya yayılışı harika fotoğraflar çekmenizi sağlıyor otel odasi olarak standart oda da kaldık 2128 nolu oda köşe kaldığı için küçüktü bu konuda biraz muzdarip olduk çalışanlar yeterli sayıda barlar dışında ve asansör hariç hiç bir yerde bellemedik yemekleri muhazzam güzeldi özellikle tatlı bölümü çok otel gezdim ama burda tatlılar hem cesitliklik hemde lezzet bakımında fazlasıyla iyiydi şezlonglar çok fazla yer tutmanıza gerek yok otopark yani tam düzenlenmemiş ama o da yerterliydi çalışanlar güler yüzlü ozlellikle teras bölümüne bayıldık aktiviteler ve gece clup gün içinde olan aktiviterler gercekden otelden cikmamanizi sağlıyor biz 6 gece kaldık sıkılmadık ve biyerre gitme ihtiyacı duymadık gelelim kötü olan yanlarına sabah omlet sırası oluyor bnce bu konu hakkında duzenleme yapabilirler 1 omlet yapan değilde farklı konumlarda 2 veya 3 tane aşçı olabilir asansör yetersiz ve konuma ulasmadakta zorluk cekiyorsbuz şöyle asansosrden inince restorant veya lobi veya teras gitmek için asansörden indikden sonra belli mesafa yürüyorsunuz sabah kahvaltı ve akşam yemeği için asansörü pek kullanmadık çok yoğun oluyor genelde merdivenelri kullanmak zorunda kaldık onun dışında herşey çok güzeldi özellikle terrasdaki kezban hanıma ve restarant kismanda bize içecekleri önden getiren ismini bilmediğimiz çalışana teşekkür ederiz çok sıcak kanlı ve özverili çalışmalarından ötürü ne istersek tabi efendim diyip saolunsunlar bizi kirmadilar kefalukada tekrar teşekkür edip umarım tekrar gelip bu deneyimi tatma imkanimiz olur,Google üzerinde 3 hafta önce,,,,,,,,,,https://www.google.com/travel/hotels/entity/CgsIqP3Kl9GCnvv4ARAB,
73,BOD007,Kefaluka Resort,Akyarlar,google_travel,1.0,5.0,1.0,,"Kefaluka Resort pişmanlıktır, verdiğiniz paranın karşılığını kesinlikle alamayacağınız vasat ötesi bir işletme. Tatil mi yapmaya geldik yoksa strese girip iş hayatındaki krizleri mi yönetmeye çalışıyoruz belli değil. Bir daha asla kapısından geçmeyeceğim bir yer. Deneyimlerimi maddeler halinde aktarıyorum ki herkes neyle karşılaşacağını bilsin:
1. Hizmet ve Misafir İlişkileri Rezaleti: Otelde kesinlikle inisiyatif alabilen tek bir profesyonel yönetici veya personel yok. Güneş yanıklarım nedeniyle omuzlarımda açık yara/yanık, ayağımda ise ileri derece su toplaması/yara varken tıbbi mazeretimi belirterek fitness salonuna girdim. Canım acıdığı için tişört ve kapalı ayakkabı giyemeyeceğimi insani ve tıbbi gerekçelerle anlatmama rağmen beni spor salonundan dışarı çıkardılar.
Durumu çözmek için saatlerce uğraştım. Misafir ilişkilerinden İrem Hanım ve Gamze Hanım ile defalarca görüştüm, beni saatlerce oyalayıp olumlu tek bir dönüş yapmadılar. Ardından Misafir İlişkileri Müdürü Kenan AGHAZADE ile görüştüm, sağlık mazeretimi tamamen hiçe sayarak körü körüne yazılmış iç kuralların arkasına sığındı ve katı bir şekilde ret cevabı verdi. Kurumsal vizyondan ve kriz yönetiminden zerre kadar anlamıyorlar.
En son resepsiyondaki Mert Bey’e konuyu büyütmeden ve yorum yazmadan önce genel müdürle/üst düzey bir müdürle görüşmek istediğimi belirttim, ""Yardımcı olamıyorum"" diyerek yüzüme kestirip attı.
2. Yemek Fiyaskosu: Otelde öğle yemeği konsepti diye bir şey yok! Saat 13:30'a kadar geç kahvaltı adı altında bir şeyler sunuluyor, sonrasında öğle yemeği namına hiçbir şey bulamıyorsunuz. Çıkan yemekler ise tamamen birbirini tekrar eden, lezzetsiz ve 5 yıldızlı bir resort otel segmentine asla yakışmayan sıradanlıkta.
3. Plaj ve Deniz: Evet, plaj kısmı fiziksel olarak fena değil ancak bölge o kadar aşırı rüzgarlı ki, denizde normal ve huzurlu bir şekilde yüzmek imkansız. Sürekli dalga ve rüzgarla mücadele ediyorsunuz.
4. Altyapı ve Asansör Sorunu: Katlar arasındaki asansör sayısı otelin kapasitesine göre o kadar yetersiz ki, sıcakta dakikalarca asansör beklemek zorunda kalıyorsunuz. Dinlenmeye geldiğiniz tatilde asansör kuyruğunda yoruluyorsunuz.
Özetle; misafir ilişkilerinden resepsiyonuna kadar liyakatsiz, sağlık mazeretini bile dinlemekten aciz personellerle dolu, paranızla rezil olacağınız vasat bir otel. Tekrar gelinmesi söz konusu bile olamaz.",Google üzerinde 2 ay önce,,,,,,,,,,https://www.google.com/travel/hotels/entity/CgsIqP3Kl9GCnvv4ARAB,
74,BOD007,Kefaluka Resort,Akyarlar,google_travel,1.0,5.0,1.0,,"Nereden başlayayım bilmiyorum ama girişten itibaren berbat ötesi sıfır hizmet.Şuan otelde konaklıyoruz bütün tatilimizi berbat eden bir işletme…
1-Otelde personel yok !
2-Havuz kenarında şezlong yok sandalye üzerine havlumuzu koyduk.
3-Restaurantta içecek istedik sağolsun arkasını dönüp gitti
4-Plajda inanılmaz rüzgar var.(bu otellik bir durum değil) bilgi amaçlı.",Google üzerinde bir ay önce,,,,,,,,,,https://www.google.com/travel/hotels/entity/CgsIqP3Kl9GCnvv4ARAB,
75,BOD007,Kefaluka Resort,Akyarlar,google_travel,4.0,5.0,4.0,,Öncelikle otel güzel yemekleri harika genel hizmetide güzel kebabi ala carte restoranı hizmet lezzet gayet iyiydi. Balayı çifti olduğumuz için ilgileri çok güzeldi oda kahvaltısı da güzeldi. Lobiden oda katlarına inen sadece 2 asansör var biri otele girdiğimizde bozuktu diğeri de dönüşte bozuktu yoğunluktan valizleri yürüyerek çıkardık. WiFi kalitesi çok düşük. Havuz gayet iyiydi fakat kolteyl konusunda barmenlerin kendini geliştirmesi lazım. Deniz temiz sadece çok soğuk. Spor aktiviteleri çok keyifli hiç yapmamış biri olarak 2 gün üst üste hamak yorgasına gittim hocama çok teşekkür ediyorum.,Google üzerinde bir ay önce,,,,,,,,,,https://www.google.com/travel/hotels/entity/CgsIqP3Kl9GCnvv4ARAB,
76,BOD007,Kefaluka Resort,Akyarlar,google_travel,5.0,5.0,5.0,,"Geçen sene geldiğimiz ve beğendiğimiz bir oteldi, yine geldik Nazmi beyi tekrar burada görmekten memnuniyet duyduk, iletişim konusunda misafir ilişkileri zayıf, animasyon ekibi her yerde bütün soruları cevaplıyor ama misafir ilişkilerinden kimseyi göremedik, yemekler biraz daha güzel olabilir, etkinlikler yenilenmiş partileri çok beğendik gece diskosu harika. Tavsiye ederiz",Google üzerinde 2 hafta önce,,,,,,,,,,https://www.google.com/travel/hotels/entity/CgsIqP3Kl9GCnvv4ARAB,
77,BOD007,Kefaluka Resort,Akyarlar,google_travel,4.0,5.0,4.0,,"Kurban bayramında otelde konakladık öncelikle otelin genel olarak mennun kaldık temizlik, oda yemek fiyat performanstı ancak yaşadığımız bir sıkıntı oldu kızımın midesi bulanıyordu kramplar giriyordu doktora gitmek istedik ancak doktor yok dendi tamam dedik mecburen Acıbadem’e gittik. Döndüğümüzde ise doktor olmamasından dolayı lobide tekrardan durumu ilettik bizi misafir ilişkilerine bakan Kenan beyle görüştürdüler ama işler orda daha sarpa sardı iletişimi o kadar kötüydü ki neredeyse doktorun yok olmasından dolayı biz suçluyuz gibi bir tavır vardı. Doktorun kesinlikle otelde iddaa etti ancak yoktu acil durumlarda müdahale ettiğini doktorun zaten bize mide konusunda yardımcı olamayacağını söyledi bizde ona inatla acil bir durum olsa da ulaşamayacağımızı anlatmaya çalıştık ama asla anladığını düşünmüyorum tavrı çok çirkindi. Bütün bunların yanında genel olarak mennun kaldık özellikle animasyon ekibinden Nazmi bey bizimle çok ilgilendi. Ona ayrıca teşekkür ederiz",Google üzerinde bir ay önce,,,,,,,,,,https://www.google.com/travel/hotels/entity/CgsIqP3Kl9GCnvv4ARAB,
78,BOD007,Kefaluka Resort,Akyarlar,google_travel,5.0,5.0,5.0,,"Bu otelde ilk deneyimimi ve çok memnun kaldık . Ve otelden çok memnunuz . Otelin animasyon ekibine çok teşekkür ederiz. Ve bu otel tam bir çocuklu otel ve Kids Club çok iyi . Orada ki arkadaşlar çok iyi hepsi işini çok iyi yapıyor . . Otelin eğlence ekibi çok iyiler ve hepsi güleryüzlü onlardan sevgi. Ege , nazmi beye çok teşekkür ederiz . İyi tatilimizi oldu 😂💜",Google üzerinde 2 ay önce,,,,,,,,,,https://www.google.com/travel/hotels/entity/CgsIqP3Kl9GCnvv4ARAB,
79,BOD007,Kefaluka Resort,Akyarlar,google_travel,3.0,5.0,3.0,,"Kefaluka Resort’ta genel olarak keyifli bir tatil geçirdik. Otelin konumu ve manzarası gerçekten muhteşem. Ancak otel çok fazla rüzgâr alıyor. Bu nedenle denizde vakit geçirmek ve sahilde güneşlenmek oldukça zor olabiliyor. Hatta havuz kenarında bile, özellikle çocuklar havuzdan çıktıktan sonra üşüyebiliyor.
Odalar ise oldukça eski ve yıpranmış durumda. Konforun artırılması için kapsamlı bir yenileme yapılmasının gerekli olduğunu düşünüyorum.
Yemekler genel olarak lezzetli ve çeşit açısından yeterliydi. Sadece ilk gün ızgara bölümünde köfte alabilmek için yaklaşık 20 dakika beklemek zorunda kaldım. A la carte restoranlardan İtalyan restoranı beklentimin altında ve oldukça sıradandı. Buna karşılık Çin restoranına hayran kaldık; hem lezzet hem de sunum açısından çok başarılıydı.
Çalışanlar ise güler yüzlü, ilgili ve misafir memnuniyeti için ellerinden gelenin en iyisini yapmaya çalışıyorlar. Personelin yaklaşımı, otelle ilgili en beğendiğimiz noktalardan biri oldu.",Google üzerinde bir ay önce,,,,,,,,,,https://www.google.com/travel/hotels/entity/CgsIqP3Kl9GCnvv4ARAB,
80,BOD007,Kefaluka Resort,Akyarlar,google_travel,5.0,5.0,5.0,,"Kefaluka harika bir otel çok beğendik özellikle Kids clupteki etkinlikleri sabırsızlıkla bekliyorduk oğlumla çok eglencelı etkinlikler yapıldı. Oradaki ablalar Fatma, Büşra ve kader çok ilgili ve güler yüzlüydü. Animasyon ekibi harikaydı bütün etkinliklere davet ediyorlardı çok ilgilendiler bizlerle tesekkürler kefaluka.. Bi de oda sorumlusu esra sakine ilgilendiği için tesekkur ederız. Tesekkurler kefaluka..",Google üzerinde 4 hafta önce,,,,,,,,,,https://www.google.com/travel/hotels/entity/CgsIqP3Kl9GCnvv4ARAB,
81,BOD007,Kefaluka Resort,Akyarlar,google_travel,5.0,5.0,5.0,,"Animasyon ekibi çok iyi, zaten sürekli geldiğimiz bir otel Nazmi beyi bu sene de gördüğümüze çok sevdik kendisinin güleryüzlülüğü ve hoş sohbeti için teşekkür ederiz, voleybolu hergün çok güzel yöentiyor ,akşam etkinlikleri eğlenceli disko güzel. Tavsiye ederiz",Google üzerinde 3 hafta önce,,,,,,,,,,https://www.google.com/travel/hotels/entity/CgsIqP3Kl9GCnvv4ARAB,
82,BOD007,Kefaluka Resort,Akyarlar,google_travel,5.0,5.0,5.0,,"Otele yıllardır geliyorum animasyon ekibi harika İsmail beye burdan teşekkürlerimi iletiyorum.Akşam şovları, konserler, pink party her şey mükemmeldi. Havuzbaşında animasyon ekibi her aktiviteyle yanımızda tatilimizi güzelleştiriyor. Sevgi hanım balo beye ilgilerine teşekkür ederim. Spor alanı harika ve aktiviteler tüm gün dolu dolu. Ece hocamla Kangoo jumps, fly yoga, yoga gibi aktivitelere katıldık. Hocama ilgisi ve güler yüzü için teşekkür ediyorum.",Google üzerinde 2 ay önce,,,,,,,,,,https://www.google.com/travel/hotels/entity/CgsIqP3Kl9GCnvv4ARAB,
83,BOD007,Kefaluka Resort,Akyarlar,google_travel,5.0,5.0,5.0,,"Guzelliklerini saymaya useniyorum :) oyle guzel hemen her sey. Starbucks daha uzun sure acik olsa, kahveleri nescafe olmasa, odalari restore edilse asiri harika olurdu. Ferahlatan bazen ucuran bir ruzgar var, ucmak istemeyen iskelenin ucundan yer tutmasin:) harika genis kocaman manzara, buyuleyici deniz, harika mutfak.",Google üzerinde 3 hafta önce,,,,,,,,,,https://www.google.com/travel/hotels/entity/CgsIqP3Kl9GCnvv4ARAB,
84,BOD007,Kefaluka Resort,Akyarlar,google_travel,5.0,5.0,5.0,,Çocuklu tatil için kesinlikle öneririm. Zuzu park ablamız fatma hanım o kadar içten o kadar samimi o kadar iyi ki normalde yanımızdan ayrılmayan bizsiz hiç bir şey yapmayan çocuğumuz resmen bizi unuttu. Tatil keyfimizi arşa çıkardı resmen. Fatma hanımın ilgisi sevgisi sonsuz ve muhteşem enerjisi için bile tekrar tekrar tercih edilebilir. Geri kalan her şeyi unutun. Tek başına fatma hanım yeter oteli tercih etmeye. Çocuğu ebeveynleri olmadan hiç bişey yapmayan aileler bizi çok iyi anlamıştır.,Google üzerinde 2 ay önce,,,,,,,,,,https://www.google.com/travel/hotels/entity/CgsIqP3Kl9GCnvv4ARAB,
85,BOD007,Kefaluka Resort,Akyarlar,trip,8.0,10.0,4.0,,Black Diamond,"Posted July 1, 2026",,Couple,,Show More,,,,,,https://www.trip.com/hotels/bodrum-hotel-detail-9894522/kefaluka-resort-ultra-all-inclusive/,
86,BOD007,Kefaluka Resort,Akyarlar,trip,8.0,10.0,4.0,,"The steep incline makes getting to the beach very difficult, and using a stroller is a huge hassle. The food is bland. The elevators within the hotel are also very insufficient.","Posted July 1, 2026",Stayed in June 2026,Couple,Family Room,Türkiye (Turkey),,,,,,https://www.trip.com/hotels/bodrum-hotel-detail-9894522/kefaluka-resort-ultra-all-inclusive/,
87,BOD007,Kefaluka Resort,Akyarlar,trip,8.5,10.0,4.25,,"＞ This hotel offers several great features, including a large outdoor pool and a pool with fun water slides and convenient beach access. The compact layout makes it easy to access all facilities. We also appreciated the friendly personnel and enjoyed the evening shows. ＞ However, there are a few drawbacks to note. The variety of food offered was somewhat limited, and our room felt rather average. Additionally, the elevator wait times were often long. Given the hotel's location on a hill, using the elevator is frequently necessary, which made this wait particularly noticeable. Overall: Despite these minor downsides, I would still recommend this hotel and would happily return for another stay.","Posted July 26, 2025",Stayed in July 2025,Family,Family Room,China,,,,,,https://www.trip.com/hotels/bodrum-hotel-detail-9894522/kefaluka-resort-ultra-all-inclusive/,
88,BOD007,Kefaluka Resort,Akyarlar,trip,7.0,10.0,3.5,,"I think they'll be better next season. There were some shortcomings; they weren't prepared enough. Overall, it wasn't bad.","Posted May 29, 2026",Stayed in May 2026,Family,Junior Suite,Türkiye (Turkey),,,,,,https://www.trip.com/hotels/bodrum-hotel-detail-9894522/kefaluka-resort-ultra-all-inclusive/,
89,BOD007,Kefaluka Resort,Akyarlar,trip,10.0,10.0,5.0,,"The hotel is perfect for a holiday with children. There are water slides, a children's playground, a children's club for children. The hotel grounds are beautiful and well-kept. The rooms are fully consistent with the description, no complaints. The sea view from the room on the 8th floor is stunning. Food and drinks are available around the clock, there are many snack bars on the territory. I would like to note the wonderful selection of fruits. The beach has stunning light sand. The water is magnificent, but refreshing and the beach is quite windy.","Posted June 13, 2025",Stayed in June 2025,Family,Standard Room,,,,,,,https://www.trip.com/hotels/bodrum-hotel-detail-9894522/kefaluka-resort-ultra-all-inclusive/,
90,BOD007,Kefaluka Resort,Akyarlar,trip,9.2,10.0,4.6,,"A good choice for friends to travel, all inclusive is cost-effective, recommended","Posted July 22, 2025",Stayed in May 2025,Traveling with friends,Standard Room,China,,,,,,https://www.trip.com/hotels/bodrum-hotel-detail-9894522/kefaluka-resort-ultra-all-inclusive/,
91,BOD007,Kefaluka Resort,Akyarlar,trip,10.0,10.0,5.0,,The elevator was a little busy but other than that everything was great. We definitely recommend it.,"Posted August 10, 2025",Stayed in August 2025,Family,Deluxe Double Room,Türkiye (Turkey),,,,,,https://www.trip.com/hotels/bodrum-hotel-detail-9894522/kefaluka-resort-ultra-all-inclusive/,
92,BOD007,Kefaluka Resort,Akyarlar,trip,10.0,10.0,5.0,,"There was only a problem with the cooling of the room. Everything else was perfect. The supermarket prices inside the hotel were ridiculous. Also, Tekel was selling cigarettes with a bandroll for almost twice the price. The hotel was perfect. 👍🏻","Posted June 18, 2025",Stayed in June 2025,Family,Deluxe Double Room,Türkiye (Turkey),,,,,,https://www.trip.com/hotels/bodrum-hotel-detail-9894522/kefaluka-resort-ultra-all-inclusive/,
93,BOD007,Kefaluka Resort,Akyarlar,trip,3.0,10.0,1.5,,"Hello, the service is unfortunately very poor A welcome that would scare away customers and meals that speak for themselves In short, AVOID","Posted August 19, 2024",Stayed in August 2024,Family,Junior Suite,France,,,,,,https://www.trip.com/hotels/bodrum-hotel-detail-9894522/kefaluka-resort-ultra-all-inclusive/,
94,BOD007,Kefaluka Resort,Akyarlar,trip,10.0,10.0,5.0,,"Great hotel, great service! Incredible views, staff responds to all requests. Food is beyond praise, thanks to the chef and staff!","Posted August 18, 2024",Stayed in June 2024,Couple,Standard Room,Russia,,,,,,https://www.trip.com/hotels/bodrum-hotel-detail-9894522/kefaluka-resort-ultra-all-inclusive/,
95,BOD007,Kefaluka Resort,Akyarlar,trip,10.0,10.0,5.0,,"The hotel is good, the staff is polite. The child liked it","Posted April 27, 2024",Stayed in April 2024,Family,Standard Room,Türkiye (Turkey),,,,,,https://www.trip.com/hotels/bodrum-hotel-detail-9894522/kefaluka-resort-ultra-all-inclusive/,
96,BOD008,LA BREZZA SUITE &HOTEL,Akyarlar,google_travel,5.0,5.0,5.0,,"10 günlük tatilimizin 9 gününü burada geçirdik. İlk gece kaldığımız yer başka bir oteldi ve çok kötüydü. Ertesi gün tesadüfen bulduğumuz bu otele yerleşmemizde en büyük etken işletme yöneticisi Oğuzhan Bey ile birlikte Samet Bey ve değerli ekibi oldu. Farklı bir oteldeki kötü bir deneyim sonrası acilen oda ararken kendileriyle yolumuz kesişti ve rahat edebilmemiz için ellerindeki tüm imkanları bize sundular. Oda kahvaltı olarak hizmet veren otelin kahvaltısı da, gösterişten uzak ama lezzetli ve geleneksel Türk kahvaltısı olarak sunuluyor. Talep etmenize gerek olmadan her gün oda temizliği yapılıyor. Otelin havuzu ise gün içerisinde genellikle boş oluyor ve plaja gitmeyeceğiniz günler için sessiz ve sakin bir alternatif oluyor. Tüm çalışanlar oldukça güler yüzlü ve mutlu görünüyorlar.Akyarlar’a tekrar gidersek adresimiz belli, her şey için tekrar çok teşekkürler.",Google üzerinde bir ay önce,,,,,,,,,,https://www.google.com/travel/hotels/entity/ChoIuoenmK7E3fPtARoNL2cvMTFwNWxtMV9jcBAB,
97,BOD008,LA BREZZA SUITE &HOTEL,Akyarlar,google_travel,5.0,5.0,5.0,,Otele yer olup olmadığını sorup yer ayırtmadan geldik.ilk girdiğimiz andan itibaren çok sıcak karşılandık.yerimizi ayırtmadan odayı gördük sahile gidip baktık herşey çok güzel olunca odamızı tuttuk. Kaldığımız oda güzel bakımlı bir oda. Otel sadece kahvaltı konseptli.Açık büfe kahvaltıdaki her ürün çok lezzetli. Çok güzel bir kahvaltı yapabiliyorsunuz.benim gibi kahvaltıya önem verenler hiç tereddüt etmesin.havuzu yeterli güzel.denize yürüme mesafede.çocuklu aileler için çok güzel.Geldiğinizde kendinizi evinizde hissediyorsunuz o kadar rahat. Otel sahibi Oğuzhan bey ve Samet Bey tüm müşterilerle o kadar ilgililer ki özel olarak herkese ihtiyaçlarının olup olmadığını yardımcı olabilecekleri bir konunun olup olmadığını soruyorlar.Tüm çalışan arkadaşlar hepsi güler yüzlü yardımcı olmaya çalışıyor.son akşamımız yarın nasipse ayrılacağız. Seneye hiç tereddüt etmeden tercih edebileceğim bir otel olması çok guzel.,Google üzerinde 3 hafta önce,,,,,,,,,,https://www.google.com/travel/hotels/entity/ChoIuoenmK7E3fPtARoNL2cvMTFwNWxtMV9jcBAB,
98,BOD008,LA BREZZA SUITE &HOTEL,Akyarlar,google_travel,5.0,5.0,5.0,,Kesinlikle çok güzel bir butik otel temizlik benım için çok önemli bir detaydı Kesınlıkle 10 üstünden 10 verdim o yüzden birdahaki sefere kesın gelecegım bir mekan güler yüzlü personeller müdürler aşırı ilgililer ve kahvaltısı için bile …,Tripadvisor üzerinde 2 ay önce,,,,,,,,,,https://www.google.com/travel/hotels/entity/ChoIuoenmK7E3fPtARoNL2cvMTFwNWxtMV9jcBAB,
99,BOD008,LA BREZZA SUITE &HOTEL,Akyarlar,google_travel,5.0,5.0,5.0,,Biz bir arkadaşımızın düğün yerine yakın olması sebebiyle tercih ettik. Otel yakın zamanda yenilenmiş. Odaları ve genel olarak otel çok temizdi. Ayrıca havuzu ve ortak alanlar da temiz ve bakımlıydı. Çalışanlar çok ilgili ve güler yüzlüydüler. Hepsine çok teşekkür ediyorum. Otel fiyat/performans olarak bizi çok memnun etti. Akyarlar bölgesine bir daha gidersek mutlaka kalacağız. Sabah kahvaltıları da çok güzeldi. Tavsiye ediyorum.,Google üzerinde 2 ay önce,,,,,,,,,,https://www.google.com/travel/hotels/entity/ChoIuoenmK7E3fPtARoNL2cvMTFwNWxtMV9jcBAB,
100,BOD008,LA BREZZA SUITE &HOTEL,Akyarlar,google_travel,5.0,5.0,5.0,,"Öncelikle Oğuzhan Bey , Samet Bey ve tüm çalışanlara 10 günlük tatilimiz boyunca ailemize gösterdikleri ilgi ve alaka için teşekkür ederim. Odalar olsun kahvaltı olsun otel herşeyiyle mükemmeldi tekrardan tercih edebileceğimiz bir oteldi herkese tavsiye ediyorum.",Google üzerinde 4 hafta önce,,,,,,,,,,https://www.google.com/travel/hotels/entity/ChoIuoenmK7E3fPtARoNL2cvMTFwNWxtMV9jcBAB,
101,BOD008,LA BREZZA SUITE &HOTEL,Akyarlar,google_travel,5.0,5.0,5.0,,"Aradığım sessizlik ve Huzurdu🥰Otel konumu ve rahatlığıyla bunu fazlasıyla sağladı👍otel müdürü oğuzhan bey;neşeniz enerjiniz daim olsun🙏Ekibi de son derece saygılı,samimi elemanlardı🥰Eylül gibi nasipse tekrar konaklamayı düşünüyoruz ☺️
Tatil düşünen herkese şiddetle tavsiye ediyorum 🥰",Google üzerinde bir ay önce,,,,,,,,,,https://www.google.com/travel/hotels/entity/ChoIuoenmK7E3fPtARoNL2cvMTFwNWxtMV9jcBAB,
102,BOD008,LA BREZZA SUITE &HOTEL,Akyarlar,google_travel,5.0,5.0,5.0,,"Oğuzhan bey çok ilgili ve alakalı biriydi. Hiçbir sorun yaşamadan tatilimizi yaptık. Kahvaltı, temizlik, personel ilgisi çok iyiydi. Odalar temiz ve kullanışlıydı. Çok memnun kaldık. Seneye tekrar tercih sebebim olacaktır.",Google üzerinde bir ay önce,,,,,,,,,,https://www.google.com/travel/hotels/entity/ChoIuoenmK7E3fPtARoNL2cvMTFwNWxtMV9jcBAB,
103,BOD008,LA BREZZA SUITE &HOTEL,Akyarlar,google_travel,5.0,5.0,5.0,,3 gece kaldığım otelden çok memnun olarak ayrıldık. Odaları tertemiz kahvaltı hizmeti gayet yeterli kaliteli. Her şeyden önemlisi Oğuzhan bey ve Samet bey çok kibar ilgili teşekkür ediyoruz.,Google üzerinde bir ay önce,,,,,,,,,,https://www.google.com/travel/hotels/entity/ChoIuoenmK7E3fPtARoNL2cvMTFwNWxtMV9jcBAB,
104,BOD008,LA BREZZA SUITE &HOTEL,Akyarlar,google_travel,5.0,5.0,5.0,,Oğuzhan Bey ve ekibinde ilgisinden dolayı çok teşekkür ederim çalışanından temizlik personeline mutfak şefine kadar tüm personel güler yüzlü ve ilgili belliki herkes işini çok severek hakkıyla yapıyor ve burdan işletme sahibinede çok teşekkür etmek isterim demekki personellerın ıhtıyacları tam anlamıyla karsılıgını buluyor genelde ısletmelerde çalışan arkadaslarımız cok mutsuz ve ılgısız olurlar bu ısletmede tam tersı temizlik tam anlamıyla evınızde gıbı hıssedıyorsunuz kahavltısıda acık büfe evımızde yediğimiz kahvaltılarımız gibi +arasıcaklar gayet güzeldi eksik bir sey varmı dıye sureklı sorulup memnıyetınız sağlanıyor tekrar gelırsem kalacagım butık otellerden bırı havuzu gayet yeterli otel konsepti fotograf çekimi için harika düşünülmüş pembe çıçeklerle kaplı heryer :),Google üzerinde bir ay önce,,,,,,,,,,https://www.google.com/travel/hotels/entity/ChoIuoenmK7E3fPtARoNL2cvMTFwNWxtMV9jcBAB,
105,BOD008,LA BREZZA SUITE &HOTEL,Akyarlar,google_travel,5.0,5.0,5.0,,Eşimle beraber 3 gece bu otelde konakladık.Otele ayak bastığımızdan itibaren oğuzhan beyin ilgi ve alakası bizi çok memnun etti.Kahvaltısı gayet doyurucu ve lezzetliydi.Odalar da gayet güzel ve her gün ayrı bir titizlikle temizlendi.Konum olarak plaja yürüme 5dk ve bodrumun bence en güzel denizi akyarlar.,Google üzerinde bir ay önce,,,,,,,,,,https://www.google.com/travel/hotels/entity/ChoIuoenmK7E3fPtARoNL2cvMTFwNWxtMV9jcBAB,
106,BOD008,LA BREZZA SUITE &HOTEL,Akyarlar,google_travel,5.0,5.0,5.0,,"Çok otelde konakladım ama böyle ilgi görmedim. İnanılmaz güzel bir deneyimdi, fiyat olarakta çok çok ekonomikti şiddetle tavsiye ederim. Oğuzhan Bey e ekstra teşekkür ederiz",Google üzerinde bir ay önce,,,,,,,,,,https://www.google.com/travel/hotels/entity/ChoIuoenmK7E3fPtARoNL2cvMTFwNWxtMV9jcBAB,
107,BOD008,LA BREZZA SUITE &HOTEL,Akyarlar,google_travel,5.0,5.0,5.0,,"Kesinlikle tavsiye ediyorum. Odaları temiz, kahvaltısı çok güzel, ilgi alaka hepsinden güzel. Özellikle Oğuzhan Bey çok ilgili. Gönül rahatlığıyla kalabilceğiniz harika bir otel.",Google üzerinde bir ay önce,,,,,,,,,,https://www.google.com/travel/hotels/entity/ChoIuoenmK7E3fPtARoNL2cvMTFwNWxtMV9jcBAB,
108,BOD008,LA BREZZA SUITE &HOTEL,Akyarlar,google_travel,5.0,5.0,5.0,,"Otelden çok memnun kaldık sessiz sakin,odalar yeni temiz ferah, parıltı beach 4 dk yürüme mesafesinde karaincir plajı mavi bayraklı bodrumun en güzel plajı.kahvaltısı lezzetli ve yeterli otel müdürü Oğuzhan Bey çok ilgili güler yüzlü çalışanlar herkonuda çok yardımcı oldular seneyede kesinlikle tercih ederim.",Google üzerinde bir ay önce,,,,,,,,,,https://www.google.com/travel/hotels/entity/ChoIuoenmK7E3fPtARoNL2cvMTFwNWxtMV9jcBAB,
109,BOD008,LA BREZZA SUITE &HOTEL,Akyarlar,google_travel,5.0,5.0,5.0,,"Akyarlarda karaincir koyuna yakın çok nezih bir aile oteli.İkinciye geldik çok memnun kaldık.Açık büfe kahvaltısı,temiz odaları,güler yüzlü personeli ile çok güzel bir tatil geçirdik.
Oğuzhan bey ve Samet beye ilgilerinden dolayı teşekkür ederiz",Google üzerinde bir ay önce,,,,,,,,,,https://www.google.com/travel/hotels/entity/ChoIuoenmK7E3fPtARoNL2cvMTFwNWxtMV9jcBAB,
110,BOD008,LA BREZZA SUITE &HOTEL,Akyarlar,google_travel,5.0,5.0,5.0,,"3 gün kaldık. Personelin yakın ilgisi,havuzunun olması,temizliği bizi memnun etti.",Google üzerinde bir ay önce,,,,,,,,,,https://www.google.com/travel/hotels/entity/ChoIuoenmK7E3fPtARoNL2cvMTFwNWxtMV9jcBAB,
111,BOD008,LA BREZZA SUITE &HOTEL,Akyarlar,google_travel,5.0,5.0,5.0,,Her konuda ilgili guleryuzlu ve yardımcı oldular. Aşırı memnun kaldık otelden.kendimizi evimizde hissettirdiler.daha plaja gitmeden oradaki çalışan elemanlarına yerimizi hazır ettiriyorlardi. O derece ilgililer. Kaldigimiz odada iki tane klima vardı.Çocuklu aileler için plaj çok uygun ve deniz sığ .otelin iki havuzu var.biri 50 cm diğeri 140 cm derinlikte. Herkese tavsiye ederim.,Google üzerinde bir yıl önce,,,,,,,,,,https://www.google.com/travel/hotels/entity/ChoIuoenmK7E3fPtARoNL2cvMTFwNWxtMV9jcBAB,
112,BOD008,LA BREZZA SUITE &HOTEL,Akyarlar,google_travel,5.0,5.0,5.0,,"03.07.2025 tarihinde Bodrum’da planladığım tatilin başında Turgutreis’te bulunan otelden maalesef hiç memnun kalmadım ve otel odasına yerleşmeden önce ayrıldım. Neyse ki bir tanıdığımın tavsiyesiyle La Brezza Otel ile tanışma şansı buldum ve bu sayede tatilim çok güzel geçti. Otelin yöneticisi Tuğba Hanım, bize sanki uzun zamandır tanışıyormuşuz gibi sıcak ve içten bir şekilde yaklaştı. Ben ve kız arkadaşlarıma hemen konforlu hemde tertemiz bir oda ayarladı.
Tatil boyunca bize hem Bodrum’un en güzel mekanlarını önerdi hem de samimi sohbetiyle tatilimizi daha da keyifli hale getirdi. Otelin genel atmosferi zaten son derece huzurlu ve güven vericiydi. İşletmenin bir aile tarafından yönetiliyor olması da hizmet kalitesine doğrudan yansıyor.
Güler yüzlü ve ilgili personel, hijyen konusundaki titizlik, sakin ve doğayla iç içe konumdaydı. Daha önce Bodrum’a birçok kez gelmiştim ama Akyarlar’daki bu otel artık benim için vazgeçilmez bir adres oldu.
Kız kıza çıkılan tatillerde en çok ihtiyaç duyulan şeylerden biri güven ve rahatlık; La Brezza Otel bize bu hissi fazlasıyla verdi. Bundan sonra Bodrum planlarımın değişmeyen noktası burası olacak. Tuğba Hanım başta olmak üzere tüm ekibe içten teşekkür ediyorum.",Google üzerinde bir yıl önce,,,,,,,,,,https://www.google.com/travel/hotels/entity/ChoIuoenmK7E3fPtARoNL2cvMTFwNWxtMV9jcBAB,
113,BOD008,LA BREZZA SUITE &HOTEL,Akyarlar,google_travel,5.0,5.0,5.0,,"5 gece konakladigimiz bir otel. Oda kahvaltı.
Odalar ve genel görünüm eski ve tadilata ihtiyacı var. Ancak konumu manzarasi çok güzel ve temiz bir otel. Tadilat ile elden geçse muhteşem bir yer olur. Bahçesi ve özellikle plajdaki atıl bir alan var. Neden değerlendirilmemis anlaşılır değil.
Kahvaltı çok lezzetli. Serpme kahvaltı ama ben tek indigim icin tabağimahazırlattım. (Masadaki az goruntu sizi şaşırtmasin. Oldukça dolu ve lezzetli kahvaltısi var)
Odalar temiz, manzara harika. Havuzu küçük ama 4 dakika yürüme mesafesinde anlaşmalı plaj var.(Karaincir plajinda) Biz gittiğimizde bom boştu ve sadece otel için ayrıldığı için dışardan kimse gelmedi. Karaincir plajı harika. Temiz ve berrak suyu var. Denizin altı kum, rahatsız edici yosun ya da taş yok
Genel olarak konaklamak için sessiz ve temiz bir otel. Gece dışarıda yediğimiz için akşam yemekleri hakkında yorum yapamayacağım ancak ilk geldiğimiz gün havuz başında hamburger ve tost yedik oldukça lezzetli idi
Çalışanlar güler yüzlü ve ilgililer.
Bodrum merkeze 45 dakika uzaklıkta. Genel olarak memnun Tavsiye ederim",Google üzerinde bir yıl önce,,,,,,,,,,https://www.google.com/travel/hotels/entity/ChoIuoenmK7E3fPtARoNL2cvMTFwNWxtMV9jcBAB,
114,BOD008,LA BREZZA SUITE &HOTEL,Akyarlar,google_travel,5.0,5.0,5.0,,"Her şey çok güzeldi, oda, kahvaltı, havuz, çalışanların ilgisi… Biz çok memnun kaldık, otel müdürü Tuğba Hanım’a da ayrıca teşekkür ederiz. Öncelikle otelin hayvansever olması çok güzel, 5 günlük tatilimiz boyunca bize otelin köpeği Çapkın ve bir sürü yavru kedi eşlik etti. Odalar temizdi, yemekler çok güzeldi. Otelin denize yakın olması ve kendi beachlerinin olması da ayrı bir avantajdı. Otele çok yakın bir sürü market ve eczane olması da çok iyi.
Her şey için tekrar teşekkür ederiz, daha sonraki tatillerimde kesinlikle tekrar geleceğim bir yer ☺️",Google üzerinde 11 ay önce,,,,,,,,,,https://www.google.com/travel/hotels/entity/ChoIuoenmK7E3fPtARoNL2cvMTFwNWxtMV9jcBAB,
115,BOD008,LA BREZZA SUITE &HOTEL,Akyarlar,google_travel,5.0,5.0,5.0,,"Oldukça şeker bir otel. Kendi otoparkı var. Personel çok kibar ve ilgili. Sahilde kendi yeri olması çok iyi, yürüyerek rahatlıkla gidebilirsiniz. Denizi MÜKEMMEL, kendimizi kaybettik. Yürünemiyorsa arabayla da 2 dakikada gidilebilir, araba için de park yeri vardı. Kahvaltı gayet yeterli.
Tek sorunumuz zemin kattaki odaların çok ses geçirmesiydi, havuz başında herhangi bir konuşma odanın içindeydi.
Akyarlar olarak da yorum yapayım, denizi mükemmel ve gün içinde çok sakin. Akşam oturmak için çok bir yer yok gibi geldi bize, farklı yerlere gittik.",Google üzerinde bir yıl önce,,,,,,,,,,https://www.google.com/travel/hotels/entity/ChoIuoenmK7E3fPtARoNL2cvMTFwNWxtMV9jcBAB,
116,BOD010,Mare Garden Hotel,Akyarlar,trip,8.0,10.0,4.0,,What guests say,"Posted August 14, 2024",,,,Show More,,,,,,https://us.trip.com/hotels/bodrum-hotel-detail-60107472/mare-garden-hotel/,
117,BOD010,Mare Garden Hotel,Akyarlar,trip,8.0,10.0,4.0,,"Otel konum olarak iyi. Plaja yakın, havuzu yeterli. Karaincir koyundaki plaj otele yürüme mesafesinde. Denizi güzel. Odalar hayvan dostu bir otele göre temiz. Tek sıkıntı odaya çıkan merdivenler. Bizim odamız 3.katta olduğu için zorlandık açıkcası. Sağlık probleminiz varsa alt katları tercih edin. Otelde geliştirilmesi gereken kahvaltı, akşam yemeği ve plajdaki servis hizmeti. Kahvaltısı çok fazla beklentiniz yoksa idare eder ancak akşam yemeği maalesef yetersiz. Çorba, ana yemek ve 4 çeşit mezeden oluşan set servis tek bir menü çıkarıyorlar. Seçenek olmaması bir yana yemekler kötü. Sabah kahvaltısı saat 8-10 akşam yemeği akşam saat 20-22 arası. Onun haricinde gün içinde otelde çay bile yok. Plajda içecek patates kızartması söyledik bir saatte geldi. Neyseki otelin yanında migros var oradan birşeyler alabiliyorsunuz. Ancak onu da odanızda yemeniz gerekiyor. Otelin yemek bölümündeki masalarında yerseniz Ateş Hanım kızıyor. :)) Onun dışında otel çalışanları ve Tolga bey ***et iyi, güleryüzlüler. Ancak üzülerek belirtmeliyim ki bu oteli tekrar tercih etmem.","Posted August 14, 2024",Stayed in August 2024,,,,,,,,,https://us.trip.com/hotels/bodrum-hotel-detail-60107472/mare-garden-hotel/,
118,BOD011,"Radisson Collection Hotel, Bodrum",Akyarlar,trip,10.0,10.0,5.0,,Killian Killian,"Posted February 17, 2026",,Couple,,Show More,,,,,,https://uk.trip.com/hotels/bodrum-hotel-detail-75487192/radisson-collection-hotel-bodrum/,
119,BOD011,"Radisson Collection Hotel, Bodrum",Akyarlar,trip,10.0,10.0,5.0,,"The hotel’s location was excellent and the staff were very kind and professional. The only downside was the road leading to the hotel, which was unpaved and under construction. Thank you.","Posted February 17, 2026","Stayed in February, 2026",Couple,Collection Premium Room with Sea View and Balcony,United Kingdom,,,,,,https://uk.trip.com/hotels/bodrum-hotel-detail-75487192/radisson-collection-hotel-bodrum/,
120,BOD011,"Radisson Collection Hotel, Bodrum",Akyarlar,trip,10.0,10.0,5.0,,In a word: fantastic. Only the breakfast could use a little improvement.,"Posted July 20, 2026","Stayed in June, 2026",Travelling with friends,Collection Superior Room -Terrace,Türkiye (Turkey),,,,,,https://uk.trip.com/hotels/bodrum-hotel-detail-75487192/radisson-collection-hotel-bodrum/,
121,BOD011,"Radisson Collection Hotel, Bodrum",Akyarlar,trip,10.0,10.0,5.0,,Beautiful hotel excellent location hotel on beach front Marina is also near hotel awesome food and service very very helping hotel staff specially Mehmet Ali in front office. From day 1 he upgraded my room and then help me very much to find my money Actually i forgot all my money in my hotel room and i check out ffeom hotel to airport then I personally call him and asked him I left my all money in my room He then do very help to me find money and my money is handed by him specially thanks to Mr mehmet Ali,"Posted June 19, 2025","Stayed in June, 2025",Family,Collection Superior Room -Terrace,United States,,,,,,https://uk.trip.com/hotels/bodrum-hotel-detail-75487192/radisson-collection-hotel-bodrum/,
122,BOD011,"Radisson Collection Hotel, Bodrum",Akyarlar,trip,7.5,10.0,3.75,,Response from Property:,"Posted August 2, 2026","Stayed in June, 2026",Travelling with friends,Collection Premium - Balcony13;10;,Saudi Arabia,,,,,,https://uk.trip.com/hotels/bodrum-hotel-detail-75487192/radisson-collection-hotel-bodrum/,
123,BOD011,"Radisson Collection Hotel, Bodrum",Akyarlar,trip,10.0,10.0,5.0,,"A stunningly beautiful hotel. We were upgraded to a suite upon check-in, which was a delight! Luxurious grounds and a luxurious room. The breakfasts were delicious – Radisson knows how to make beautiful and delicious food. The coffee, champagne, and salmon were excellent. The service was 10/10.","Posted December 19, 2025","Stayed in November, 2025",Family,Junior Suite with Terrace,Russia,,,,,,https://uk.trip.com/hotels/bodrum-hotel-detail-75487192/radisson-collection-hotel-bodrum/,
124,BOD011,"Radisson Collection Hotel, Bodrum",Akyarlar,trip,10.0,10.0,5.0,,"It's located in a shopping mall and marina area. The rooms are clean and the staff is friendly. The beach is fantastic, I highly recommend it.","Posted December 20, 2025","Stayed in November, 2025",Couple,Collection Superior Room -Terrace,Türkiye (Turkey),,,,,,https://uk.trip.com/hotels/bodrum-hotel-detail-75487192/radisson-collection-hotel-bodrum/,
125,BOD011,"Radisson Collection Hotel, Bodrum",Akyarlar,trip,7.0,10.0,3.5,,"The hotel is really tired. The service is great, but the breakfasts were disappointing - weak.","Posted May 17, 2025","Stayed in May, 2025",Couple,Collection Superior Room -Terrace,Kazakhstan,,,,,,https://uk.trip.com/hotels/bodrum-hotel-detail-75487192/radisson-collection-hotel-bodrum/,
126,BOD011,"Radisson Collection Hotel, Bodrum",Akyarlar,trip,10.0,10.0,5.0,,"Excellent hotel, located in a park with various restaurants, shops, a bay with yachts. Good beach, you can meet the sunrise. To the center of Bodrum about 30 minutes.","Posted January 16, 2025","Stayed in October, 2024",Couple,Collection Premium Room with Sea View and Balcony,Russia,,,,,,https://uk.trip.com/hotels/bodrum-hotel-detail-75487192/radisson-collection-hotel-bodrum/,
127,BOD011,"Radisson Collection Hotel, Bodrum",Akyarlar,trip,10.0,10.0,5.0,,"I really liked the hotel, it’s convenient, beautiful, delicious, the only negative is that it’s far from everything) but there is also a plus :)) we’ll come back again","Posted June 6, 2024","Stayed in May, 2024",Couple,Collection Superior Room -Terrace,Russia,,,,,,https://uk.trip.com/hotels/bodrum-hotel-detail-75487192/radisson-collection-hotel-bodrum/,
128,BOD011,"Radisson Collection Hotel, Bodrum",Akyarlar,trip,10.0,10.0,5.0,,Tesis ve hizmet kalitesi olarak cok tatmin edici bir yer sadece acik alandaki yogun sinek ve ari populasyonu cok rahatsiz edici bir seviyede ve disaridaki yeme ve icme hizmetini cok olumsuz etkilemektedir,"Posted August 29, 2025","Stayed in August, 2025",Family,Collection Superior Room -Terrace,Türkiye (Turkey),,,,,,https://uk.trip.com/hotels/bodrum-hotel-detail-75487192/radisson-collection-hotel-bodrum/,
129,BOD012,Selectum Collection Bodrum,Akyarlar,google_travel,2.0,5.0,2.0,,"An itibariyle ailemle otelde tatil yapıyorum. Şu ana kadarki deneyimimizden bahsetmek gerekirse maalesef beklediğimizi bulamadık. Öncelikle otel hayvan dostuymuş, gelince öğrendik. Tur sitesinin uygulamasında alt detaylarda gizlenmiş. …",Tripadvisor üzerinde 3 hafta önce,,,,,,,,,,https://www.google.com/travel/hotels/entity/ChgI-abrn5G19OiAARoLL2cvMXRzcjVkZG4QAQ,
130,BOD012,Selectum Collection Bodrum,Akyarlar,google_travel,4.0,5.0,4.0,,"Balayı çifti olarak 29 Haziran–3 Temmuz tarihleri arasında konakladık. Genel olarak oteli gelecek yaz da tercih edebileceğimizi düşünüyoruz. Mimarisi çok güzel ve personelin büyük çoğunluğu gerçekten güler yüzlü ve ilgiliydi.
ETS Tur tarafından yönlendirilen görevli arkadaş bizimle ilgileneceğini söyledi ancak otele yeni başladığı için birçok konuda bilgi sahibi değildi. İlk gün çok aç olmamıza rağmen bize snack bar olmadığı söylenince akşam yemeğine kadar beklemek zorunda kaldık. Daha sonra aslında farklı seçenekler olduğunu öğrendik. Ayrıca otelle ilgili yaşadığımız sorunlarda otel personeli hakkında olumsuz yorumlar yapması da bize profesyonel gelmedi. Kendisi yalnızca tekne turu ve kulüp gezisi satma odaklı bilgiler vermek istedi tüm tatil boyunca, çıkış gününde ise resepsiyon önünde denk geldik ve sadece uzaktan selamladı.
Odalar konusunda maalesef yorumlara katılıyoruz. Temizlik yeterli değildi, odalar otelin genel görünümüne göre eski kalıyor. Mini bar dolumu ve havlu değişimi de düzenli yapılmadı. Balayı kapsamında vaat edilen şampanya ise ancak birkaç gün sonra teslim edildi. Ücretsiz olması önemli değil; önemli olan verilen sözlerin zamanında yerine getirilmesi.
İçecek kalitesinde de tutarsızlık hissettik. Buna karşılık Kule Bar’da görev yapan Abuzer Bey çok ilgiliydi ve hazırladığı içecekler gerçekten başarılıydı. Ana barda çalışan kişiler ise ne yazık ki yabancı sever ve Türklere pek ilgili sevecen davranmıyor. Ayrıca animasyon ekibindeki tüm arkadaşlar, özellikle Mert ve Mete Bey, enerjileri ve samimiyetleriyle tatilimizi güzelleştirdi. Açık büfedeki garson arkadaşlar ciddi bir yoğunluğa rağmen çok ilgili ve tatlılardı. Hepsine çok teşekkürler.
7/24 restoran tarafında ise siparişlerin unutulması, açılış saatleri konusunda farklı bilgiler verilmesi ve uzun bekleme süreleri yaşadık. Otelin yetkilisi olduğuna inandığımız bir beyefendinin bi gün restorana gelmesi ile şef garson tüm ilgisini kendisine yöneltti ve siparişimizi unutarak tam tamına 1 saat 20 dk bizi bekletti. Buna karşılık göz göze bile gelmedi, başka arkadaşlar sorunu çözdü. Bize kalırsa müdür bey de müşteri memnuniyetini önceliklendirir. Bu bölümde hizmet kalitesinin geliştirilmesi gerektiğini düşünüyoruz.
Balık alakart restoranda şef garson bey enerjisi ilgisi ve sohbetiyle bize çok keyifli bir akşam yaşattı. İşini seven bir diğer insan, iyi ki vardı.
Kısacası birileri işini iyi yapmaya çalışırken birileri onları sabote etmeye çalışıyor gibi diyebiliriz.
Çıkış sırasında tüm bu konularla ilgili detaylı geri bildirim verdik ve değerlendirmeye alınacağı söylendi. Eksikler giderildiği takdirde otelin çok daha başarılı olacağına inanıyoruz. Güzel mimarisi ve birçok başarılı çalışanı sayesinde yine tercih edilebilecek bir otel.",Google üzerinde bir ay önce,,,,,,,,,,https://www.google.com/travel/hotels/entity/ChgI-abrn5G19OiAARoLL2cvMXRzcjVkZG4QAQ,
131,BOD012,Selectum Collection Bodrum,Akyarlar,google_travel,5.0,5.0,5.0,,"🌟 Hayatımın En Kusursuz, En Fantastik Tatiliydi! (Kesinlikle 5 Yıldızdan Fazlası)
Selectum Collection Bodrum ailesine, bize hayatımızın en unutulmaz haftasını yaşattıkları için ne kadar teşekkür etsem az. Kendimizi bir otel müşterisi gibi değil, adeta bulutların üzerinde yürüyen, fantastik bir dünyanın ayrıcalıklı konukları gibi hissettik. Ne istediysek, ne rica ettiysek, hatta daha biz düşünürken kendiliğinden önümüze geldi! Çalışanların inanılmaz nezaketi ve ilgisi gerçekten büyüleyiciydi.
Ama bazı isimler var ki, bu tatilin mimarları oldular. Onları buraya tek tek yazıp, yönetim da dâhil herkesin görmesini istiyorum:
⭐ ÖZEL PARANTEZ: VOLKAN METE VE ESRA JULİA (Harikasınız!)
Animasyon ve Etkinliklerin Kralı; Volkan Mete: Enerjisiyle, yaptığı aşırı eğlenceli etkinliklerle ve muhteşem animasyon yönetimiyle tatilimize inanılmaz bir neşe kattı. Bir an bile sıkılmadık, sayesinde çok keyifli anlar yaşadık. Başarısı, profesyonelliği ve samimiyeti kesinlikle takdire şayan!
Misafir İlişkilerinin Kraliçesi; Esra Julia: Kendisi misafir ilişkilerinde tam anlamıyla bir profesyonellik ve çözüm abidesi. Gösterdiği üstün başarı, güler yüz ve samimi ilgi o kadar kıymetliydi ki, otelde her an güvende ve özel hissetmemizi sağladı.
Otel Yönetimine Açık Çağrı: Volkan Mete ve Esra Julia gibi profesyoneller bu otelin en büyük şansıdır. Kendilerine ne kadar teşekkür edilse, ne kadar övgü yağdırılsa azdır. Başarıları daim olsun!
🍽️ Bitmek Bilmeyen Gastronomi Şöleni ve Muhteşem Lezzetler
Otelin yemekleri tek kelimeyle muhteşemdi! Her şey o kadar bol, o kadar çeşitli ve lezzetliydi ki, tatil boyunca tek derdimiz ""acıkmadan tekrar yemek zorunda kalmak"" oldu. Gözleme evi, snack barlar ve plaj saatindeki ikramlar harikuladeydi. Gurme bir tatil deneyimi yaşadık diyebilirim. Ayrıca tesisin her noktası tertemiz ve pırıl pırıldı.
🏖️ Muhteşem Deniz ve İki Farklı Havuz Keyfi
Otelin plajı kelimenin tam anlamıyla harika. Tertemiz, Mavi Bayraklı ve yumuşacık kumlu bir denize sahip. Havuz konseptleri ise çok akıllıca düşünülmüş. İki tane havuz var; bir tanesi çok büyük ve tüm eğlenceli aktiviteler, coşkulu etkinlikler burada dönüyor. Diğer havuz ise tamamen sakinlik ve huzur arayanlar için ayrılmış, kafanızı dinleyebiliyorsunuz.
🏡 Otel Odası Değil, Adeta Kendi Evimiz!
Müsaitlik durumuna göre bize çocuklu ailelere verilen odalardan birini uygun görmüşler. İyi ki de öyle olmuş, inanılmaz memnun kaldık! Kaldığımız yer bir otel odasından ziyade bizim evimiz gibiydi. Balkonumuz, ayrı yatak odamız ve ayrı oturma odamızla tam bir 1+1 daire konforundaydı. Geniş, ferah ve çok rahattı.
🤫 Kalabalığın İçinde Huzur ve Kaliteli Kitlesi
Otelin misafir profilinin çoğunluğu yabancı turistlerden oluşuyordu ve hepsi o kadar nezaketli, o kadar kaliteli insanlardı ki... Kocaman bir kalabalığın içinde olmamıza rağmen inanılmaz sessiz, sakin ve huzurlu bir tatil yapabildik. Herkes alçak sesle konuşmayı, birbirine saygı duymayı çok iyi biliyordu.
Özetle; rüya gibi bir haftaydı. Başta Volkan Mete ve Esra Julia olmak üzere, emeği geçen, yüzündeki tebessümü eksik etmeyen tüm otel çalışanlarına sonsuz teşekkürler. Kesinlikle tekrar geleceğiz, kesinlikle tavsiye ediyoruz!❤️❤️❤️❤️❤️",Google üzerinde bir ay önce,,,,,,,,,,https://www.google.com/travel/hotels/entity/ChgI-abrn5G19OiAARoLL2cvMXRzcjVkZG4QAQ,
132,BOD012,Selectum Collection Bodrum,Akyarlar,google_travel,4.0,5.0,4.0,,"1)Oda temizlikleri kesinlikle eksik ve zayıftı. Biz 1 hafta kaldık çarşaflarımız hiç değiştirilmedi. Havlu ve sabunları, çöpleri ve yer temizliğini hep kendimiz talep ettik.
2)Arabamız otelin içinde yer olmadığından önündeki sokağa vale tarafından park edildi, ama araç hiç kontrol edilmemiş ki aracımızın lastik sibop contaları çalınmıştı.
3)Şezlong yetersizdi ya da düzensizdi. Sabah erkenden kalkıp özellikle plajda havlu bırakmazsanız gün içinde şezlong kapmaca oynanıyor. Bu da tatili yorucu hale getiriyor. En azından kişi sayısı kadar şezlong güncellenmeli.
4)Yemek saatlerinde ve akşam etkinlik
saatlerinde masa bulmakta çok zorlandık, bu kesinlikle iyileştirilmelidir.
5)Otelin içinde bulunan markette çeşit az fiyatlar fahişti, dudağımız uçukladı.
6)Plajda çöp kutuları temizleniyor, ama üstün körü bir şekilde. Peçete ve pipetler denize uçuyor. Plajda taşların arasından kırık kola cam şişesi çıkardık. Birinin bir yeri kesilse otel için büyük skandal olur dikkat edilmeli. Koya yanaşan tekneler pisliğini bırakıyor ve deniz çok kirleniyor. Otel bu konuda yaptırım uygulamalı ki denizi kirlenmesin. Ayrıca bir sürü kuş var, ağaçlara kuş evleri yapılabilir.
Zaten hayvan dostu olan bu otel için hoşluk olur.",Google üzerinde 3 hafta önce,,,,,,,,,,https://www.google.com/travel/hotels/entity/ChgI-abrn5G19OiAARoLL2cvMXRzcjVkZG4QAQ,
133,BOD012,Selectum Collection Bodrum,Akyarlar,google_travel,5.0,5.0,5.0,,"Eşimle kış ayında düğünümüz olduğu için balayına gidememiştik. Bizim için ilk tatil deneyimi oldu. Çalışanlar o kadar güler yüzlü ki her anlamda otelden çok memnun kaldık. Odalar gayet temiz ve yeterli. Yemekler lezzetli , organizasyon harika. Özellikle çalışanlardan CEM ŞEF çok samimi ve güler yüzlü onunla sohbet etmek keyifliydi ve muhteşem ilgili biri. Çalışanlar sürekli tatiliniz nasıl geçiyor, memnun kalmadığınız bir durum var mı diye sordular bu da bence işletme için harika işlerini önemsediklerini belli ediyor. Plaj ve deniz konusuna gelecek olursam bir çok otele gittim ve deniz gördüm ama bu kadar suyu saf, temiz yüzülebilecek deniz görmemiştim balıklarla beraber yüzüyorsunuz abartmıyorum. Muhtemelen merkezden biraz uzak kaldığından ve etrafında otel sayısı az olduğundan sahil çok temiz ve güzel bu konuda içiniz rahat olabilir. Havuzu da gayet büyük çok yeterli. Doğum günüm bu sene tatil zamanına denk geldi , oda servisi ikramında bulundular ve bir İtalyan a la carte hediye ettiler. Bir ekibin bu tür şeylere dikkat edip misafirleriyle ilgilenmeleri başarılı bir organizasyon olduğunu gösterir. Muhtemelen seneye yine buraya rezervasyon yaptırırız her anlamıyla çok memnun kaldık.. Emeği geçen herkese çok teşekkür ederiz 🙏🏻😊",Google üzerinde bir ay önce,,,,,,,,,,https://www.google.com/travel/hotels/entity/ChgI-abrn5G19OiAARoLL2cvMXRzcjVkZG4QAQ,
134,BOD012,Selectum Collection Bodrum,Akyarlar,google_travel,5.0,5.0,5.0,,"1 haftalık bir konaklama yapıyorum, halen oteldeyim, herşey kusursuz gidiyor şu ana kadar aksayan hiç birşey görmedim. Kalabalık mı evet kalabalık ama her misafir her yerden faydalanabiliyor bence, animasyon grubu şahane eğlendirmek ve tatilinizin güzel geçmesi için gereken herşeyi yapıyorlar, gündüz havuz etkinlikleri gece dans ve canlı müzik.Yemeklerde ve kahvaltıda yeterince çeşit var canınız ne isterse onu yiyebilirsiniz. 24 saat boyunca hizmet devam ediyor, çalışanlar güleryüzlü yardımsever. Bu kadar büyük bir tesisi yönetmek de ayrı bir meziyet, odalar hergün temizleniyor hiçbiryerde çöp göremezsiniz, çimler ağaçlar bakımları muazzam.Küçük çocuğumuz yok ancak onlar içinde herşeyi düşünmüşler, çocuk parkları, kids club vs. Kötü yorumlara aldırış etmeyin, herşey şahane parasını sonuna kadar hak ediyor.",Google üzerinde bir ay önce,,,,,,,,,,https://www.google.com/travel/hotels/entity/ChgI-abrn5G19OiAARoLL2cvMXRzcjVkZG4QAQ,
135,BOD012,Selectum Collection Bodrum,Akyarlar,google_travel,5.0,5.0,5.0,,"Hospitality Management sektöründe çalışan biri olarak hizmet kalitesine ve detaylara ister istemez daha dikkatli bakıyorum. Bu açıdan söyleyebilirim ki gerçekten çok etkilendim. Girişte bizi güler yüzlü ve enerjik bir ekip karşıladı. Lobinin atmosferi, kuş sesleri ve sıcak karşılama tatilimize harika bir başlangıç yaptı. Biz söylemeden odamızın upgrade edilmesi çok zarif bir jestti. Özellikle Front Office Manager Emrah Bey’in bizzat karşılaması ve konaklamamız boyunca sürekli bizimle ilgilenip herhangi bir isteğimiz olup olmadığını sorması misafir memnuniyetine verdikleri önemi açıkça gösteriyordu. Havuz başındaki eğlenceler çok keyifli, deniz ise inanılmaz berraktı. Tüm ekibe emekleri ve misafirperverlikleri için teşekkür ederim. Böyle profesyonel hizmeti görmek gerçekten mutluluk verici. Kesinlikle tekrar tercih edeceğim.",Google üzerinde bir ay önce,,,,,,,,,,https://www.google.com/travel/hotels/entity/ChgI-abrn5G19OiAARoLL2cvMXRzcjVkZG4QAQ,
136,BOD012,Selectum Collection Bodrum,Akyarlar,google_travel,1.0,5.0,1.0,,"Otelin planı ve yeşil alanları çok yerinde. Küçük çocuğumuz ile rahat vakit geçirmek için rezervasyon yaptık Mayıs ayında. Başta güzeldi fakat sonradan otele yüzlerce üniversite öğrencisi grubu geldi. Her yer 6-7 kişilik gruplar halinde dolaşan ve ağza alınmayacak küfürler eden erkek gruplarıyla doldu.
Doğrusu ailenizle gittiğiniz bir otelde içki içip sarhoş olan, sürekli küfür eden ve gürültü yapan gruplarla karşılaşmayı hiç istemezsiniz. Ziyaretimizi kısa kesip başka otele geçmek zorunda kaldık.
Aman diyeyim, ailenizle huzurlu bir tatil yapmak istiyorsaniz buradan uzak durun. Bizim gibi otelde kalan bir kaç çocuklu aile neye uğradığını şaşırdı.
Otelin bir kurumsal politikası yok anladığım kadarıyla. Profile bakmadan parayı veren her grubu alıyorlar. Riske alıp kimseye gitmesini tavsiye etmem, tatiliniz rezil olabilir.
Yemeklere gelecek olursak: yemekler yenilebilecek derecenin sınırında. Açılış saatine denk gelirseniz yeni pişmişlerden yiyebilirsiniz. Eger yemek basladiktan 1 saat sonra giderseniz ızgarada pisen etlerin çamur benzeri bir maddeyle kaplanmış gibi olduğunu göreceksiniz. Izgaranın başındaki elemanlar ızgarayı temizlemeleri gerektiğinin farkında değil.
Otelin tek 5 yıldiz kısmı personeli. Rn üst seviyeden en alt seviyeye kadar tüm personel son derece saygılı ve kibardı. 5 yıldızlı bir otelden alacağınız hizmeti alıyorsunuz.
Özetle: Fiyat olarak bütçeniz buraya yetiyorsa kalabilirsiniz. Yaz sezonunda apaçileri doldurmazlar herhalde. Genelde yabancılar ve aileler olur tahminimce. Sezon dışında ise asla tavsiye etmem.",Google üzerinde 3 ay önce,,,,,,,,,,https://www.google.com/travel/hotels/entity/ChgI-abrn5G19OiAARoLL2cvMXRzcjVkZG4QAQ,
137,BOD012,Selectum Collection Bodrum,Akyarlar,google_travel,5.0,5.0,5.0,,Selectum otellerinde 2. Kez konaklama yapıyoruz geçen yıl side comfort Family de konaklama yapmıştık ve oradan da çok memnun ayrıldık. Bu sene de memnuniyetimizden ötürü tekrardan selectum otelini tercih ettik. Otel’in konumu merkezi olması sebebiyle ulaşım konusunda hiç bir sorun yaşamadık. Tüm bölgelere ulaşım maximum 30 dk sürüyor. Otelin yemekleri gayet güzel geldiğiniz de hiç bir şekilde aç kalmanız mümkün değil. Animasyon ekibinden Mert Arkadaşımız tatilimiz boyunca ilgisi ve alakası bizi çok memnun etti. Dart oyunu en keyif aldığımız zamanlardı. Tüm selectum ailesine gönülden teşekkür eder. Bir sonraki senelerde tekrardan görüşmek dileğiyle.,Google üzerinde 3 hafta önce,,,,,,,,,,https://www.google.com/travel/hotels/entity/ChgI-abrn5G19OiAARoLL2cvMXRzcjVkZG4QAQ,
138,BOD012,Selectum Collection Bodrum,Akyarlar,google_travel,5.0,5.0,5.0,,"27 haziran - 3 temmuz arasında eşimle konakladık. Denizi tertemiz, dalgasız. Havuzları da tertemiz. Şezlong problemi de hiç yaşamadık.
Yemekleri de hergün çeşit çeşit. Bar kalitesi yüksek.
Biz özellikle akşamları etkinliklerinden çok memnun kaldık. Hergün farklı konseptlerde dans ekipleri geldi. Dans showlarından sonra da eğlenceye canlı müzikle devam edildi. Baya eğlendik. :) Etkinlik ekibi müdürü Volkan Bey ve Mert Beye ilgi alakalarından ve düzenledikleri etkinliklerden dolayı teşekkür ederiz. :)",Google üzerinde bir ay önce,,,,,,,,,,https://www.google.com/travel/hotels/entity/ChgI-abrn5G19OiAARoLL2cvMXRzcjVkZG4QAQ,
139,BOD012,Selectum Collection Bodrum,Akyarlar,trip,10.0,10.0,5.0,,Nurullah Dinçer,"Posted June 25, 2025",,Family,,Show More,,,,,,https://www.trip.com/hotels/bodrum-hotel-detail-7877878/selectum-collection-bodrum/,
140,BOD012,Selectum Collection Bodrum,Akyarlar,trip,10.0,10.0,5.0,,The food is not very tasty but you won't be hungry. The desserts are the same variety. The hotel is nice and the staff is good.,"Posted June 25, 2025",Stayed in June 2025,Family,,Türkiye (Turkey),,,,,,https://www.trip.com/hotels/bodrum-hotel-detail-7877878/selectum-collection-bodrum/,
141,BOD012,Selectum Collection Bodrum,Akyarlar,trip,10.0,10.0,5.0,,"The hotel has a wonderful architecture, food is available 24/7, alcohol is of good quality, activities are sufficient, there is only one Azerbaijani woman who comes for a massage, the manager seems to be harassing people a lot.","Posted June 21, 2025",Stayed in June 2025,Family,,United Kingdom,,,,,,https://www.trip.com/hotels/bodrum-hotel-detail-7877878/selectum-collection-bodrum/,
142,BOD012,Selectum Collection Bodrum,Akyarlar,trip,10.0,10.0,5.0,,"The entire hotel team really makes their guests feel special, they are very kind and respectful.","Posted May 2, 2024",Stayed in April 2024,Family,,Türkiye (Turkey),,,,,,https://www.trip.com/hotels/bodrum-hotel-detail-7877878/selectum-collection-bodrum/,
143,BOD012,Selectum Collection Bodrum,Akyarlar,trip,7.5,10.0,3.75,,"The restaurant provides a buffet with three meals a day, and the variety is very rich. Dinner can be eaten until two o'clock in the morning at the latest. It is very convenient for people who like to eat and drink. The front desk and bellman services are very good. Luggage needs to be carried up the stairs from the lobby to the room. The luggage cannot be moved up and down on the stone pavement, so the bellman needs help to carry it. The hotel is a good hotel. Except for the fact that the room is very humid, the quilt on the big bed is too short and cannot cover the feet, the pillows are uncomfortable and smell of greasy hair, there are many black flying insects, and the hygiene is not good enough, everything else is good. I hope the hotel can strengthen the staff. Very clean. If I have the chance to come back, I will continue to stay. Thank you.","Posted October 19, 2023",Stayed in October 2023,,,,,,,,,https://www.trip.com/hotels/bodrum-hotel-detail-7877878/selectum-collection-bodrum/,
144,BOD012,Selectum Collection Bodrum,Akyarlar,trip,10.0,10.0,5.0,,"It was great, we were very pleased with everything.","Posted August 25, 2024",Stayed in August 2024,Family,Family Room,Türkiye (Turkey),,,,,,https://www.trip.com/hotels/bodrum-hotel-detail-7877878/selectum-collection-bodrum/,
145,BOD012,Selectum Collection Bodrum,Akyarlar,trip,4.0,10.0,2.0,,"I would’t give this hotel even 4 stars. Sea and beach: Beautiful Agean sea with crystal clear water, a bit cold but rereshing considering the outside temprature reached 34 degrees. Beach is sandy but some pebbles before going into the sea, better to have water shoes. Beach does not seem to be cleaned, apart from little bins that are beside the sunbeds. Staff who opens the umbrellas don’t speak English and looked like they did not want to be disturbed. Rooms: Rooms are very tired and shabby, with a lot of cracks, holes, insects in the shower etc. We booked family room and were shocked with the state of the room. When we asked if there are better rooms, we were told all rooms are like this. Staff: Some stuff don’t speak English, though they speak Russian..? Some of them looked not happy, tired and not willing to be there. Some are very helpful and nice. We need to recognise Umut to be one of them and the man at the beach bar, sadly i did not get his name. Cleaning of the room does not include mopping/sweeping the floors or changing beds, i was told by cleaning lady: if you want i can change beds. But i will change towels and empty bins.. We reported twice Tv’s not working, nobody came to fix at the end. We asked reception for someone to come to collect the bags for a certain time, no one arrived until we rang the reception. Food: Food was same every day and repetative. There was never mussles, prawns, smoked salmon for breakfast, avocado, not much seafood in general. Juice was not fresh, it was water diluted with some concentrate. There are 3 reataurants on the resort apart from main one but you can only book one per 7 nights stay, not like in other hotels you get to try each once per stay. There is a 24/7 restaurant that serves burgers, chips, pizza, pasta but you cannot take it to the room. So when we had a person not feeling well in the room and asked if we can have food to be delivered to the room, we were told that burger would cost 20eur, chips 8 and cheeseburger 20 ( mind that this food is free in restaurant). Entartainment: It was good with some activities in the morning and shows in the evening. Shows are done in English, Turkish and Russian .. Tourists: Mostly Russians, Italians. Slovaks, Croats, Turks and Poles. The resort: There are 9 x 3 storey buildings on the resort with no lifts . So if you came to the resort to do your steps, its a best place. For others it will feel tiring considering the heat etc and for those with kids and buggies will be challenging. There is a lot of greenery with palms, trees, lawns with hammocks, bean bags, tennis table. The resort is very far from everything. It took 1 hour 20 mins to get from airport by taxi. No promenade, no restaurants near it, no town. One Caffefour shop 350 meters away up the road. The ground of the resort is made with hard stones, so if you want to wear highheels, better not to. We saw few kids falling and womens heels stuck in between the stones.","Posted August 2, 2026",Stayed in August 2026,Family,,,,,,,,https://www.trip.com/hotels/bodrum-hotel-detail-7877878/selectum-collection-bodrum/,
146,BOD012,Selectum Collection Bodrum,Akyarlar,trip,10.0,10.0,5.0,,"Guest Relations and Animation made our holiday! The hotel is amazing, with beautiful green nature and crystal clear sea. The food is very varied and delicious and all the staff are so attentive. A huge thank you especially to Ekin, Guest Relations Manager, and her team, as well as Volkan, the Entertainment Manager, and his team. They took such great care of us that we truly felt spoiled throughout our stay. ❤️ Also, many thanks to the Housekeeping team for keeping our room so clean and tidy. You should definitely come here! It’s the perfect place for a peaceful and relaxing holiday. Highly recommended!","Posted August 11, 2026",Stayed in August 2026,Traveling with friends,,,,,,,,https://www.trip.com/hotels/bodrum-hotel-detail-7877878/selectum-collection-bodrum/,
147,BOD012,Selectum Collection Bodrum,Akyarlar,trip,10.0,10.0,5.0,,"Selectum Collection Bodrum ⭐⭐⭐⭐⭐ We had an absolutely amazing holiday at Selectum Collection Bodrum. Staff The staff are outstanding. They work incredibly hard and always keep the entire resort spotless, neat, and clean. Everyone is friendly, welcoming, and ready to help with a smile. Food The food is simply unbelievable. The quality, variety, and presentation are exceptional. Every day offers something different, making each dining experience exciting and enjoyable. The resort truly delivers a first-class culinary experience. Entertainment The entertainment is top-notch and among the best we have experienced. There is always something fun and engaging happening throughout the day and evening. DJ Parties Absolutely fantastic! The DJ parties are energetic, vibrant, and a lot of fun. Kids Club Excellent and amazing. The team does a wonderful job keeping children entertained and happy. Pool and Beach Wow, wow, wow! Both the pool and beach areas are beautiful, well-maintained, and perfect for relaxation. Activities The pool activities and all other resort activities are excellent, well-organized, and enjoyable for all ages. We will definitely be coming back again. This resort has exceeded our expectations in every way. Don’t be discouraged by a few negative reviews. During our stay, we met some people who seemed to complain about everything regardless of the situation. Our experience was completely different, and we found the resort to be exceptional. If you love hiking and beautiful scenery, this is one of the best places to visit and enjoy your dream holiday. We absolutely loved our stay, and the staff made our experience truly special. Thank you to everyone at Selectum Collection Bodrum for an unforgettable holiday. We can’t wait to return! ❤️","Posted May 31, 2026",Stayed in May 2026,Family,,,,,,,,https://www.trip.com/hotels/bodrum-hotel-detail-7877878/selectum-collection-bodrum/,
148,BOD012,Selectum Collection Bodrum,Akyarlar,trip,10.0,10.0,5.0,,"Good location, there are hardly any waves on the sea, the water is clear so that you can see all the fishes swimming in it, When you go inside to the reception the hosts Julia and Esra are greeting each guest with a pleasant smile, even though we came in early, they helped us check in within a short period of time. After leaving the reception towards our room the A/C was already on and the room was cooled-very great-full for that, especially after a long ride. Every day the meals are different and tempting looking to try them all, very tasty. Every evening there are concerts and live music. We also had an a la carte menu, we chose Turkish, where Alican met us and served us, it was a great experience to try traditional Turkish cuisine. Even though the hotel has a big pool, we didn’t even try to swim in it because of the location close to the sea, definitely don’t regret it. The value for money ratio exceeds expectations. Room service is regular, new towels, single use slippers and minibar were changed almost every 1-2 days. Even with late shows and music if you get tired and go to your room, you won’t hear anything to disturb your sleep. Highly satisfied and recommend.","Posted June 20, 2026",Stayed in June 2026,Family,,,,,,,,https://www.trip.com/hotels/bodrum-hotel-detail-7877878/selectum-collection-bodrum/,
149,BOD012,Selectum Collection Bodrum,Akyarlar,trip,10.0,10.0,5.0,,Spectacular atmosphere at the fish restaurant. Excellent food. Excellent hotel with various entertainment options and a unique location in the bay.,"Posted June 8, 2026",Stayed in June 2026,Family,,,,,,,,https://www.trip.com/hotels/bodrum-hotel-detail-7877878/selectum-collection-bodrum/,
150,BOD013,"Sentido Bellazure - Akyarlar, Bodrum / Turkey",Akyarlar,google_travel,4.0,5.0,4.0,,"4 gece 5 günlük bir konaklama deneyimi geçirdik. Genel olarak deneyiminize 4 puan verebilirim. Otel geniş ve yeteri kadar büyüklüğü sahip. Tek asansör olması yaşlı ve çocuklu aileler için zorlayıcı olabilir.
Sahil otelin dışında, yokuş aşağı bi 3-4 dakika yürüme mesafesinde. Küçük bir sahil, arkaya doğru güneşlenme alanları olacak şekilde uzamış. Denizini çok beğendik, kumsal ve yavaş yavaş derinleşiyor. Sahil güzel bir koyda kaldığı için çoğunlukla kara tarafından güzel rüzgar esiyor ve hiç dalga yok. Otelin sahilde bir barı var çay kahve soft içecek bira şarap alabildiğiniz, bir de mini bir kafeteryası var pide pizza hamburger meyve tatlı vs bulabileceğiniz. Sahildeki tek sıkıntı şezlong sıkıntısı. Güzelim insanımız biraz rahatçı olduğu için millet 7-8 de gelip şezlonglara eşyaları koyup uzuyor, 11-12 gibi sahile gelenler şezlong bulmakta zorlanıyor. Çalışan arkadaşlar bu konuda yardımcı olmaya çalıştı her seferinde sağolsunlar ama.
Otelin güzel bir havuzu, bir tane de +16 havuzu var daha küçük boyutta. Havuz yakınında bar var, kokteyl vs de alabiliyorsunuz.
Yemek konusunda aç kalmazsınız kesinlikle fakat biraz daha lezzet ve çeşit beklerdim ben. Yemek kısmına 10 üzerinden 6 verebilirim.
Giriş çıkışımız kolaydı. Giriş günü otele erken geldik, sağolsunlar hemen bilekliğimiz takıldı, kahvaltı alabildik, 11 gibi de odamıza geçebildik. Çıkış günü 12de odayı teslim etmeye gittiğimizde transferimizin öğleden sonra olduğu, bu yüzden denize girmek istediğimizi belirttiğimizde ilk başta transfer saatine kadar yalnızca lobide bekleyebileceğimiz söylendi. Buna itiraz ettikten sonra bu yanlıştan döndüler fakat bu politikanın kesinlikle gözden geçirilmesi gerek diye düşünüyoruz.
Odalar gayet geniş, temiz, keyifli. Biraz rutubet kokusu vardı fakat rahatsız edici değildi kesinlikle.
Kesinlikle dinlenip kafa dinlemek için çok ideal. Gürültüden ve karmaşadan uzak bir seçenek ararsanız öneririm.",Google üzerinde 4 hafta önce,,,,,,,,,,https://www.google.com/travel/hotels/entity/ChkI89S85_60gP2gARoML2cvMXE2anpicjRqEAE,
151,BOD013,"Sentido Bellazure - Akyarlar, Bodrum / Turkey",Akyarlar,google_travel,2.0,5.0,2.0,,"Benim bir daha tercih edeceğim bir otel olmaz , puanı bu kadar yüksek bir otelde hizmet anlayışını ve yaklaşımının böyle olup, odaların bu kadar eski olmasını beklemezdim. Alt katlarda gider kokusu geliyor zaman zaman odalarda da aynı sorun var. Fotoğtafa yüklediğim ala carte meze tabağıdır. Otelin kalitesi ala carte mutfaktan anlaşılabilir diye düşünüyorum , her mahalle kebapçısında olan mezeyi koyup , şahane bir tat da sunmuyorsan , 19.30da rezervasyon alıp 21.00de yemek servisi yapıyorsan ve özel bir lezzet sunamıyorsan bence ciddi bir problem vardır.
Yemekler için 6 puan diyebilirim kesinlikle doyarsınız , muhakkak lezzetli bir yemeğe denk gelirsiniz fakat pastane tatlı bölümü çok kötüydü.
Tercih edenlerin genel olarak akyarlar denizi için tercih ettiğini söyleyebilirim. Bu konuda da şu sorun var biz bebekli tatil yaptık otel merdivenli ve her yere asansör yok , bebek arabasıyla gidecekseniz sorun yaşarsınız. Denize de otel dışından çıkıp yürüyorsunuz sürekli olarak eşya taşıma , git gel derken yorucu oluyor.
Sahil barda , yüksek alkoller yok yani denize girdiğiniz yerde neden kokteyl yok anlaşılır değil 😂 sadece bira ve şarap. Dondurma için de sahilde servis yok , otelin içine geri yürüyüp almanız gerekiyor.",Google üzerinde bir ay önce,,,,,,,,,,https://www.google.com/travel/hotels/entity/ChkI89S85_60gP2gARoML2cvMXE2anpicjRqEAE,
152,BOD013,"Sentido Bellazure - Akyarlar, Bodrum / Turkey",Akyarlar,google_travel,2.0,5.0,2.0,,"Bu otelden maalesef hiç memnun ayrılmadık.
Daha ilk gün odaya girdiğimizde karşımıza kocaman bir böcek çıktı. O an fotoğrafını çekemedim ancak daha sonra ilaçlama sonrası ölmüş halinin fotoğrafını çektim. Durumu hemen resepsiyona bildirdim. İlgileneceklerini ve bir personel yönlendireceklerini söylediler. Yaklaşık yarım saat sonra gelen görevli, doğal olarak böceği bulamadı. Bana başka boş oda olmadığını söylediler. Ben de bana gösterilmek istenen odanın iki kat aşağıda, daha nemli bir bölgede olduğu için böcek çıkma ihtimalinin daha yüksek olabileceğini düşündüğümü belirterek oda değişikliğini kabul etmedim. Bunun üzerine odamızı ilaçladılar. Akşam olduğunda ise sabah gördüğümüz böcek odanın içinde görünür bir yerde ölü haldeydi.
Benim anlamadığım nokta şu: Bu kadar büyük bir böceğin, bu standartta olduğunu iddia eden bir otel odasında ne işi var? Daha ilk günden böyle bir manzarayla karşılaşmak gerçekten kabul edilebilir değildi.
İkinci hayal kırıklığımız ise çıkış gününde yaşandı. Otelin çıkış saati 12.00 olmasına rağmen, ETS Tur aracılığıyla katıldığımız dalış programı nedeniyle oda anahtarımızı saat 08.00’de teslim etmek zorunda kaldık. Program sonunda ETS Tur bizi tekrar otele bıraktı. Akşam yemeğinin başlamasına yalnızca 25 dakika kalmıştı. Resepsiyona, son günümüzde sadece akşam yemeğine katılıp katılamayacağımızı sorduk. “Mutfağa soralım.” dediler ve kısa süre sonra mutfağın buna izin vermediğini söylediler.
Burada mesele bir öğün yemek değil. Mesele, misafir memnuniyetine verilen önem. Zaten çıkış saatimiz 12.00 olmasına rağmen, katıldığımız tur nedeniyle odamızı saatler öncesinden teslim etmiştik. Buna rağmen son günümüzde yalnızca 25 dakikalık bir akşam yemeği talebimizin geri çevrilmesi bizi gerçekten hayal kırıklığına uğrattı.
Tatil boyunca kendimizi değerli hissettirecek bir hizmet beklerken, sorunlarımızın çözümüne yaklaşım ve misafir memnuniyeti konusundaki tutum nedeniyle olumsuz bir deneyim yaşadık. Bu nedenle bu oteli ne tekrar tercih ederiz ne de çevremize tavsiye ederiz.",Google üzerinde bir ay önce,,,,,,,,,,https://www.google.com/travel/hotels/entity/ChkI89S85_60gP2gARoML2cvMXE2anpicjRqEAE,
153,BOD013,"Sentido Bellazure - Akyarlar, Bodrum / Turkey",Akyarlar,google_travel,5.0,5.0,5.0,,Sentido Bellazure Otel'de geçirdiğimiz tatilden gerçekten çok memnun kaldık. Daha otele giriş yaptığımız ilk andan itibaren çalışanların güler yüzü ve misafirperverliği kendinizi değerli hissettiriyor. …,Tripadvisor üzerinde 3 hafta önce,,,,,,,,,,https://www.google.com/travel/hotels/entity/ChkI89S85_60gP2gARoML2cvMXE2anpicjRqEAE,
154,BOD013,"Sentido Bellazure - Akyarlar, Bodrum / Turkey",Akyarlar,google_travel,4.0,5.0,4.0,,"Merhabalar, otel çalışanları çok güler yüzlü ve yardımsever. Sizi çok harika bir şekilde karşılıyorlar ve sıcak bir ortam sunuyorlar. Çalışanların çoğu yabancı onlar beni ben onları çok anlamadım ama yine de gayet sıcakkanlı insanlardı. Temiz ve nezih bir otel. Yemekleri, kahvaltısı vs. gayet iyiydi. Güzel bir manzaraya sahip. +16 relax havuz bölümünde alkollü içecek mevcut değil, bunun için genel havuza inip içecek alıp tekrar çıkmak gerekiyor, yiyecek içinde aynı durum mevcut. Sürekli in çık yapmak durumunda kalabiliyorsun. Ama taze yapılan pide, pizza ve hamburgeri denemelisiniz. Enfes. Biz cumartesi giriş yaptık, ve hafta sonu olmasına rağmen cumartesi, pazar akşam herhangi bir etkinlik olmadı maalesef. Üzdü. Sadece pazartesi canlı müzik oldu, o kadar. Denize gitmek için otelden çıkıp plaja yürümen gerekiyor ve denizdeki barda tüm alkollü içecekler yok, yine otelden alıp götürmen gerekiyor. Onun dışında saat beşte yemek, altıda içecek ikramı kapanıyor. Yine ekstra bir şey istiyorsan otele gitmen gerekiyor. Ve saat sekizde de sahil kapısı kapanıyor, denizden dönüşün sekizi geçerse ana kapıya gidip oradan giriş yapman gerekiyor. Beni en hayal kırıklığına uğratan kısım ise spa bölümü oldu. Spa ayrı bir işletmeye ait ve otel müşterilerini istemiyor gibi bir tavırları var. Sürekli sana masaj satmaya çalışıyorlar, masaj alırsan spa bölümü senindir gibi bir muamele var. Masaj almadığımız için pek istenmediğimi hissettim açıkçası. Gelelim otelden çıkış yapacağımız güne, valizlerimizi valiz odasına bıraktıktan sonra spa bölümüne indik, sadece kol çantamı dolaba koyduğumda spa sahibi beyefendi çantanızı koyup gidemezsiniz dedi, havuza çıkıp biraz durup sonra spaya geçip çıkış yapacağımızı söyledik, kabul edemem dedi. Ben de ne gibi bir mahsuru var dedim, yoğunluk yok, dolaplar boş, hemen çıkıp geleceğiz, bana dediği: "" ben hep burada olmuyorum, siz yokken biri dolabı açar eşyalarınızı çalarsa, ben böyle bir sorumluluğu neden alayım?"". Ne? Yani bu ne demek. O zaman bu otelde ciddi bir güvenlik sorunu var, çünkü bu dediğine göre ben eşyalarımı dolaba bırakıp, saunaya, hamama, masaja da girdiğimde benim eşyalarım çalışabilir. Hatta spa bölümde böyle bir durum oluyorsa, otelde şezlongdaki eşyalar hırsızlar tarafından rahatlıkla çalınabilir. O an dolabı kullanmamam için böyle bir şey öne sürdüyse de bu çok hoş olmayan ve tamamen güvenlik açığını öne süren ve otelin prestijini zedeleyen bir durum. Tabi ki de tekrar aynı otele gider miyim? HAYIR. Çevreme tavsiye eder miyim?
HAYIR. Yine de güleryüzlü, işini severek yapan tüm otel çalışanlarına sonsuz teşekkürlerimi sunarım.",Google üzerinde 2 ay önce,,,,,,,,,,https://www.google.com/travel/hotels/entity/ChkI89S85_60gP2gARoML2cvMXE2anpicjRqEAE,
155,BOD013,"Sentido Bellazure - Akyarlar, Bodrum / Turkey",Akyarlar,google_travel,5.0,5.0,5.0,,"Otelde ilk defa konakladık. Genel olarak memnun kaldık. Bir daha geliriz dedik. Öncelikle yorumlarda gördüğümüz odada nem kokusu giderden de biraz koku geldiği doğru. Belki bütün odalarda yoktur bizim kaldığımız en alt kattaki odada vardı. Çok büyük bir problem değil o kadar şiddetli değil. Odalar kesinlikle tertemiz. Genel olarak otel de temiz. Otele ilk girdiğinizde lobi katındaki manzara efsane. Bu katta bulunan barı kullanıp manzaranın tadını çıkarabilirsiniz. Ancak otelde lobiye yemekhaneye ya da havuza geçmek için asansör ya da merdivenleri sıkça kullanıyorsunuz bu durum 4.kattaki yemekhane 6.kattaki lobiyi düşününce bazen bıktırabiliyor.
Denize gitmek için otelden çıkıp 2-3 dk yürüdükten sonra yine otele ait plaja geliyorsunuz. Kesinlikle uzun bir yürüyüş değil. Denizi plajı çok iyi. Plaj kum ve metrelerce gidilmesine rağmen deniz derinleşmiyor. Su berrak ve cezbediyor. Plajı şezlong yönünden yeterli. Yer bulamadık derdimiz olmadı. Denizde de öyle müthiş kalabalık yok. Kaz göleti gibi değil yani herkes kendine alan bulabiliyor
Otel çalışanları gayet iyi niyetli ve işini yapıyor. (Sadece bir çalışanın ilk gün bişey isteriz diye sürekli yüzünü çevirmesi hatta istediğimiz şeyi ikiden fazla söylememize rağmen tamam diyip getirmemesi siparişimi kendim fırıncıya söylemem müthiş sinir bozucu olsa da belki iyi gününde değildi diyip hayatımıza devam ettik) Snack barda çok çeşit olmasa da pideleri gözlemeleri çok güzeldi. Otelde aktif saatler içinde birşeyler yiyebileceğiniz alanların kesintisiz bulunması güzel bir şey.
Akşam aktiviteleri geliştirilebilir. Ancak Türk gecesi süperdi.
Yemekler sönük diyemem yeterliydi. Çeşit çok çok fazla olmasa da olan yemekler lezzet bakımından gayet yeterliydi.
Eşim ve daha yaşına girmemiş çocuğumla Güzel bir tatil geçirdik. İşini layıkıyla yapan bizi ağırlayan otel çalışanlarına çok teşekkür ederim.",Google üzerinde bir ay önce,,,,,,,,,,https://www.google.com/travel/hotels/entity/ChkI89S85_60gP2gARoML2cvMXE2anpicjRqEAE,
156,BOD013,"Sentido Bellazure - Akyarlar, Bodrum / Turkey",Akyarlar,google_travel,3.0,5.0,3.0,,Otele bu sene ilk kez geldik. Muhtemelen bir daha tercih etmeyiz. Mükemmel bir denize sahip gerçekten deniz suyuna bayıldık. Havuz ve şezlong imkanları da otel kapasitesine göre gayet yeterli. Yiyecek olarak çeşitlilik az ama gayet lezzetli. Oda temizliği hergün yapılıyor. Odalar gayet temiz ama gider kokusu geliyor. Fakat animasyon çok zayıf. Akşamları çok sıkıldık. Animasyon daha kaliteli olmalı hiç bize hitap etmiyordu. 4 gece 5 gün kaldık sadece 1 akşam eğlence oldu. Pool barda ki Binnur Türk ablaya ayrıca teşekkür ederiz. Bizimle çok güzel ilgilend. Güneşten aşırı derecede yandık ertesi gün bize ilaç getirdi ve o kadar iyi geldi ki. Ne kadar teşekkür etsek az kalır.,Google üzerinde bir ay önce,,,,,,,,,,https://www.google.com/travel/hotels/entity/ChkI89S85_60gP2gARoML2cvMXE2anpicjRqEAE,
157,BOD013,"Sentido Bellazure - Akyarlar, Bodrum / Turkey",Akyarlar,google_travel,4.0,5.0,4.0,,"4 gecelik konaklamamız oldu temmuz ayı içerisinde. Öncelikle serin bir haftaya da denk geldiğimizi, bodrum’un suyunun zaten serin olduğunu da belirterek başlayayım.
Sahil&deniz; otelden çıkıp 3 dk gibi yürünerek özel plaja gidiliyor. Bar ve pide fırını duş vs bulunmakta, pideler çok iyiydi. Not olarak geçeyim. 🥲 deniz sanırım bulundugum en guzel deniz, kum, sıg ve tertemiz. Denizdeki her ayrıntı ustten gorunuyor zaten. Tek eksi soguk, soguk su sevenler aşık olur ama. Deniz çarsaf gibiydi. Hayatımda bu kadar cok denizde durmamisimdir.
Misafirler agırlıklı türk aileler.
Odalar; oda oldukça geniş, temiz. Yatak rahat.
Yemekler; lezzetli ve yeterli. Ozellikle her gün cıkan türk yemekleri kısmı cok lezzetliydi.
Hizmet; genel anlamda çalışanlar güleryüzlü ve yardımcı. Sorunsuz bir iletisim vardi.
Sahilde, barlarda siparisi calısanlar getirebiliyor, bir sey isteyip istemedigimizi soruyorlar cay servisi sezlonga var :) otel inanılmaz büyük degil, yetisebiliyor ve hizmet kalitesini böyle arttirabilmisler.
Havuz; temizdi. Garip bir sekilde asla dolu olmuyor, deniz sahil kısmı tercih ediliyor. Havuza havlu atma yarısı yoktu. Dedigim gibi sahile gidiyor cogu kisi.
Animasyon; ilgililer etkinliklere davet ettiler sık sık, güzel bir ekip var.
Genel anlamda f/p beklentimizin çok üstünde ayrılıyoruz.
Ana eksi ise, belki bulundugumuz kata ozeldir bir lavabo rutubet kokusu ara ara koridorda oluyor (2. Kat sonları) odaya sinen kokuyu çözdüler, ilave havalandirma ile de halloldu.
Genel anlamda aldıgı yüksek puanları hak etmis diyebiliriz.",Google üzerinde bir ay önce,,,,,,,,,,https://www.google.com/travel/hotels/entity/ChkI89S85_60gP2gARoML2cvMXE2anpicjRqEAE,
158,BOD013,"Sentido Bellazure - Akyarlar, Bodrum / Turkey",Akyarlar,google_travel,5.0,5.0,5.0,,"Kesinlikle deneyimlenmesi gereken bir otel. Terasta manzaraya karşı Türk kahvesi içmek çok güzeldi. Kara manzaralı olarak geçen odalar da denize bakıyor. Odamız her gün temizlendi, koku, rutubet yoktu. Ana havuz gayet büyükve temiz, ayrıca relaks havuz da mevcut. Kaydırak yok, olsa eğlenceli olurdu. Sahilde otele ait iskele var, deniz akvaryum gibi sıfır dalga muhteşemdi ama biraz soğuk. Kurban bayramında oradaydık ve ne havuzda ne sahilde şezlong sıkıntısı yaşamadık. Sahilde, havuz kenarında, restoranda her yerde personellerin ilgi alakası gayet iyi, ayağınıza kadar hizmet veriyorlar, istediğinizi getiriyorlar. Açık büfe kahvaltı ve yemekler çok başarılı, et ürünleri eksik olmuyor. Kahvaltıda tost, omlet gibi sıcak ürünler istediğiniz anda yapılıyor, beklemiş ürün almıyorsunuz. Aynı şekilde yemeklerde de bazı ürünler hemen o anda personel tarafından hazırlanıp servis ediliyor. Dana antrikot menü ve Kayseri yağlaması o şekilde oldu. Onun dışında da zaten açık büfe yemek seçenekleri ve tatlıları çok iyi. Otelin en çok beğendiğim hizmeti havuz ve sahilde iki tane fırın olması. İstediğiniz anda pide, pizza ve hamburger yaptırabiliyorsunuz. Gözünüzün önünde yapıyor ve pişiriyor, karışık pizza ve kıymalı kaşarlı pide çok başarılı. Bazı öğünlerde restorana bile gitmedik. Akşam zaten standart animasyonlar ve eğlenceler oluyor. Türk Gecesi'ne denk geldik güzel bir gösteri yapıldı. Olumsuz tek unsur iki gün sürekli olarak çok fazla rüzgar yedik, bu da otelle alakalı bir durum değil. Kısaca fiyatına göre olabilecek en iyi hizmeti alarak memnun bir şekilde otelden ayrıldık.",Google üzerinde 2 ay önce,,,,,,,,,,https://www.google.com/travel/hotels/entity/ChkI89S85_60gP2gARoML2cvMXE2anpicjRqEAE,
159,BOD013,"Sentido Bellazure - Akyarlar, Bodrum / Turkey",Akyarlar,google_travel,1.0,5.0,1.0,,"Öncelikle bunca yapılmış olan iyi yorumun nereden ve nasıl geldiğini anlayamayarak başlamak isterim. Otelin genel politikası sanıyorum ki şu şekilde; çalışanlar ile konaklayanlar arasında duygusal bağ kurma odaklı zaten tüm yorumlara bakarsanız hep stafftan birilerinin ismiyle teşekkürleri görürsünüz.
Otelin öncelikle konumu çok güç daha önce de akyarlarda otellerde konakladım hem kefalukada hem de xanaduda kaldım diğer otellere giden yollar daha bakımlı yönlendirmeler daha netti. Otele vardığımız anda doğru düzgün bir otopark dahi mevcut değildi otelin önündeki olan limitli yerler de dolmuştu yola aracımızı bırakabileceğimizi sorumluluk almadıklarını belirttiler. Akabinde resepsiyonda karşılandık evet güler yüz var lakin kalite çok çok düşük otelin lobby alanında dahi. Odamızı aldık ana binada değil bodrum evi tarzı odalarda konakladık. Odalar inanılmaz eski tuvaletindeki sifon akıtıyor oda minicik ve mobilyalar neredeyde 2010ların başından beri hiç yenilenmemişti. Akyarlar olduğu için tek umudum güpgüzel deniziydi ancak otel denize sıfır değil direkt denize açılan bir arazisi yok otelin arka kapısından çıkıp 200 metre kadar yürüyorsunuz evlerin arasından ve otele ait kiralanmış bir plaja ulaşıyorsunuz ama plaj dediysem öyle büyük kumdan güzel bir alan hayal etmeyin maks 20 metre genişliğinde bir sahil alanı mevcut halk plajının içinde bir alan o da.. şezloglar çok kalitesiz her yeriniz ağrır. Plajdaki alanda sarece bira şarap servisi mevcut ama alkol kalitesi zaten berbat, beach snack alanındaki lezzetler de alkollerin kötülüğüne eşlik eder cinsten
pide hamurundan yapılmış pizza yağ içindeydi, patetes kızartması söyledik soğuk yağda kızarmış ve içine tüm yağı çekmişti. Otelin arka kapısından çıkılıp bu plaj alanına gelinen kapı saat akşam 8de kapanıyor hadi bir akşam yürüyüşü yapalım dahi diyemezsiniz. Yemek çeşidi çok çok azdı ama ana restauranttaki yemekler berbat diyemem olan çeşitler vasat durumdaydı. Tüm bunlar çerçevesinde 4 gece yaptığımız konaklama rezervasyonumuzu birinci gece konaklamamızdan sonra paramızı yakmak pahasına erken check out ile sonlandırıp farklı bir otele geçtik. İyi ki de erken çıkmışız 4 günümüzü rezil etmemiş olduk. Otelin çok kapamlı bir yenilenmeye ve en önemlisi kaliteli bir işletmeciye ihtiyacı var daha önce farklı sentidolarda kalmıştım ama sentido adına yakışmayan bir otel olmuş",Google üzerinde bir ay önce,,,,,,,,,,https://www.google.com/travel/hotels/entity/ChkI89S85_60gP2gARoML2cvMXE2anpicjRqEAE,
160,BOD013,"Sentido Bellazure - Akyarlar, Bodrum / Turkey",Akyarlar,google_travel,5.0,5.0,5.0,,"Otel çok sakin ve temizdi. Personel çok ilgili ve güleryüzlü. Her sorunumuz anında çözümlendi. Yemek seçeneği çoktu, her an karnınızı doyurabiliyorsunuz. Gün dolu dolu geçiyor. Sahili de çok yakındı ve yine çocuklar için uygundu. Çocuklar … Devamı",Google üzerinde 2 ay önce,,,,,,,,,,https://www.google.com/travel/hotels/entity/ChkI89S85_60gP2gARoML2cvMXE2anpicjRqEAE,
161,BOD013,"Sentido Bellazure - Akyarlar, Bodrum / Turkey",Akyarlar,google_travel,2.0,5.0,2.0,,"13-18 Temmuz 2026 tarihlerinde Bodrum Sentido Bellazure Otel’de konaklama yaptım. Ancak deneyimim, otelin internet sitesinde ve satış sırasında vaat edilen hizmetlerle örtüşmedi. …",Tripadvisor üzerinde bir ay önce,,,,,,,,,,https://www.google.com/travel/hotels/entity/ChkI89S85_60gP2gARoML2cvMXE2anpicjRqEAE,
162,BOD013,"Sentido Bellazure - Akyarlar, Bodrum / Turkey",Akyarlar,google_travel,5.0,5.0,5.0,,21 Mayıs’ta otele giriş yaptık. 8 günlük bir balayı tatili geçirdik. Ana binada konakladık ve kaldığımız süre boyunca odadan yana bir problem yaşamadık. Otelin konumu bir tık uzak biz aracımızla gittik. Otel içerisinde denk geldiğimiz her … Devamı,Google üzerinde 2 ay önce,,,,,,,,,,https://www.google.com/travel/hotels/entity/ChkI89S85_60gP2gARoML2cvMXE2anpicjRqEAE,
163,BOD013,"Sentido Bellazure - Akyarlar, Bodrum / Turkey",Akyarlar,google_travel,5.0,5.0,5.0,,"Otelden son derece memnun kaldığımız için yorum yapma ihtiyacı hissettim. Öncelikle iyi niyetli yaklaşımlarından bahsetmek istiyorum. Otel dışındaki blokajlı odalardan satın almış olmamıza rağmen, hamile olmam sebebiyle merdiven çıkmadan … Devamı",Google üzerinde 2 ay önce,,,,,,,,,,https://www.google.com/travel/hotels/entity/ChkI89S85_60gP2gARoML2cvMXE2anpicjRqEAE,
164,BOD013,"Sentido Bellazure - Akyarlar, Bodrum / Turkey",Akyarlar,google_travel,5.0,5.0,5.0,,Şuan itibariyle 4 gün 3 gecelik tatilimiz bitmis bulunmakta:) bodrum da başka bir otele rezervasyon yapmıştık ama hiç beğenmedik o nedenle bir gece konaklayip etrafta otel araştırmaya başladık tanıdığımin aracılığıyla bu oteli bulduk. İyi … Devamı,Google üzerinde 2 ay önce,,,,,,,,,,https://www.google.com/travel/hotels/entity/ChkI89S85_60gP2gARoML2cvMXE2anpicjRqEAE,
165,BOD013,"Sentido Bellazure - Akyarlar, Bodrum / Turkey",Akyarlar,google_travel,4.0,5.0,4.0,,"6 günlük güzel bir tatil yaptık, yemekleri, içecekleri, çalışanları herşeyi yeterliydi plaja olan uzaklığı çok değil göz ardı edilebilir bir seviye de. Eksikleri saymak gerekirse ana binada kalmıyorsanız ciddi bir merdiven inip çıkma … Devamı",Google üzerinde bir ay önce,,,,,,,,,,https://www.google.com/travel/hotels/entity/ChkI89S85_60gP2gARoML2cvMXE2anpicjRqEAE,
166,BOD013,"Sentido Bellazure - Akyarlar, Bodrum / Turkey",Akyarlar,google_travel,4.0,5.0,4.0,,+16 diye ETS tarafından pazarlanan Sendito'ya geldiğimizde tesis bebek ve çocuk kaynıyordu.😠 Galiba biz yanlış anladık. 0-16 yaş arasıydi. Bunun yanı sıra tesisin denize ulaşımı zahmetli yaklaşık 100-150 metre yürüme mesafesinde. Allah'tan … Devamı,Google üzerinde bir ay önce,,,,,,,,,,https://www.google.com/travel/hotels/entity/ChkI89S85_60gP2gARoML2cvMXE2anpicjRqEAE,
167,BOD013,"Sentido Bellazure - Akyarlar, Bodrum / Turkey",Akyarlar,google_travel,4.0,5.0,4.0,,"11 senenin ardından bu otele tekrar gelmek istedik; çünkü konumu ve denizi bizi yıllar önce çok etkilemişti. 7 gecelik konaklamamız bugün sona erdi. Her zamanki gibi denizi harikaydı, tüm personel ise her zaman güler yüzlü ve yardımcı olmak … Devamı",Google üzerinde 2 ay önce,,,,,,,,,,https://www.google.com/travel/hotels/entity/ChkI89S85_60gP2gARoML2cvMXE2anpicjRqEAE,
168,BOD013,"Sentido Bellazure - Akyarlar, Bodrum / Turkey",Akyarlar,google_travel,3.0,5.0,3.0,,"Otel çalışanları çok ilgili ve güler yüzlüydü. Özellikle Velit Bey ve ekibi gerçekten muhteşem insanlardı. Odamızda yaşanan bir sorunun ardından oda değişikliği konusunda oldukça yardımcı oldular. Yemekler genel olarak çok lezzetliydi, … Devamı",Google üzerinde 2 ay önce,,,,,,,,,,https://www.google.com/travel/hotels/entity/ChkI89S85_60gP2gARoML2cvMXE2anpicjRqEAE,
169,BOD013,"Sentido Bellazure - Akyarlar, Bodrum / Turkey",Akyarlar,google_travel,5.0,5.0,5.0,,Arkadaşlarımızın her sene ilk ve sonbaharda kaldıkları bir otele onları ziyarete gittik 2 gece kalır döneriz diye düşünmüştük. 5 gece kaldık mükemmel bir otel odalar geniş ve tertemiz yemekleri çok çeşitli ve lezzetli. Kendine ait plajı … Devamı,Google üzerinde bir ay önce,,,,,,,,,,https://www.google.com/travel/hotels/entity/ChkI89S85_60gP2gARoML2cvMXE2anpicjRqEAE,
170,BOD013,"Sentido Bellazure - Akyarlar, Bodrum / Turkey",Akyarlar,google_travel,5.0,5.0,5.0,,"Otel çok sakin ve temizdi. Personel çok ilgili ve güleryüzlü. Her sorunumuz anında çözümlendi. Yemek seçeneği çoktu, her an karnınızı doyurabiliyorsunuz. Gün dolu dolu geçiyor. Sahili de çok yakındı ve yine çocuklar için uygundu. Çocuklar için güvenli havuza sahip fakat havuz biraz daha geliştirilebilir, gün içinde çocuklar için kids club kurulabilir o konuda yetersiz buldum. Animasyon ekibindeki personellerin çocuklarla iletişimi yüksek fakat katılım az ve etkinlik seçeneği az olduğu için yetersiz kaldıklarını düşünüyorum.",Google üzerinde 2 ay önce,,,,,,,,,,https://www.google.com/travel/hotels/entity/ChkI89S85_60gP2gARoML2cvMXE2anpicjRqEAE,
171,BOD013,"Sentido Bellazure - Akyarlar, Bodrum / Turkey",Akyarlar,google_travel,5.0,5.0,5.0,,"21 Mayıs’ta otele giriş yaptık. 8 günlük bir balayı tatili geçirdik. Ana binada konakladık ve kaldığımız süre boyunca odadan yana bir problem yaşamadık. Otelin konumu bir tık uzak biz aracımızla gittik. Otel içerisinde denk geldiğimiz her personel güler yüzlü, yardımsever ve çok tatlı insanlardı. Mükemmel bir hizmet kapasitesi mevcut. Personellerden Hediye hanım bize sürekli destek oldu ve buradan da kendisine çok teşekkür ediyoruz. Yemekleri çok çeşitli ve her damak tadına uygundu ve bizi bu durum çok mutlu etti. 2 dakikalık mesafeyle otelin beach tarafına gidebiliyorsunuz. Balayı tatilimiz için iyi ki böyle bir oteli tercih etmişiz ve pişmanlık yaşamadan dönüyoruz.",Google üzerinde 2 ay önce,,,,,,,,,,https://www.google.com/travel/hotels/entity/ChkI89S85_60gP2gARoML2cvMXE2anpicjRqEAE,
172,BOD013,"Sentido Bellazure - Akyarlar, Bodrum / Turkey",Akyarlar,google_travel,5.0,5.0,5.0,,"Otelden son derece memnun kaldığımız için yorum yapma ihtiyacı hissettim. Öncelikle iyi niyetli yaklaşımlarından bahsetmek istiyorum. Otel dışındaki blokajlı odalardan satın almış olmamıza rağmen, hamile olmam sebebiyle merdiven çıkmadan tesisin imkanlarından yararlanabilmemiz için otel içerisindeki havuz katı oda verdiler. Tekrar teşekkür ederiz. Odalar oldukça büyük ve temizdi. Hijyenle alakalı otelin hiçbir kısmında sorun yaşamadık. Yemekler yeterince çeşitli ve lezzetli. Çalışanlar güler yüzlü ve oldukça hızlılar. Hiçbir sipariş için beklemedik. Snack bardaki fırın oldukça başarılı ve pide/pizza tercih ederseniz gayet lezzetli. Deniz resimlerden uzak gözükmesine rağmen çok yakın, yürüyerek 2 dk kadar. Deniz zaten şahane. Her yerde garson ve çalışan bulabilirsiniz. Seneye tekrar geleceğimiz kesin :)",Google üzerinde 2 ay önce,,,,,,,,,,https://www.google.com/travel/hotels/entity/ChkI89S85_60gP2gARoML2cvMXE2anpicjRqEAE,
173,BOD013,"Sentido Bellazure - Akyarlar, Bodrum / Turkey",Akyarlar,google_travel,5.0,5.0,5.0,,"Şuan itibariyle 4 gün 3 gecelik tatilimiz bitmis bulunmakta:) bodrum da başka bir otele rezervasyon yapmıştık ama hiç beğenmedik o nedenle bir gece konaklayip etrafta otel araştırmaya başladık tanıdığımin aracılığıyla bu oteli bulduk. İyi ki de buraya gelmişiz.
11 yıldır her sene en az 2-3 kez yaz tatili yaparız ama ilk kez bu kadar ilgili ve güler yüzlü çalişanlar gördüm. Bu bile insanın tatilini güzel geçirmesi için yeterli olabiliyor. Abdullah,Reşit, ve adını hatirlamadigim restorant personelleri şahanesiniz!
Yemekler çeşitli ve güzel,salatalar kısmına belki biraz daha özen gösterilmeli o kadar 🙃
Odalarımız biz her havuza gidip geldigimizde temizlenmiş oluyordu bu çok kıymetli ve güzel bunun için de ayrıca teşekkür ederim. Sadece animasyonlar biraz zayıfti yada bize denk gelmedi bilmiyorum. Ama ekibi elinden geleni yapıyor. He bu arada lütfen tekila da bulundurun :)
Emeklerinize sağlık...",Google üzerinde 2 ay önce,,,,,,,,,,https://www.google.com/travel/hotels/entity/ChkI89S85_60gP2gARoML2cvMXE2anpicjRqEAE,
174,BOD013,"Sentido Bellazure - Akyarlar, Bodrum / Turkey",Akyarlar,google_travel,4.0,5.0,4.0,,"6 günlük güzel bir tatil yaptık, yemekleri, içecekleri, çalışanları herşeyi yeterliydi plaja olan uzaklığı çok değil göz ardı edilebilir bir seviye de. Eksikleri saymak gerekirse ana binada kalmıyorsanız ciddi bir merdiven inip çıkma durumunda kalıyorsunuz. Ana binadaki bütün odalar denize yada havuza bakıyor o güzel. Biz clup odalarda kaldık odalarda temizlik hijyen güzel lakin ciddi şekilde tuvaletlerden gider kokusu geliyor. Onun dışında herşey normaldi. Yemek çeşitliliği yeterliydi. Bar kısmında bazı alkollü içecekler ücretli satılıyor. Otelde vale yok ve otopark problemi var. Genel olarak otelde Türk misafirler hakim pek turist bulunmuyor. Gerçek bir fiyat performans oteli bence bütüne baktığımız da güzel bir tatil geçirdik teşekkür ederiz.",Google üzerinde bir ay önce,,,,,,,,,,https://www.google.com/travel/hotels/entity/ChkI89S85_60gP2gARoML2cvMXE2anpicjRqEAE,
175,BOD013,"Sentido Bellazure - Akyarlar, Bodrum / Turkey",Akyarlar,google_travel,4.0,5.0,4.0,,"+16 diye ETS tarafından pazarlanan Sendito'ya geldiğimizde tesis bebek ve çocuk kaynıyordu.😠 Galiba biz yanlış anladık. 0-16 yaş arasıydi. Bunun yanı sıra tesisin denize ulaşımı zahmetli yaklaşık 100-150 metre yürüme mesafesinde. Allah'tan plaş yöneticisi Levent bey ve ekibi mükemmel bir hizmet sunuyorlar. Bu güleryüz ve iyi hizmetleri sayesinde bu zamhete değiyor.
Odalar,yemek,temizlik ve güler yüzlü personel sayesinde tesis bir kez denenmeye değer. 😊",Google üzerinde bir ay önce,,,,,,,,,,https://www.google.com/travel/hotels/entity/ChkI89S85_60gP2gARoML2cvMXE2anpicjRqEAE,
176,BOD013,"Sentido Bellazure - Akyarlar, Bodrum / Turkey",Akyarlar,google_travel,4.0,5.0,4.0,,"11 senenin ardından bu otele tekrar gelmek istedik; çünkü konumu ve denizi bizi yıllar önce çok etkilemişti. 7 gecelik konaklamamız bugün sona erdi. Her zamanki gibi denizi harikaydı, tüm personel ise her zaman güler yüzlü ve yardımcı olmak için gerçekten çok ilgiliydi.
Özellikle beach bölümünde Madiyar’a, restoranda Havva’ya ve havuz, dondurma standı, restoran, bar kısacası otelin her yerinde çalışan Sait’e ilgi, alakaları ve samimiyetleri için ekstra teşekkür etmek isteriz.
Fakat bu otele hiç yakışmayan nokta kesinlikle animasyon ekibiydi. Ekip oldukça ruhsuz ve enerjisizdi. Kaldığımız süre boyunca neredeyse her gün bingo oyunu için bilet satmaya çalışmaları bir noktadan sonra rahatsız edici olmaya başladı.
En büyük hayal kırıklıklarımızdan biri de Kurban Bayramı döneminde yaşandı. Pek çok otel o günlere özel hazırlıklar yaparken, Sentido Bellazure’da sadece Afrika akrobasi gösterisi olması bize yeterince özel hissettirmedi. Daha özenli bir program hazırlanabilirdi diye düşünüyoruz.
Bunun dışında temizlik ve yemekler genel olarak yeterliydi.",Google üzerinde 2 ay önce,,,,,,,,,,https://www.google.com/travel/hotels/entity/ChkI89S85_60gP2gARoML2cvMXE2anpicjRqEAE,
177,BOD013,"Sentido Bellazure - Akyarlar, Bodrum / Turkey",Akyarlar,google_travel,3.0,5.0,3.0,,"Otel çalışanları çok ilgili ve güler yüzlüydü. Özellikle Velit Bey ve ekibi gerçekten muhteşem insanlardı. Odamızda yaşanan bir sorunun ardından oda değişikliği konusunda oldukça yardımcı oldular. Yemekler genel olarak çok lezzetliydi, yalnızca tavuk yemeklerini çok başarılı bulmadık. Denizi ve havuzları özellikle çocuklu aileler için oldukça uygun ve keyifliydi.
7 günlük konaklamamız boyunca hizmet kalitesinden genel anlamda memnun kaldık. Ancak en büyük eksik, akşam eğlence anlayışıydı. Yönetim ekibi eğlence ve müzik konusunda oldukça kısıtlayıcı davranıyor. Bu kadar güzel hizmet sunulan bir otelde, akşamları bu kadar ruhsuz ve yetersiz bir ortam olması gerçekten hayal kırıklığı yarattı. Tatile sadece uyumaya değil, aynı zamanda eğlenmeye de geliyoruz. Bu konuda misafir beklentilerinin daha fazla dikkate alınması gerektiğini düşünüyorum.",Google üzerinde 2 ay önce,,,,,,,,,,https://www.google.com/travel/hotels/entity/ChkI89S85_60gP2gARoML2cvMXE2anpicjRqEAE,
178,BOD013,"Sentido Bellazure - Akyarlar, Bodrum / Turkey",Akyarlar,google_travel,5.0,5.0,5.0,,Arkadaşlarımızın her sene ilk ve sonbaharda kaldıkları bir otele onları ziyarete gittik 2 gece kalır döneriz diye düşünmüştük. 5 gece kaldık mükemmel bir otel odalar geniş ve tertemiz yemekleri çok çeşitli ve lezzetli. Kendine ait plajı iskelesi harika. Personel ilgili artık her yıl mutlaka gitmeyi düşünüyoruz. Kokteylleri alacart restourantı fiyatının çok üstünde hizmet veren bir otel teşekkürler🙏🏻,Google üzerinde bir ay önce,,,,,,,,,,https://www.google.com/travel/hotels/entity/ChkI89S85_60gP2gARoML2cvMXE2anpicjRqEAE,
179,BOD013,"Sentido Bellazure - Akyarlar, Bodrum / Turkey",Akyarlar,google_travel,2.0,5.0,2.0,,26.05.2026 tarihinde Kurban Bayramı döneminde 2 yetişkin ve 13 yaşındaki çocuğumuzla birlikte 4 gün konaklama yaptık. … Devamı,Google üzerinde 2 ay önce,,,,,,,,,,https://www.google.com/travel/hotels/entity/ChkI89S85_60gP2gARoML2cvMXE2anpicjRqEAE,
180,BOD013,"Sentido Bellazure - Akyarlar, Bodrum / Turkey",Akyarlar,trip,10.0,10.0,5.0,,Dreamer04731033535,"Posted June 21, 2026",,Travelling with friends,,Show More,,,,,,https://uk.trip.com/hotels/bodrum-hotel-detail-10720331/sentido-bellazure-all-inclusive/,
181,BOD013,"Sentido Bellazure - Akyarlar, Bodrum / Turkey",Akyarlar,trip,10.0,10.0,5.0,,"Sentido Bellazure in Akyarlar is an absolute gem on the Bodrum map a place you will want to return to with pure delight. This hotel has a certain magic that makes no other place compare. Breathtaking views: The hilltop location offers a spectacular panorama of the blue bay and the Greek island of Kos. Drinking your morning coffee on the terrace here is truly priceless. Warm-hearted staff: The staff don't just do their jobs; they genuinely care about every guest. Their hospitality, smiles, and flawless service make you feel at home immediately. Culinary paradise: Meals at Sentido Bellazure are a real feast for the palate. The choice of dishes is huge, everything is fresh and everything is served with the utmost care. Private relaxation area: An intimate, private beach and crystal-clear water provide the perfect conditions for unwinding. The experience is perfectly complemented by great pools and a fantastic spa center.","Posted June 21, 2026","Stayed in June, 2026",Travelling with friends,,,,,,,,https://uk.trip.com/hotels/bodrum-hotel-detail-10720331/sentido-bellazure-all-inclusive/,
182,BOD013,"Sentido Bellazure - Akyarlar, Bodrum / Turkey",Akyarlar,trip,10.0,10.0,5.0,,"We arrived at the hotel on the evening of June 13th, and so far we have been having a wonderful experience. Of course, the facilities are excellent and the food is very good, but what truly makes the difference are your people. From the reception team, concierge services, bars and restaurants, all the way to the beach staff, we have consistently encountered professionalism, kindness, and genuine hospitality. On this occasion, I would particularly like to recognize four members of your team: Resit, Emrullah, Bavur, and Zeynep. Their positive attitude, attentiveness, and dedication have made our stay even more enjoyable. I sincerely hope that you take good care of your staff, as they are the real differentiating factor in an era when facilities and food quality have become relatively standardized across the hospitality industry. We look forward to returning next year.","Posted June 18, 2026","Stayed in June, 2026",Family,,,,,,,,https://uk.trip.com/hotels/bodrum-hotel-detail-10720331/sentido-bellazure-all-inclusive/,
183,BOD013,"Sentido Bellazure - Akyarlar, Bodrum / Turkey",Akyarlar,trip,10.0,10.0,5.0,,"What a place we have been,i'd like to thank to all sentido staff,hardwork and kind people thanks a lot,we had such a lovely holiday,good staff,delicious foods,comfortable room,good serv,nice view,perfect holiday,i just wanna say this its marvellous,if u ask us we come back yes sure we are maybe next year maybe the year after good entertainment especially the olympic games was amazing and friendly staff,i just wanna thank to furkan and havva to just saying hello to you by by sentido bellazure","Posted May 29, 2026","Stayed in May, 2026",Couple,,,,,,,,https://uk.trip.com/hotels/bodrum-hotel-detail-10720331/sentido-bellazure-all-inclusive/,
184,BOD013,"Sentido Bellazure - Akyarlar, Bodrum / Turkey",Akyarlar,trip,8.0,10.0,4.0,,"Areas are under development, dangerous traffic","Posted September 7, 2023","Stayed in September, 2023",Family,,,,,,,,https://uk.trip.com/hotels/bodrum-hotel-detail-10720331/sentido-bellazure-all-inclusive/,
185,BOD013,"Sentido Bellazure - Akyarlar, Bodrum / Turkey",Akyarlar,trip,2.0,10.0,1.0,,Otel çalışanları kendilerini patron sayıyorlar.Gece eğlencesinde bir tane istek parçası istedik onu bile çalmadılar. Bir şey istediğimizde bir dayak yemediğimiz kalmadı..,"Posted September 1, 2024","Stayed in September, 2024",,,,,,,,,https://uk.trip.com/hotels/bodrum-hotel-detail-10720331/sentido-bellazure-all-inclusive/,
186,BOD013,"Sentido Bellazure - Akyarlar, Bodrum / Turkey",Akyarlar,trip,10.0,10.0,5.0,,"What a place we have been,i'd like to thank to all sentido staff,hardwork and kind people thanks a lot,we had such a lovely holiday,good staff,delicious foods,comfortable room,good serv,nice view,perfect holiday,i just wanna say this its marvellous,if u ask us we come back yes sure we are maybe next year maybe the year after good entertainment especially the olympic games was amazing and friendly staff,i just wanna thank to furkan and havva to just saying hello to you by by sentido bellazure","Posted June 18, 2026",,Family,,Show More,,,,,,https://uk.trip.com/hotels/bodrum-hotel-detail-10720331/sentido-bellazure-all-inclusive/,
187,BOD013,"Sentido Bellazure - Akyarlar, Bodrum / Turkey",Akyarlar,trip,10.0,10.0,5.0,,"Areas are under development, dangerous traffic","Posted May 29, 2026",,Couple,,Show More,,,,,,https://uk.trip.com/hotels/bodrum-hotel-detail-10720331/sentido-bellazure-all-inclusive/,
188,BOD014,Suum Bodrum Hotel & Beach,Akyarlar,trip,10.0,10.0,5.0,,Overall pleasant place. They need to upgrade their stuff. They should not argue around their guests.,"Posted July 21, 2025",,Couple,,Show More,,,,,,https://us.trip.com/hotels/bodrum-hotel-detail-116725989/suum-bodrum-hotel-beach/,
189,BOD014,Suum Bodrum Hotel & Beach,Akyarlar,trip,10.0,10.0,5.0,,"I loved the quietness of this hotel. The staff were top notch, all in all, I definitely recommend this hotel for anyone who is looking for a great time in Bodrum","Posted July 21, 2025",Stayed in July 2025,Couple,,,,,,,,https://us.trip.com/hotels/bodrum-hotel-detail-116725989/suum-bodrum-hotel-beach/,
190,BOD014,Suum Bodrum Hotel & Beach,Akyarlar,trip,10.0,10.0,5.0,,Overall pleasant place. They need to upgrade their stuff. They should not argue around their guests.,"Posted September 4, 2024",Stayed in September 2024,Couple,,,,,,,,https://us.trip.com/hotels/bodrum-hotel-detail-116725989/suum-bodrum-hotel-beach/,
191,BOD014,Suum Bodrum Hotel & Beach,Akyarlar,trip,10.0,10.0,5.0,,Very boutique and relaxing stay.,"Posted July 4, 2025",Stayed in July 2025,,,,,,,,,https://us.trip.com/hotels/bodrum-hotel-detail-116725989/suum-bodrum-hotel-beach/,
192,BOD014,Suum Bodrum Hotel & Beach,Akyarlar,trip,6.0,10.0,3.0,,"What a pity for such a good product After asking many times for cleaning our room floor instead they have been changing the slippers. The waiters in restaurants and the deck area were very kind and helpful. The information regarding the hotel description is missing because the hotel renovated and open upon 2 mounths. For this matter they have a very deep staff problem. Me and my wife we witnessed several complaints at the reception area when we were waiting our car delivery. I didn’t find professional at all the approach of the guest relation manager with other guest especially when she was complaining and some others were checking in. :)))) Our complain mentioned but no any return form management. Very good product will be ruin by incapacity of the management. I have been TO and the owner of the company more then 10 years in Italy please take my critics in a positive way, not as an complain of upset a sojorn guest.","Posted July 21, 2024",Stayed in July 2024,,,,,,,,,https://us.trip.com/hotels/bodrum-hotel-detail-116725989/suum-bodrum-hotel-beach/,
193,BOD014,Suum Bodrum Hotel & Beach,Akyarlar,trip,2.0,10.0,1.0,,Verified by,"Posted September 13, 2025",Stayed in September 2025,Traveling with friends,,,,,,,,https://us.trip.com/hotels/bodrum-hotel-detail-116725989/suum-bodrum-hotel-beach/,
194,BOD014,Suum Bodrum Hotel & Beach,Akyarlar,trip,2.0,10.0,1.0,,"Enttäuschender Aufenthalt - keine Empfehlung! Das Personal war desinteressiert an nicht türkisch sprechenden Gästen, die Schürzen meist fleckig u dreckig, Verständigung wegen fehlender Englischkenntnisse über google Übersetzer, teils junges u ungeschultes Personal im Service, Teller werden mit einem Servierwagen abgeräumt mit die Essensreste am Tisch in den angehängten Mülleimer gekippt, teils obwohl am Tisch noch gegessen wurde, der Hauptgang wurde serviert und einfach auf noch halbvolle Vorspeisenteller gestellt. Im Resto gibt es kein a la Carte Essen sondern ein festes Menü, die Vorspeisen wurden auf den Tisch gestellt, ob man wollte oder nicht, der Hauptgang kann ausgewählt werden, leider war die Qualität der Speisen mangelhaft, so dass wir die letzten Tage auswärts gegessen haben - Essen lauwarm oder kalt, Eierspeisen kalt, Joghurt auch mal sauer, Obst immer eingetrocknet oder mit Stellen, Brot alt oder bereits abgebrochen im Brotkorb, Tische wurden mit Erfrischungstüchern abgewischt, Wein wurde in Wasser oder Martinigläsern serviert, Aperol Spritz in Sektflöten - alles war ganz weit entfernt von den im Netz gezeigten Bildern, Zimmer und Balkone werden nur oberflächlich gereinigt - gebrauchtes Geschirr steht Tage herum. Barpersonal mehr am Handy als Bestellungen entgegen zu nehmen, man wurde auf sein Insta Account angesprochen oder es wurde unangenehm geflirtet, Poolliegen mit Schimmelflecken u teils mit Rissen, Rezi sehr freundlich, hilfsbereit u professionell.","Posted October 11, 2025",Stayed in October 2025,,,,,,,,,https://us.trip.com/hotels/bodrum-hotel-detail-116725989/suum-bodrum-hotel-beach/,
195,BOD014,Suum Bodrum Hotel & Beach,Akyarlar,trip,2.0,10.0,1.0,,"⭐ (1 von 5 Sternen) Wir sind am 07.09. abends im Hotel angekommen. Leider mussten wir schon am nächsten Morgen feststellen, dass dieses Haus absolut kein 5-Sterne-Standard ist. • Zimmer & Bad: Dusche stark verschmutzt, Armaturen verrostet, Möbel abgenutzt, Mülleimer und WC-Bürste dreckig (siehe Fotos). Das Bett war nicht frisch bezogen – unter dem Laken befanden sich Haare und Flecken. Im gesamten Zimmer lagen Staub und Schmutz in den Ecken. • Frühstück: Tomaten, Gurken und Brot waren trocken und nicht frisch. Zudem haben wir Insekten im Essen gesehen. • Anlage & Strand: Überall liegen Katzen- oder Hundekot. Die Liegen und Sonnenschirme sind alt und teils kaputt. • Obwohl das Hotel als renoviert beworben wird, ist vieles nur oberflächlich gemacht – die Substanz bleibt alt und ungepflegt. Service & Personal: Die Kellner sind sehr nett und höflich und bemühen sich wirklich, den Service am Laufen zu halten. Allerdings wirkt vieles unkoordiniert – es ist oft nicht klar, welches Essen wohin gehört, und der Ablauf ist chaotisch. Trotzdem merkt man, dass sie sich Mühe geben, obwohl offensichtlich viel Stress herrscht. Wie auf den Fotos ersichtlich, entspricht dieses Hotel in keiner Weise den Angaben bei der Buchung. Besonders irritierend: Auf ******* wird es mit 9,6 „Exceptional“ bewertet – für uns völlig unverständlich. Fazit: Wir geben maximal einen Stern. Das Hotel ist weit entfernt von einem 5-Sterne-Standard und wir können es nicht empfehlen.","Posted September 14, 2025",Stayed in September 2025,Family,,,,,,,,https://us.trip.com/hotels/bodrum-hotel-detail-116725989/suum-bodrum-hotel-beach/,
196,BOD014,Suum Bodrum Hotel & Beach,Akyarlar,trip,10.0,10.0,5.0,,"Hizmet kalitesinden memnun kaldım. Havuz ve denize kolayca ulaşmak, farklı dünya mutfaklarına ait akşam yemeği hoş detaylardı.","Posted September 26, 2025",Stayed in September 2025,,,,,,,,,https://us.trip.com/hotels/bodrum-hotel-detail-116725989/suum-bodrum-hotel-beach/,
197,BOD014,Suum Bodrum Hotel & Beach,Akyarlar,trip,8.0,10.0,4.0,,"Otel, plajı ve deniz tertemiz. Olanaklar, yiyecek ve içecek genel itibariyle düzgün. Kafa dinlemek için ideal, eğlenmek içinse bir o kadar elverişsiz. Otelde ve civarında akşamları vakit geçirecek hiçbir şey bulunmuyor. Kahvaltıda ve öğlen servis edilen yiyecekler çeşitli ve yeterli ancak akşam yemekleri için aynı şeyi söyleyemeyeceğim. Akşam yemeklerinde acilen çözüm bulunmalı, hem lezzetsiz hem de çeşitlilik yok. Her akşam sadece 2 yemek oluyor. Aç kaldığımız veya mecburen yemek yediğimiz günler oldu.","Posted August 31, 2025",Stayed in August 2025,,,,,,,,,https://us.trip.com/hotels/bodrum-hotel-detail-116725989/suum-bodrum-hotel-beach/,
198,BOD014,Suum Bodrum Hotel & Beach,Akyarlar,trip,8.0,10.0,4.0,,"Otel çok güzel yapılmış. Öte yandan; çalışanlar oldukça deneyimsiz. İyi niyetli ve çalışkan olmaları yeterli değil; garsonluk, barmenlik, vs birer meslek. Buralarda turizm otelcilik mezunu gençleri tercih etmenizi öneririm.","Posted August 12, 2025",Stayed in August 2025,,,,,,,,,https://us.trip.com/hotels/bodrum-hotel-detail-116725989/suum-bodrum-hotel-beach/,
199,BOD016,Xanadu Island,Akyarlar,trip,10.0,10.0,5.0,,Diamond+,"Posted June 7, 2026",,Couple,,Show More,,,,,,https://www.trip.com/hotels/akyarlar-mahallesi-hotel-detail-17508018/xanadu-island-hotel/,
200,BOD016,Xanadu Island,Akyarlar,trip,10.0,10.0,5.0,,"I loved the hotel's location. It offers the best views on this coast. Being surrounded by the sea on all sides creates a private and secure atmosphere. The service was top-notch, absolutely no complaints. Everything was clean and tidy. We needed to iron some clothes and asked for an iron to be brought to our room. Instead, they offered to do it for free, and it was done within about an hour while we were out. I also appreciated that we had the opportunity to get a massage, and it was wonderful.","Posted June 7, 2026",Stayed in June 2026,Couple,Romance Suite,Russia,,,,,,https://www.trip.com/hotels/akyarlar-mahallesi-hotel-detail-17508018/xanadu-island-hotel/,
201,BOD016,Xanadu Island,Akyarlar,trip,10.0,10.0,5.0,,Really top premium resort! Calm place with a variety of amenities!,"Posted July 21, 2024",Stayed in July 2024,Couple,Courtyard Suite,,,,,,,https://www.trip.com/hotels/akyarlar-mahallesi-hotel-detail-17508018/xanadu-island-hotel/,
202,BOD016,Xanadu Island,Akyarlar,trip,10.0,10.0,5.0,,"Good hotel. Sunset room with a beautiful sunset view. Breakfasts are decent. For dinner there is always a large selection of fish, shrimp, and meat. you can't try everything. What we got was delicious. I liked the system for ordering drinks and fruits using a QR code. On the beach, by the pool. Comfortable.","Posted June 8, 2024",Stayed in June 2024,Couple,Sunset Suite,Russia,,,,,,https://www.trip.com/hotels/akyarlar-mahallesi-hotel-detail-17508018/xanadu-island-hotel/,
203,BOD016,Xanadu Island,Akyarlar,trip,10.0,10.0,5.0,,"What an amazing experience we had. Our first time in Turkey.. the hotel is stunning. A tear drop island south east of Turgutreis connected by a causeway. Transfer was via private minibus as we booked through Jet2 indulgent escapes which was very good albeit a 1 hour 15 minute drive through the windy roads south west from Bodrum airport. On arrival The hotel staff were so accommodating. We were upgraded to a deluxe suite which had stunning views across the Aegean Sea. Rooms were very spacious and clean with a king size bed, living room and large bathroom with an maxing spacious shower and large bath. The amenities were in the main excellent. The food was outstanding! Such an amazing selection at all meal times. The A La Carte restaurants were ok. We preferred the Italian to the Mexican one. We ate predominately in the main restaurant as the selection at every meal times was fabulous. Both snack bars were also very high quality and everything so fresh! The entertainment staff were amazing and a special thanks to Sait Ohran, Feryal Vardar, Fatmar Arslan and Zayne Prataa (hope we spelled their names correctly) always there to help, never too pushy if we just wanted to relax! Wonderful people - thank you! The hotel celebrated its 16th anniversary while we were there and we were treated to an amazing party shared with the staff and their families! What an amazing experience! Special thanks also to Arda and Memet on reception. Burak who ran the egg station and our thanks to his skills! The views around the island take your breath away.. we walked miles every day soaking up the amazing views. Sunbeds are excellent. The drinks and cocktails were lovely and nothing was too much for any member of staff. The gym was reasonably well stocked and we worked out most days. We never used the spa so can’t comment but the staff were happy to show us around. We will definitely be back and the weather in June was perfect!","Posted June 18, 2026",Stayed in June 2026,Couple,,,,,,,,https://www.trip.com/hotels/akyarlar-mahallesi-hotel-detail-17508018/xanadu-island-hotel/,
204,BOD016,Xanadu Island,Akyarlar,trip,10.0,10.0,5.0,,The teachers at the mini club are very kind and friendly They are very loving and responsible for my children. I am very happy and it feels like I am meeting a sibling because of the friendliness of the teachers at the mini club we love you girls and god bless you all,"Posted August 3, 2026",Stayed in August 2026,Family,,,,,,,,https://www.trip.com/hotels/akyarlar-mahallesi-hotel-detail-17508018/xanadu-island-hotel/,
205,BOD016,Xanadu Island,Akyarlar,trip,10.0,10.0,5.0,,Everything here is amaizing partys at the night are fantastic the workers are very nice and friendly especially Sait,"Posted July 23, 2026",Stayed in July 2026,Family,,,,,,,,https://www.trip.com/hotels/akyarlar-mahallesi-hotel-detail-17508018/xanadu-island-hotel/,
206,BOD016,Xanadu Island,Akyarlar,trip,10.0,10.0,5.0,,"A massive thank you to Xanadu Island’s yoga instructor, Zeynep, for making our holiday so special! My teenage daughter and I absolutely loved her brilliant, relaxing sessions. Zeynep brings such warm, positive energy and ensures everyone feels looked after, offering clear and attentive guidance. Practicing together with a stunning sea view was an incredibly peaceful, unforgettable experience and the perfect way to unwind. Highly recommend her classes if you visit. Thank you for a wonderful experience ️☀️","Posted July 14, 2026",Stayed in July 2026,Family,,,,,,,,https://www.trip.com/hotels/akyarlar-mahallesi-hotel-detail-17508018/xanadu-island-hotel/,
207,BOD016,Xanadu Island,Akyarlar,trip,8.0,10.0,4.0,,"Never been to this area before and a bit unsure about the holiday. I woke up to the most beautiful view I have ever seen. The pools were amazing and the à la carts were very good. Sometimes in the buffet , was a bit limited but we didn’t go hungry. The snack bar with waiters were amazing. We loved everything. The Rose bar was a pleasure . Most staff were good. On the down side, practically most of the staff could not speak English . I wanted the toilet but no one could understand . The cleaners came at 5 .30pm to clean our room . I had to say no as we were preparing to shower and go out. We had an incident at the pool. The young girl bringing our drinks dropped some of her drinks off the tray into my beach bag and my sun bed. Every thing was wet. I had my medication and glasses etc in the bag. She just walked away. We had to clean all our stuff as none of them spoke English . Apart from that we had an amazing holiday and will definitely come back to this hotel .","Posted July 13, 2026",Stayed in July 2026,Couple,,,,,,,,https://www.trip.com/hotels/akyarlar-mahallesi-hotel-detail-17508018/xanadu-island-hotel/,
208,BOD016,Xanadu Island,Akyarlar,trip,10.0,10.0,5.0,,"Excellent hotel, looking forward to going back. Don't be put off by the look of the reception area you don't walk in and think WOW but when you walk out from the terrace at the premium bar you certainly do, beautiful views over the huge infinity pool with palm trees out to see. Reception staff are excellent, friendly and welcoming, I'd like to mention Sefa the assistant manager he's a real asset to the hotel we spoke to him numerous times he's friendly, knowledgeable about the area and really interested in all feedback good or bad, a real credit to the hotel. All staff do a wonderful job, if you take your wife book her in with John the hairdresser, he cut and coloured my wife's hair and did a brilliant job, all staff are fantastic. The 2 alacart restaurant's are amazing really good chefs and managed really, the roos are really amazing with stunning views, never a shortage of sunbeds, super decked areas with direct access to the sea, stunning main swimming pool and lovely tendered grounds. One slight let down for me and Jackie was the food in the buffet restaurant, a great selection but very hit and miss sometimes hot food was cold, 5 minute boiled eggs were raw and a lot of the BBQ food was cold. But we will definitely return in September because there are too many positives at Xanadu Island","Posted June 30, 2026",Stayed in June 2026,Couple,,,,,,,,https://www.trip.com/hotels/akyarlar-mahallesi-hotel-detail-17508018/xanadu-island-hotel/,
209,BOD016,Xanadu Island,Akyarlar,trip,10.0,10.0,5.0,,"Well what can i say that hasn,t been already said about this hotel, from the moment you arrive the staff look after exceptionally well. All the staff from the young lad that rakes the beach every night up to the reception staff go out of there way help you a massive shout to Ram, Said, Fatma the entertainment team outstanding guys realy enjoyed the events they put on, to all the staff at the rosebud bar massive thanks to them all for looking after us at night (sorry for got there names to many lemon drop martini,s ). The food is excellent a varied the Italian restaurant is a must, all the waiting staff are amazing and looked after us very well, rooms are fantastic and very clean as is the whole hotel overall one off the best hotels we have stayed in turkey. MASSIVE THANKS TO EVERYONE","Posted June 17, 2026",Stayed in June 2026,Couple,,,,,,,,https://www.trip.com/hotels/akyarlar-mahallesi-hotel-detail-17508018/xanadu-island-hotel/,
210,BOD036,Bodrium Hotel & SPA,Bodrum Merkez,google_travel,5.0,5.0,5.0,,"Bodrium Otel’de toplam 3 gece konaklama yaptık ve genel olarak oldukça memnun ayrıldık. Otelin merkezi konumu sayesinde Bodrum’da gitmek istediğimiz her yere kolayca ulaşabildik.
Özellikle resepsiyonda bizi güler yüzüyle karşılayan Rabia Hanım’a ve restoran bölümünde ilgisiyle öne çıkan Agus Bey’e ayrıca teşekkür etmek isterim. Aslında sadece onlar değil, otelde çalışan tüm personel son derece ilgili, güler yüzlü ve yardımseverdi. Çay, kahve ya da ihtiyaç duyduğunuz herhangi bir konuda hızlıca destek oluyorlar. Müşteri memnuniyetine gerçekten önem veren bir ekipleri var.
Odalar oldukça temiz ve düzenliydi. Temizlik konusunda çok başarılılar; istediğiniz zaman odanız temizleniyor ve bu konuda oldukça titiz davranıyorlar. Havuz da yeterli büyüklükteydi. Bizim konakladığımız dönemde otel çok kalabalık değildi, bu da tatilimizi daha keyifli hale getirdi.
Otelde sadece sabah kahvaltısı hizmeti bulunuyor. Kahvaltıyı fiyatına göre yeterli ve doyurucu bulduk. Öğle ve akşam yemekleri ise restoran bölümünde ücretli olarak sunuluyor. Yemeklerin lezzeti güzel olsa da fiyatlarını biraz yüksek bulduk. Kişi başı ortalama 750-800 TL civarında bir bütçeyle yemek yiyebiliyorsunuz. Aperatif ürünler de yaklaşık 700 TL’den başlıyor. Bu fiyatların biraz daha uygun olması misafirler açısından daha avantajlı olabilir.
Genel olarak temizliği, merkezi konumu, güler yüzlü personeli ve sunduğu hizmetle fiyat-performans açısından başarılı bulduğumuz bir otel oldu. Bodrum’da konforlu ve huzurlu bir konaklama arayanlara gönül rahatlığıyla tavsiye ederiz.",Google üzerinde 2 hafta önce,,,,,,,,,,https://www.google.com/travel/hotels/entity/ChcIoPuags-X5e91GgsvZy8xdGQxMDhibhAB,
211,BOD036,Bodrium Hotel & SPA,Bodrum Merkez,google_travel,5.0,5.0,5.0,,"Bodrum’da her yıl gönül rahatlığıyla tercih ettiğim ve artık kendimi evimde gibi hissettiğim bir otel. Her konaklamamda aynı kaliteyi, temizliği, huzuru ve sıcaklığı bulmak gerçekten çok değerli. 🌿✨
Otelin atmosferi, konumu ve sunduğu hizmet kadar çalışanlarının ilgisi ve güler yüzü de burayı benim için özel kılıyor. Özellikle Selma Hanım ve İrem Hanım’a ayrıca teşekkür etmek istiyorum. Samimiyetleri, içtenlikleri, güler yüzleri ve sıcak yaklaşımları sayesinde kendinizi sadece bir otel misafiri gibi değil, gerçekten değer verilen özel bir misafir gibi hissediyorsunuz. 💛
Her yıl yeniden tercih etmemin en büyük nedenlerinden biri, burada kendimi gerçekten rahat ve mutlu hissetmem. Kalitesini yıllardır koruyan, misafir memnuniyetine önem veren harika bir otel. Bodrum’da konaklama için benim vazgeçilmez adresim. Bodrium Hotel’e ve özellikle güzel enerjileriyle tatilimi daha da keyifli hale getiren Selma Hanım ile İrem Hanım’a gönülden teşekkür ederim. 🌸
Kesinlikle tavsiye ediyorum; ben her yıl olduğu gibi yine geleceğim. 🤍✨",Google üzerinde bir ay önce,,,,,,,,,,https://www.google.com/travel/hotels/entity/ChcIoPuags-X5e91GgsvZy8xdGQxMDhibhAB,
212,BOD036,Bodrium Hotel & SPA,Bodrum Merkez,google_travel,5.0,5.0,5.0,,Bodrium spa Hotel'e her yıl İş gereği gelmekteyim Otel çalışanları validen tutun karşılama olsun resepsiyon olsun garson görevli arkadaşlar hauskipin A'dan Z'ye tüm personeli muhteşem güler yüzlü cana yakın ve motive edici Otel çok Ferah …,Tripadvisor üzerinde bir ay önce,,,,,,,,,,https://www.google.com/travel/hotels/entity/ChcIoPuags-X5e91GgsvZy8xdGQxMDhibhAB,
213,BOD036,Bodrium Hotel & SPA,Bodrum Merkez,google_travel,5.0,5.0,5.0,,"Otelin Atmosferi gerçekten çok huzurluydu…Kendinizi evinizde gibi hissediyorsunuz…
Kahvaltı muazzamdı!!
Tek eleştirim Çeşitler biraz daha arttırılabilir. Havuz tertemiz rahatlıkla girebilirsiniz
Özellikle değinmek istediğim diğer konu ; Giriş işlemlerimizi alan Rabia hanıma,
O kadar sıcakkanlı, profesyonel ve ilgili birisi ki kendisini sadece iki kez görebildik
Bodrumda önermiş olduğu yerlere hayran kaldık!🤩sordugumuzda izin gününde olduğunu söylediler çıkışta görmedik Gözlerimiz hep onu aradı. kendisine çok selamlarımızı ve teşekkürlerimizi iletmek istiyorum. Sırf ilginiz için seneye tekrardan oteli tercih etme sebebimizsiniz 😍",Google üzerinde bir ay önce,,,,,,,,,,https://www.google.com/travel/hotels/entity/ChcIoPuags-X5e91GgsvZy8xdGQxMDhibhAB,
214,BOD036,Bodrium Hotel & SPA,Bodrum Merkez,google_travel,5.0,5.0,5.0,,"Konaklamamız boyunca her detayın düşünüldüğü, kendimizi evimizde hissettiğimiz nadir yerlerden biri oldu. Odalar temiz, konforlu ve beklentilerimizin üzerindeydi. Kahvaltıları mükemmel. Ancak bu deneyimi gerçekten unutulmaz kılan şey, personelin sıcaklığı ve ilgisi oldu. Özellikle İrem Hanım, Selma Hanım, Leyla Hanım ve Seda hanım bize gösterdikleri özveri, güler yüzleri ve sorunlarımızı anında çözmeleriyle büyük fark yarattılar. Her iki hanıma da gösterdikleri üstün hizmet anlayışı için ayrı ayrı teşekkür ederim. Bu kadar ilgili ekiplerle çalışmak, otelin kalitesini en iyi şekilde yansıtıyor. Tekrar gelmekten mutluluk duyarız.",Google üzerinde bir ay önce,,,,,,,,,,https://www.google.com/travel/hotels/entity/ChcIoPuags-X5e91GgsvZy8xdGQxMDhibhAB,
215,BOD036,Bodrium Hotel & SPA,Bodrum Merkez,google_travel,5.0,5.0,5.0,,"Oteli çok beğendik, çok temiz düzenli bir otel, çalışanları güleryüzlü. Odaları ferah, sadece banyoları biraz yenilenebilir :) Otelin kahvaltısı asıl vurucu nokta, her şey aşırı lezzetli ve tazeydi. İlk defa açık büfe kahvaltının bu kadar tazeliğini koruduğunu gördüm, çalışanların özeni sayesinde. Kahvaltı şefini ve mutfakta çalışan arkadaşları da ayrıca tebrik etmek lazım her şey aşırı lezzetliydi. Sabah güleryüzüyle bizi karşılayan İrem ve Selma hanımlara da hızlı ve özenli servisleri için teşekkür ederiz.",Google üzerinde bir ay önce,,,,,,,,,,https://www.google.com/travel/hotels/entity/ChcIoPuags-X5e91GgsvZy8xdGQxMDhibhAB,
216,BOD036,Bodrium Hotel & SPA,Bodrum Merkez,google_travel,5.0,5.0,5.0,,"Konaklamamız tek kelimeyle kusursuzdu. İlk karşılamadan ayrıldığımız güne kadar, büyük bir nezaket, ilgi ve profesyonellikle ağırlandık. Otel çok güzel, son derece bakımlı ve konforlu. Sunduğu huzurlu atmosfer tatilimizi daha da özel kıldı. Odalar mükemmeldi, ortak alanlar çok keyifliydi ve tüm ekip her zaman yardımseverliği ve güler yüzüyle öne çıktı. Beklentilerimizin ötesinde bir deneyim yaşadık. Buradan harika anılarla ve yeniden gelme isteğiyle ayrılıyoruz. Hiç tereddüt etmeden tavsiye ederiz.
Nossa estadia no Bodrium foi simplesmente impecável. Desde a recepção até o último dia, fomos tratados com extrema gentileza, atenção e profissionalismo. O hotel é lindo, muito bem cuidado, confortável e transmite uma sensação de tranquilidade que tornou nossa viagem ainda mais especial. Os quartos são excelentes, as áreas comuns são agradáveis e a equipe merece destaque pela cordialidade e disposição em ajudar em todos os momentos. Foi uma experiência que superou nossas expectativas. Saímos com ótimas lembranças e com vontade de voltar. Recomendo sem hesitar.",Google üzerinde 2 ay önce,,,,,,,,,,https://www.google.com/travel/hotels/entity/ChcIoPuags-X5e91GgsvZy8xdGQxMDhibhAB,
217,BOD036,Bodrium Hotel & SPA,Bodrum Merkez,google_travel,5.0,5.0,5.0,,"Öncelikle merhaba demek isterim. Pazar günü otelinizin 104 numaralı odasında kaldım. İşimizin gereği Bodruma geldiğimizde sanatçılarımızla mutlaka gelip konakladığımız ve bana göre rahat ettiğimiz Bodrumun en güzel oteli. Başta ilgisini hiç eksik tutmayan, güleryüzlü, samimi ve tatlı Daniela ve resepsiyonda bulunan Tuğçe hanıma çok teşekkürlerimi iletiyorum. Her ikiside mükemmel personel bir dediğimizi iki etmediler. Keza sabah kahvaltısı için görevli hanımefendi personeller, lobi personeli kısaca herkes o kadar iyi ve en önemlisi güler yüzlüler ki bu sene daha çok sevdik öyle diyeyim. Teşekkür ederim bu personeli ve bize yaşattığınız rahatlık ve konfor için. Saygılarımla 🫶",Google üzerinde 3 ay önce,,,,,,,,,,https://www.google.com/travel/hotels/entity/ChcIoPuags-X5e91GgsvZy8xdGQxMDhibhAB,
218,BOD036,Bodrium Hotel & SPA,Bodrum Merkez,google_travel,5.0,5.0,5.0,,"Çok tereddüt etmiştik İzmir’den gelirken ancak Konaklamamızdan çok memnun kaldık. Otel oldukça temiz, odalar bakımlı ve rahattı. Çalışanlar güler yüzlü, ilgili ve her konuda yardımcı oldular özellikle irem hanım ve daniela hanım. Konumu da oldukça güzeldi ve tatilimiz boyunca kendimizi çok rahat hissettik. Kahvaltı ve sunulan hizmetler beklentimizin üzerindeydi. Huzurlu ve keyifli bir tatildi.Emeği geçen tüm ekibe teşekkür ederiz, tekrar görüşmek dileğiyle.",Google üzerinde bir ay önce,,,,,,,,,,https://www.google.com/travel/hotels/entity/ChcIoPuags-X5e91GgsvZy8xdGQxMDhibhAB,
219,BOD036,Bodrium Hotel & SPA,Bodrum Merkez,google_travel,5.0,5.0,5.0,,"İki aile olarak geldiğimiz bu şirin otelde 3 gece konakladık. Sakin , huzurlu bir tatilimiz oldu. Kahvaltısı sağlıklı ve doyurucuydu, odalar ve otelin diğer bölümleri ter temizdi. Tüm personel güler yüzlü ve yardımseverdi. Restorantındaki pizza çeşitleri çok lezzetli , büyük ve doyurucuydu.
Sakin, huzurlu ve karmaşadan uzak bir tatil isteyenlere tavsiye ederim . Tekrar görüşmek dileğiyle , teşekkürler Bodrium hotel",Google üzerinde bir ay önce,,,,,,,,,,https://www.google.com/travel/hotels/entity/ChcIoPuags-X5e91GgsvZy8xdGQxMDhibhAB,
220,BOD043,METT Hotel & Beach Resort Bodrum,Bodrum Merkez,google_travel,5.0,5.0,5.0,,"Baştan sona gerçekten kusursuz bir konaklama deneyimi yaşadık. Denizi tertemiz, plajı son derece bakımlı ve huzur doluydu. Tesisin genel atmosferi kaliteyi her an hissettiriyor. Ancak en büyük farkı yaratan şey kesinlikle hizmet anlayışıydı. Güler yüzlü, çözüm odaklı ve misafir memnuniyetini ön planda tutan bir ekip var. Özellikle Yaşar Bey’e ayrı bir teşekkür etmek isterim. İlgi, alakası ve profesyonelliği sayesinde kendimizi gerçekten özel hissettik. Böyle çalışanlar bir tesisin en büyük değeridir. Tekrar gelmek için şimdiden sabırsızlanıyoruz. Kesinlikle tavsiye ederim.",Google üzerinde 2 ay önce,,,,,,,,,,https://www.google.com/travel/hotels/entity/CgoInJap_Zjz_rc_EAE,
221,BOD043,METT Hotel & Beach Resort Bodrum,Bodrum Merkez,google_travel,3.0,5.0,3.0,,"Bodrum tatilimizi bir gece daha uzatmak istedik, kaldığımız otel dolu olduğu için son dakika burda yer bulduk. Otelde odalar yeni, temiz ama otelin yerleşimi plajına geçişi biraz zor. Merdiven asansör, düz ayak erişim yok, çocukla zor olur. Snack bar güneş altı, gölgede bir şeyler yiyebilecegimiz yer yoktu. Bunun dışında otel baya parti oteli modunda, sessiz sakin kafa dinleme tatili isteyenlere uygun degil, gündüz plajda hemen yandaki private beach partisini dinledik, akşam da alt restorandaki doğum günü partisinin canlı müziğini dinliyoruz, gece yarısına kadar devam edecekmiş. Çocuklu aileler ya da huzurlu tatil arayanlar tercih etmesin.",Google üzerinde bir ay önce,,,,,,,,,,https://www.google.com/travel/hotels/entity/CgoInJap_Zjz_rc_EAE,
222,BOD043,METT Hotel & Beach Resort Bodrum,Bodrum Merkez,google_travel,5.0,5.0,5.0,,"Otelin plajı ve denizi muhteşem. Odalar ferah, temiz ve kullanışlı. Tüm personel güleryüzlü ve çözüm üretme odaklıydı. Özellikle Teona, Kerem ve Hacı’ya hizmet ve sohbetlerinden dolayı teşekkür ederiz. Her gün odayı temizleyen temizlik personeline de ayrıca teşekkür ederiz.",Tripadvisor üzerinde bir ay önce,,,,,,,,,,https://www.google.com/travel/hotels/entity/CgoInJap_Zjz_rc_EAE,
223,BOD043,METT Hotel & Beach Resort Bodrum,Bodrum Merkez,google_travel,5.0,5.0,5.0,,"Konaklamamız boyunca her şey mükemmeldi. Temizlik, konfor, hizmet kalitesi ve personelin ilgisi beklentilerimizin çok üzerindeydi. Özellikle Hatice Hanım’ın güler yüzü, samimiyeti ve misafirperverliği sayesinde kendimizi evimizde gibi hissettik. Her detayla yakından ilgilenmesi ve çözüm odaklı yaklaşımı için kendisine ayrıca teşekkür ederiz. Keyifle vakit geçirdiğimiz, tekrar tekrar tercih edeceğimiz harika bir deneyimdi. Emeği geçen tüm ekibe teşekkürler. ✨”",Google üzerinde 2 ay önce,,,,,,,,,,https://www.google.com/travel/hotels/entity/CgoInJap_Zjz_rc_EAE,
224,BOD043,METT Hotel & Beach Resort Bodrum,Bodrum Merkez,google_travel,5.0,5.0,5.0,,"Konaklamam boyunca otelden aldığım hizmetten son derece memnun kaldım. Tüm personel güler yüzlü, ilgili ve profesyoneldi. Odalar tertemizdi, ortak alanlar düzenli ve bakımlıydı. Kendimi gerçekten rahat ve değerli hissettim. Misafir memnuniyetine önem veren, kaliteli hizmet sunan bir otel. Güzel bir tatil geçirmek isteyen herkese gönül rahatlığıyla tavsiye ederim. Emeği geçen tüm ekibe teşekkür ederim.",Google üzerinde bir ay önce,,,,,,,,,,https://www.google.com/travel/hotels/entity/CgoInJap_Zjz_rc_EAE,
225,BOD043,METT Hotel & Beach Resort Bodrum,Bodrum Merkez,google_travel,3.0,5.0,3.0,,"Nisan ayında konaklama fırsatı bulduk. Otele girişte çiçeklerle karşılanmak oldukça hoş bir detaydı. Personelin güler yüzü ve ilgisi de gerçekten çok iyiydi. Odamız temiz ve düzenliydi. Ancak kahvaltı maalesef beklentimizin oldukça altındaydı. Çeşitlilik neredeyse yoktu, sunumlar adet üzerineydi ve lezzet açısından da tatmin edici değildi. Kahvaltı hizmetinin acilen geliştirilmesi ve daha zengin hale getirilmesi gerektiğini düşünüyorum.",Google üzerinde 4 ay önce,,,,,,,,,,https://www.google.com/travel/hotels/entity/CgoInJap_Zjz_rc_EAE,
226,BOD043,METT Hotel & Beach Resort Bodrum,Bodrum Merkez,google_travel,5.0,5.0,5.0,,Hazal hanım çok ilgili ve güzel bir kahvaltı hizmeti verdi. Her şey zamanında ve lezziz geldi. Çok tessekur ederiz.,Google üzerinde bir ay önce,,,,,,,,,,https://www.google.com/travel/hotels/entity/CgoInJap_Zjz_rc_EAE,
227,BOD043,METT Hotel & Beach Resort Bodrum,Bodrum Merkez,google_travel,5.0,5.0,5.0,,"Konum itibariyle çok güzel bir yerde👌 Kahvaltı ve içecekler tatmin edici Odalar ferah ,temiz ve kullanışlı🤗 Plaj ve Spa hizmetlerini çok beğendim .🌺🌺🥰
Kat görevlilerine ,resepsiyon ,plaj, spa
restoran kısaca tüm çalışanlara güleryüzlü ve nazik tavırları için teşekkür ediyoruz👏💐",Google üzerinde 2 ay önce,,,,,,,,,,https://www.google.com/travel/hotels/entity/CgoInJap_Zjz_rc_EAE,
228,BOD043,METT Hotel & Beach Resort Bodrum,Bodrum Merkez,google_travel,5.0,5.0,5.0,,"Otelin konumu, deniz ve hizmetler cok iyi. Sabah kahvaltısı özellikle cok guzel. Garsonumuz Umut bey özellikle cok ilgili ve kibar idi hersey icin ona tesekkurler",Google üzerinde 3 ay önce,,,,,,,,,,https://www.google.com/travel/hotels/entity/CgoInJap_Zjz_rc_EAE,
229,BOD043,METT Hotel & Beach Resort Bodrum,Bodrum Merkez,google_travel,5.0,5.0,5.0,,"Odalardan yemeklerine, çalışanlarından hizmetine her şey çok güzeldi. Bizim için gerçekten çok keyifli bir tatil oldu herkese tavsiye ederim.",Google üzerinde 7 ay önce,,,,,,,,,,https://www.google.com/travel/hotels/entity/CgoInJap_Zjz_rc_EAE,
230,BOD045,Salmakis Resort & Spa,Bodrum Merkez,google_travel,1.0,5.0,1.0,,"Bir yıl boyunca yaz tatilini bekleyip büyük bir heyecanla tercih ettiğimiz bu otelden maalesef sadece 2. günün sonunda ayrılmak zorunda kaldık.
Otelin konumu ve yemeklerinin lezzeti gerçekten başarılıydı. Ancak bu olumlu yönler, yaşadığımız yoğunluk nedeniyle ne yazık ki gölgede kaldı. Yemek alabilmek ayrı, aldığınız yemeği yiyebilmek ise ayrı bir mücadeleydi. Sürekli boş masa beklemek, ardından masaların temizlenmesini beklemek zorunda kalıyorduk. Bu durum yemeklerin keyfini tamamen kaçırdı.
Plaj ve havuz tarafında da benzer bir sorun vardı. Üç farklı şezlong alanının tamamı günün her saati doluydu. Bir şezlongu üç kişi kullanmak zorunda kaldık. Bir gün görevlinin bize ayarladığı şezlonga, bizden önce oturan misafirlerle tartışma yaşamak zorunda kaldık. Tatilde dinlenmek yerine sürekli yer aramak ve stres yaşamak gerçekten üzücüydü.
Kısacası otelin, kapasitesinin üzerinde misafir kabul ettiği izlenimini edindik. Konuştuğumuz birçok misafir de aynı konudan şikâyetçiydi.
Bir yıl boyunca beklediğimiz tatilimiz, dinlenmek yerine hayal kırıklığıyla sonuçlandı. Bu nedenle tatilimizin henüz ikinci gününde otelden ayrılarak kalan günlerimizi butik bir otelde geçirmek zorunda kaldık.
Umarım işletme, özellikle misafir kapasitesi ve ortak alan yönetimi konusunda gerekli iyileştirmeleri yapar. Çünkü bu haliyle, konumu ve yemekleri ne kadar başarılı olursa olsun yaşanan yoğunluk tüm tatil deneyimini olumsuz etkiliyor.",Google üzerinde bir ay önce,,,,,,,,,,https://www.google.com/travel/hotels/entity/ChgIhcWasvPa_bf0ARoLL2cvMXRjeTBfX2sQAQ,
231,BOD045,Salmakis Resort & Spa,Bodrum Merkez,google_travel,2.0,5.0,2.0,,"3 gece 4 günlük konaklama için burayı tercih ettik. Biraz son dakika olduğundan otellerde yer bulmak zordu. Tatilsepeti üzerinden yaptığımız rezervasyonda deniz manzaralı oda için rezervasyon yaptık. Otele geç saatte giriş yaptığımızda bizi kalacağımız odaya götürdüler. Denizi görmek için zıplamak gerekiyordu. İtiraz edince gerçekten deniz gören bir odaya yerleştirdiler. Madem bu oda vardı neden bize gece gece sorun çıkartıyorsunuz.
Oda eski duruyor. Banyo desen bi farkı yok. Yenilemeye ihtiyacı var. 5 yıldızlı otel standartında olmadığı kesin. Daha önce deneyimlememiş olsak burada verilen odanın 5 yıldız olduğuna inanacağız.
Yemekler fena değil. Ancak kahvaltıda verdikleri peynirler kaç günlükse buzdolabından çıktığı gibi getirmişler. Yani günlük kesilmiş değil. Hepsi birbirine yapışık. Servis yapan eleman sayısı çok çok az. Bir şeyi istemektense kendin yapacaksın. Çatal bıçaklara dikkat edin. Genellikle kirli. Bardaklar deseniz nasıl yıkandıkları meçhul. Her seferinde yenisini istemek zorunda kaldık. Masalar temizlenmiyor. Tabaklar zamanında toplanmıyor.
Barlarda ultra herşey dahil değil. Yerli içkiler dahil diyor. Şişe de eyes istiyorsun o paralı diyor. Efes ne zaman yabancı oldu haberim yok. Mojito istiyorsun sana naneli vodka veriyor. Bilmiyorsan yok de. Varsa o zaman doğrusunu yap.
Çalışanların çok ilgili olduklarını söylemek zor.
Otelin tek iyi yanı konumu. Muhtemelen bu sebepten tercih ediliyor. Ama ben bir daha gelmem.",Google üzerinde bir ay önce,,,,,,,,,,https://www.google.com/travel/hotels/entity/ChgIhcWasvPa_bf0ARoLL2cvMXRjeTBfX2sQAQ,
232,BOD045,Salmakis Resort & Spa,Bodrum Merkez,google_travel,4.0,5.0,4.0,,"Ailemle birlikte 30 Haziran-5 Temmuz tarihleri arasında 2 yetişkin bir bebek şeklinde konakladık. Otel Rezervasyonu yapılırken bebekten dolayı ortak alanlara yakın oda ve oda içerisinde bebek yatağı olmasını istemiştik.
Otele geldiğimizde ortak alanlardaki odaların çok ses aldığını bu sebepten lobby yakını bir oda vereceklerini söylediler. Oda geniş ve güzeldi fakat plaja gitmek için 3 asansör ve yaklaşık 400 metre mesafe yürümemiz gerekti. Ayrıca resepsiyondaki görevliye ve bellboy’a tekrar bebek yatağı hatırlatmasını yapmamıza rağmen bir geri dönüş olmadı.
Otelin konumu ve manzarası çok güzel, özellikle lobbydeki balkonda oturup içeceğinizi yudumlayıp manzarayı izlemek çok keyifliydi.
Plaj ve havuz imkanları oldukça yeterli boş şezlong sürekli mevcut, plajı zaten Bodrum’un simge yerlerinden Bardakçı Koyu, çocuklar için uygun sığ,kum ve tertemiz, havuzda tertemiz her gün temizlendiğini gözümüzle gördük.
Kahvaltı,Öğle yemeği ve akşam yemeğinde menü bazen kendini tekrarlasada et, balık, tavuk veya vejeteryan herkese hitap eden, lezzetli menüleriyle en azından bizi tatmin etti.
Lobby bar, pool bar ve beach bar’da istediğiniz içeceğe vs kolayca ulaşıyorsunuz çalışan arkadaşlar hızlı ve güleryüzlü,
Snack restoran ve dondurma standında çalışan personel isteksiz ve tavırları can sıkıcı o sebepten en fazla 2 kez ziyaret ettik.
Odalar hergün temizleniyor ve kaldığımız süre boyunca temizlik konusunda herhangi bir sorun yaşamadık.
Salmakis bundan sonraki tatil seçeneklerimiz arasında her zaman bir alternatif olacak, özetle olumsuzluklara rağmen memnuniyetle ayrıldık.",Google üzerinde bir ay önce,,,,,,,,,,https://www.google.com/travel/hotels/entity/ChgIhcWasvPa_bf0ARoLL2cvMXRjeTBfX2sQAQ,
233,BOD045,Salmakis Resort & Spa,Bodrum Merkez,google_travel,5.0,5.0,5.0,,19–24 temmuz arası otelde kaldık|Tüm personel güleryüzlü ve yardım sever ana restorant Enes bey ve snack bar Bus hanıma ayrıca teşekkür ederim |denizi dalgasız sığ ve berrak çok güzel akvaryum gibi bayağı ileri gidince derinleşiyor ayrıca …,Tripadvisor üzerinde 4 hafta önce,,,,,,,,,,https://www.google.com/travel/hotels/entity/ChgIhcWasvPa_bf0ARoLL2cvMXRjeTBfX2sQAQ,
234,BOD045,Salmakis Resort & Spa,Bodrum Merkez,google_travel,1.0,5.0,1.0,,"Kesinlikle tavsiye etmiyorum ! 5 gündür konaklamamız devam ediyor , şu an hala oteldeyiz . Yemekler rezalet , kahvaltıda domates bitti daha yok dediler , öğlen yemekleri bir önceki günün akşam yemeği. Sakın ha çocukla gelmeyin , mini klüp var yazıyo ama çocuklarla ilgilenen yok. Animasyon keza aynısı , otelin eğlence anlayışı sadece su topundan ibaret. Asıl önemlisi temizlik berbat , ortak alan tuvaletleri içler acısı, otelin genelinde hijyen sıfır. Yüzbin ₺ üzeri fiyatı var ama genel kalitesi 10bin₺ anca eder. 5 yıldız verenler muhtemelen otel personelidir, yüksek puanlı yorumlara aldanmayın çok iyi araştırın.",Google üzerinde 3 hafta önce,,,,,,,,,,https://www.google.com/travel/hotels/entity/ChgIhcWasvPa_bf0ARoLL2cvMXRjeTBfX2sQAQ,
235,BOD045,Salmakis Resort & Spa,Bodrum Merkez,google_travel,5.0,5.0,5.0,,"Konaklamamız boyunca otelden oldukça memnun kaldık. Odalar temiz ve düzenliydi, personel her konuda ilgili ve güler yüzlüydü. Yemekler çeşitli ve lezzetliydi, ortak alanlar ise bakımlı ve keyifli vakit geçirmeye uygundu.
Özellikle animasyon ekibi tatilimizi unutulmaz hale getirdi. Gün boyu düzenlenen aktiviteler ve akşam gösterileri son derece eğlenceli ve profesyoneldi. Animasyon ekibinden Yunus’un enerjisi, misafirlerle olan samimi iletişimi ve eğlenceye kattığı pozitif atmosfer gerçekten takdire şayandı. Yunus sayesinde etkinliklere katılmak çok daha keyifli hale geldi ve tatilimiz çok daha güzel geçti. Eğlence dolu ve kaliteli bir tatil geçirmek isteyenlere gönül rahatlığıyla tavsiye ederiz.",Google üzerinde bir ay önce,,,,,,,,,,https://www.google.com/travel/hotels/entity/ChgIhcWasvPa_bf0ARoLL2cvMXRjeTBfX2sQAQ,
236,BOD045,Salmakis Resort & Spa,Bodrum Merkez,google_travel,5.0,5.0,5.0,,"Kız arkadaşımla 5 gece konakladık ve genel olarak beğendik. Yemek çeşidi çok fazla değil ama lezzetleri güzeldi. Deniz manzaralı odaların manzarası çok güzel. Plajı biraz küçük ama denizi güzeldi. Otel eski olsa da bakımlı ve çalışanlar ilgiliydi. Animasyon ve eğlence açısından biraz zayıf ama zaten öyle bir beklentimiz yoktu. Deniz, güzel yemek, kafa dinleme tatili isteyenler için güzel bir otel.",Google üzerinde bir ay önce,,,,,,,,,,https://www.google.com/travel/hotels/entity/ChgIhcWasvPa_bf0ARoLL2cvMXRjeTBfX2sQAQ,
237,BOD045,Salmakis Resort & Spa,Bodrum Merkez,google_travel,3.0,5.0,3.0,,"🔺🔺🔺🔺🔺🔺YORUM UZUN OLACAK AMA OBJEKTİF ŞEKİLDE YORUMLADIM . EN BAŞINDA REZERVASYON YAPARKEN BU TARZ BİR YORUM GELSEYDİ DEĞERLENDİRMEM ÇOK FARKLI OLURDU SİZE DE YARDIMCI OLMAK İSTEDİM BÜTÜN DETAYLARIYLA.🔺🔺🔺🔺🔺🔺
.🔺 HAVUZ : otelin kapasitesine göre çok yetersiz alanı yani en önemlisi görselini ekledim kediler hep havuzun etrafında ve havuz suyundan içip en kötüsü gideceğimiz gün şahit olduk keşke görmeseydik ama bu çok önemli kedi havuza dışkısını yaptı tam merdivenle iniş kısmında yani bu bütün herkesin sağlığını etkileyecek çok önemli bir sorun bunu asla kabul edemiyorum !!!! Ve tabiki havlu konusu , havlu kartı var herkesin ve o kartı vermeden havlu alamıyorsun eşim havlu almaya gittiğinde şu cevabı aldı ‘şansına son 1 tane kaldı ‘ bunu kabul etmiyoruz ya bu kapasiteye sahip olan bir otel şansımıza mı havlu verecek böyle bir sorumsuzluğu kabul etmiyoruz !!!🔺DENİZ : yosunlu plajı berbat kimse kesinlikle gelip bir şey ister misiniz diye sormadı rastgele önümüzden geçen görevliden bir şey istediğimizde verdiği cevap ben güvenliğim biri gelir şimdi diyip bize asla yardım etmedi be güvenlik değildi kendisi . Boş boş gezip insanlarla konuşuyor sohbet ediyor ama kimseye bir faydası yok !! Çok pisti kumlar berbattı . Denizdeki kayalıklar ve yosunlar temizlenmişti yan otelin denizin baktık tertemizdi çok rahat yüzebilirsiniz ama Salmakis önünde girseniz ayaklarınızı parçalayabilir !",Google üzerinde 3 hafta önce,,,,,,,,,,https://www.google.com/travel/hotels/entity/ChgIhcWasvPa_bf0ARoLL2cvMXRjeTBfX2sQAQ,
238,BOD045,Salmakis Resort & Spa,Bodrum Merkez,google_travel,5.0,5.0,5.0,,"Haziran ayının ilk haftası arkadaşımla konakladık. Uçağımız gece olduğu için check-in işlemleri için lobide misafir edildik ve gayet güzel ağırlandık. Daha odalarımız hazırlanmadan otel imkanlarından faydalanma fırsatımız oldu. Genel olarak çalışanların tutumları güzeldi. Hem lobi hem de bazı odalarda mükemmel deniz manzaraları mevcut. Otel konumu itibariyle denize sıfır bir tesis diyebiliriz. Mimari açıdan gayet ferah ve geniş. Odanızdan otel içindeki her alana ulaşımınız kolay, tabelalar ile gerekli yönlendirmeler yapılmış. Birçok yerde asansör imkanı sunulmuş. Temizlik olarak genel olarak temizdi, ancak banyo gibi özel alanları daha detaylı temizlenmesini isterdim. Ayrıca klozet kullanımında hijyen açısından ""klozet kapağı örtüsü"" olmasını isterdim. Minibar içeceklerle doldurulmuş ve gayet yeterliydi. Ekstra olarak yenilebilir bir şeyler eklenmesini isterdim. Balkon-klima otomasyonu çok güzel olmuş; balkon kapısı kapatılınca klima otomatik açılıyor, kapı açılınca klima otomatik kapanıyor. Oda servisi konusunda pek emin değilim ancak yine de güzeldi diyebilirim. Resepsiyon hızlı ancak odaya servisin yapılması biraz zaman alıyor. Fotoğraf çekilebilecek manzaraya sahip yerler bulunuyor. Animatör arkadaşlarda çok ilgiliydi, sosyalliği ve eğlenceyi gayet diri tuttular. 2 arkadaş olarak 3 gece 4 gün konakladık. Rahatsızlık verdiysek affola, emeği geçen herkese teşekkür ediyorum :)",Google üzerinde 2 ay önce,,,,,,,,,,https://www.google.com/travel/hotels/entity/ChgIhcWasvPa_bf0ARoLL2cvMXRjeTBfX2sQAQ,
239,BOD045,Salmakis Resort & Spa,Bodrum Merkez,google_travel,5.0,5.0,5.0,,"Otelden genel olarak çok memnun kaldık. Odalar temiz ve konforluydu, yemekler çeşitli ve lezzetliydi. Tüm personel güler yüzlü ve ilgiliydi. Özellikle animasyon ekibi tatilimizi çok daha keyifli hale getirdi. Yunus’un enerjisi, samimiyeti ve misafirlerle tek tek ilgilenmesi gerçekten harikaydı. Gün boyu düzenlenen aktiviteler ve akşam şovları sayesinde hiç sıkılmadık. Emeği geçen tüm ekibe, özellikle de Yunus’a çok teşekkür ederiz. İlk fırsatta tekrar gelmeyi düşünüyoruz. 🌴☀️😊",Google üzerinde bir ay önce,,,,,,,,,,https://www.google.com/travel/hotels/entity/ChgIhcWasvPa_bf0ARoLL2cvMXRjeTBfX2sQAQ,
240,BOD045,Salmakis Resort & Spa,Bodrum Merkez,google_travel,4.0,5.0,4.0,,Otelde 4 gece 5 gün konakladık. Otel havaalanına 50 dk falan mesafede Bodrum kalesine falan çok çok yakın merkeze yakın yani. Plajı kum ve harikaydı suyu çok serindi ve dalgasızdı. Otelin odalarını biz beğendik ama temizlik konusunda biraz … Devamı,Google üzerinde bir ay önce,,,,,,,,,,https://www.google.com/travel/hotels/entity/ChgIhcWasvPa_bf0ARoLL2cvMXRjeTBfX2sQAQ,
241,BOD045,Salmakis Resort & Spa,Bodrum Merkez,google_travel,5.0,5.0,5.0,,Otel ulaşım olarak güzel yerde sorun yaşamadan ulaşımı gerçekleştirdik. Odalar ise kimi yenilenmiş şekilde kimisi ise eski artık şansınıza hangisi denk gelirse. Yemekler güzel çeşit fazla ve kaliteliydi herhangi bir sağlık problemi … Devamı,Google üzerinde bir ay önce,,,,,,,,,,https://www.google.com/travel/hotels/entity/ChgIhcWasvPa_bf0ARoLL2cvMXRjeTBfX2sQAQ,
242,BOD045,Salmakis Resort & Spa,Bodrum Merkez,google_travel,5.0,5.0,5.0,,"eşimle 3 gün konakladık.Yorumları okduğumda alternafif otellere bakmaya karar verdim ets tur müşteri hizmtlerini aradım 3 otel arasında kalmıştım sağolsunlar çok ilgilendiler deniz,yemekler konusunda bu otelin daha iyi olduğunu belirttiler … Devamı",Google üzerinde 3 hafta önce,,,,,,,,,,https://www.google.com/travel/hotels/entity/ChgIhcWasvPa_bf0ARoLL2cvMXRjeTBfX2sQAQ,
243,BOD045,Salmakis Resort & Spa,Bodrum Merkez,google_travel,1.0,5.0,1.0,,"19 Haziran giriş – 21 Haziran çıkış
A Milli Takım maçını izleyip sabaha kadar keyifli vakit geçirmek amacıyla … Devamı",Google üzerinde 2 ay önce,,,,,,,,,,https://www.google.com/travel/hotels/entity/ChgIhcWasvPa_bf0ARoLL2cvMXRjeTBfX2sQAQ,
244,BOD045,Salmakis Resort & Spa,Bodrum Merkez,google_travel,2.0,5.0,2.0,,Yaptığım diğer yorum anlamlanlandıramadığım şekilde kaldırılmış. Olumlu yorumların çoğunu animasyon ekibi rica edip kendileri yapıyor. Bizzat bizdende kendileri de yorum yapmak için telefonumuzu talep ettiler ama biz daha sonra yapacağımızı … Devamı,Google üzerinde 2 ay önce,,,,,,,,,,https://www.google.com/travel/hotels/entity/ChgIhcWasvPa_bf0ARoLL2cvMXRjeTBfX2sQAQ,
245,BOD045,Salmakis Resort & Spa,Bodrum Merkez,google_travel,5.0,5.0,5.0,,"Otelin konumu, denizi bir muhteşem! Yemekleri gayet yeterliydi. Özellikle Bodrum esintisini hissettiğimiz bir deneyim yaşadık. Odamizla bizzat ilgilenen Yavuz beye teşekkür ederiz. Havuz bardaki çalışan arkadaşların sürekli güler yüzlü hizmeti harikaydi. Tatilimizi güzelleştiren animasyon ekibine de ayrıca teşekkür ediyorum.",Google üzerinde bir ay önce,,,,,,,,,,https://www.google.com/travel/hotels/entity/ChgIhcWasvPa_bf0ARoLL2cvMXRjeTBfX2sQAQ,
246,BOD045,Salmakis Resort & Spa,Bodrum Merkez,google_travel,3.0,5.0,3.0,,20-25 temmuz arasında ailemle konakladım. Direkt konuya girmem gerekirse bir daha gelirmiyim hayır. Neden hayır zayıf zayıf zayıf herşey zayıf . …,Tripadvisor üzerinde bir ay önce,,,,,,,,,,https://www.google.com/travel/hotels/entity/ChgIhcWasvPa_bf0ARoLL2cvMXRjeTBfX2sQAQ,
247,BOD045,Salmakis Resort & Spa,Bodrum Merkez,google_travel,1.0,5.0,1.0,,"12–14 Temmuz tarihleri arasında iki kişi, deniz manzaralı odada Ultra her şey dahil konseptiyle Salmakis Resort & Spa’da konakladık. …",Tripadvisor üzerinde bir ay önce,,,,,,,,,,https://www.google.com/travel/hotels/entity/ChgIhcWasvPa_bf0ARoLL2cvMXRjeTBfX2sQAQ,
248,BOD045,Salmakis Resort & Spa,Bodrum Merkez,google_travel,4.0,5.0,4.0,,"Ultra herşey dahil konakladık, otelde plaj çok kötü denilmiş denize girenler balık var diyordu insanları çözemedim çok temiz bir denizdi, balıklar var ise temizdir değil mi? Bardakçı koyu çok güzel. Yemekler idare ederdi alkoller de iyiydi … Devamı",Google üzerinde bir ay önce,,,,,,,,,,https://www.google.com/travel/hotels/entity/ChgIhcWasvPa_bf0ARoLL2cvMXRjeTBfX2sQAQ,
249,BOD045,Salmakis Resort & Spa,Bodrum Merkez,google_travel,5.0,5.0,5.0,,Yorumlara bakarak ve korkarak gittik ama kişinin beklentisine bağlıda olabilir öncelikle inanılmaz güleryüzlü bir personel odalar tertemiz ve ferah . Havuz ve deniz alanı çok iyi gayet yeterli . Yemeklerde çeşit çok olmayabilir ama çok … Devamı,Google üzerinde 2 ay önce,,,,,,,,,,https://www.google.com/travel/hotels/entity/ChgIhcWasvPa_bf0ARoLL2cvMXRjeTBfX2sQAQ,
250,BOD051,Faros Bodrum Hotel Göltürkbükü,Göltürkbükü,google_travel,1.0,5.0,1.0,,Yetersiz bir sahil şeridine ve şezlong kapasitesine ( iskelesi dahil) olmasına rağmen. Dışarıdan gelgeç müşteri kapma odaklı bir işletme.Kaldığımız süre boyunca devamlı otel müşterisi olarak taciz altındaydık.havlularımızı ve eşyalarımızı devamlı yerlerden topladık.müşterilerin önünde müşterin eşyalarını toplaması için çalışanını azarlayan çok profesyonel bir yöneticileri var.Saat 18:00 dan sonra sahilde keyif yapamazsınız çünkü altınızdan şezlongunuzu ve üstünüzden şemşiyenizi çekip alıyorlar.Kısaca otel müşterisi nin memnuniyeti umurlarında değil.,Google üzerinde 3 hafta önce,,,,,,,,,,https://www.google.com/travel/hotels/entity/ChkIw7-b487k1v8NGg0vZy8xMWY0bGh5NXY3EAE,
251,BOD051,Faros Bodrum Hotel Göltürkbükü,Göltürkbükü,google_travel,5.0,5.0,5.0,,"Ailecek 3 kişi olarak 1 gece konaklama fırsatı bulduk ve genel olarak çok memnun ayrıldık. Tüm çalışanlar güler yüzlü, ilgili ve yardımseverdi. Havuzu da güzeldi ancak biz daha çok plajı tercih ettik; denizi ve ortamı gerçekten keyifliydi.
Tek olumsuz nokta, odamıza ek yatak olarak verilen çekyattı. Oldukça küçük, içe çökmüş ve rahatsız olduğu için konforlu bir uyku sağlayamadı. Bu konuda bir iyileştirme yapılırsa çok daha iyi olacaktır.
Bunun dışında her şey beklentimizin üzerindeydi. Personelin ilgisi ve tesisin genel atmosferi sayesinde güzel bir konaklama geçirdik. Teşekkür ederiz.",Google üzerinde bir ay önce,,,,,,,,,,https://www.google.com/travel/hotels/entity/ChkIw7-b487k1v8NGg0vZy8xMWY0bGh5NXY3EAE,
252,BOD051,Faros Bodrum Hotel Göltürkbükü,Göltürkbükü,google_travel,5.0,5.0,5.0,,"Odaları ve tuvalet banyosu gayet geniş ve temiz. Çalışanlar güler yüzlü ve ilgililer. Havuzu büyük. Genel olarak otel çok hoşuma gitti,tekrar tatil için gideceğim.",Google üzerinde bir ay önce,,,,,,,,,,https://www.google.com/travel/hotels/entity/ChkIw7-b487k1v8NGg0vZy8xMWY0bGh5NXY3EAE,
253,BOD051,Faros Bodrum Hotel Göltürkbükü,Göltürkbükü,google_travel,5.0,5.0,5.0,,"Kız arkadaşımla birlikte deluxe odada 3 gece kaldık,
Odalar çok temiz, havuz kullanımı aşırı keyifli, ve restoran olsun beach olsun vakit geçirmesi çok keyifli deneyimler kattı.
Tüm personellerin ilgisi çok mutlu etti.
Kesinlikle bir daha konaklamak isteriz.",Google üzerinde 2 ay önce,,,,,,,,,,https://www.google.com/travel/hotels/entity/ChkIw7-b487k1v8NGg0vZy8xMWY0bGh5NXY3EAE,
254,BOD051,Faros Bodrum Hotel Göltürkbükü,Göltürkbükü,google_travel,5.0,5.0,5.0,,"Uzun zamandır Göltürkbükü'ne geldiğimde ilk tercih ettiğim yerlerden biri. Yıllardır aynı kaliteyi koruyor olması bence en büyük artısı. Ortamı çok keyifli, ne çok kalabalık ne de rahatsız edici bir havası var. Çalışanlar her zaman ilgili ve güler yüzlü, kendinizi gerçekten iyi hissediyorsunuz. Yemekleri de bugüne kadar hiç hayal kırıklığına uğratmadı. Hizmet kalitesi ve genel atmosferi sayesinde her yaz vaktimi en çok geçirdiğim yer diyebilirim. Gönül rahatlığıyla tavsiye edebileceğim, müdavimi olduğum nadir yerlerden biri Mana by Faros.",Google üzerinde bir ay önce,,,,,,,,,,https://www.google.com/travel/hotels/entity/ChkIw7-b487k1v8NGg0vZy8xMWY0bGh5NXY3EAE,
255,BOD051,Faros Bodrum Hotel Göltürkbükü,Göltürkbükü,google_travel,5.0,5.0,5.0,,"Harika bir konumda, denize sıfır huzurlu bir otel deneyimi yaşadık. Odalar çok temiz ve düzenliydi, her detay özenle düşünülmüş. Kahvaltısı hem lezzetli hem de yeterince çeşitliydi, güne keyifli başlamamızı sağladı. En çok da çalışanların güler yüzü, kibarlığı ve ilgisi bizi memnun etti.",Google üzerinde 2 ay önce,,,,,,,,,,https://www.google.com/travel/hotels/entity/ChkIw7-b487k1v8NGg0vZy8xMWY0bGh5NXY3EAE,
256,BOD051,Faros Bodrum Hotel Göltürkbükü,Göltürkbükü,google_travel,3.0,5.0,3.0,,Geçen sene 4 gece konakladık. Otelin beachi çok güzel. Çalışanlar çok ilgili. Ama maalesef odalarında hamam böceği var. Bu konuda yapacakları en fazla şey de sinek zehri temin etmek ne yazık ki. Böcekle de tatil yaparım derseniz iyi bir tercih,Google üzerinde 2 ay önce,,,,,,,,,,https://www.google.com/travel/hotels/entity/ChkIw7-b487k1v8NGg0vZy8xMWY0bGh5NXY3EAE,
257,BOD051,Faros Bodrum Hotel Göltürkbükü,Göltürkbükü,google_travel,5.0,5.0,5.0,,"Faros Hotel Türkbükü’nde geçirdiğimiz tatilden çok memnun ayrıldık.
Özellikle resepsiyonda görev yapan Nihal Hanım’a ilgisi, güler yüzü, profesyonelliği ve her konuda yardımcı olma çabası için ayrıca teşekkür etmek isterim. Daha otele ilk giriş anımızdan itibaren bizimle ilgilendi ve keyifli bir oda ayarladı.
Kahvaltı menüsü çok güzeldi ama akşam yemeği dahada iyileştirilebilir. Faros Hotel’i gönül rahatlığıyla tavsiye ediyorum. İlk fırsatta tekrar görüşmek dileğiyle.",Google üzerinde 2 ay önce,,,,,,,,,,https://www.google.com/travel/hotels/entity/ChkIw7-b487k1v8NGg0vZy8xMWY0bGh5NXY3EAE,
258,BOD051,Faros Bodrum Hotel Göltürkbükü,Göltürkbükü,google_travel,5.0,5.0,5.0,,"Resepsiyondaki Nihal hanım önceliki olmak üzere tüm resepsiyonist, temizlikle ilgilenen arkadaşlar ve mutfak kısmına teşekkürler… otelinizin konumu, karşılanmamız, sahildeki platform, güvenlik ve tüm taleplerimizin karşılanması memnun edici, herkese çok teşekkürler:)",Google üzerinde 2 ay önce,,,,,,,,,,https://www.google.com/travel/hotels/entity/ChkIw7-b487k1v8NGg0vZy8xMWY0bGh5NXY3EAE,
259,BOD051,Faros Bodrum Hotel Göltürkbükü,Göltürkbükü,google_travel,5.0,5.0,5.0,,"Otelinizde ki 4 günde kaldığımız oda, genişliği konforu, konumu tüm ihtiyaçlarımı karşılaması ,sahilde ki platformun mükemmel rahatlığı tatilimin çok güzel geçmesini sağladı. Bize bu rahatlığı sağlayan başta Nihal hanım olmak üzere ve tüm personelinize teşekkürler",Google üzerinde 2 ay önce,,,,,,,,,,https://www.google.com/travel/hotels/entity/ChkIw7-b487k1v8NGg0vZy8xMWY0bGh5NXY3EAE,
260,BOD051,Faros Bodrum Hotel Göltürkbükü,Göltürkbükü,google_travel,5.0,5.0,5.0,,"Havuzu ve güzel bi plajı olan butik bir otel kahvaltısı da çok güzeldi, kalabalıkta olmak istemeyen kafa dinleyip kendine reset atmak isteyenler için öneriyorum.",Google üzerinde bir ay önce,,,,,,,,,,https://www.google.com/travel/hotels/entity/ChkIw7-b487k1v8NGg0vZy8xMWY0bGh5NXY3EAE,
261,BOD051,Faros Bodrum Hotel Göltürkbükü,Göltürkbükü,google_travel,5.0,5.0,5.0,,Bodrum’un kalınacak en güzel otellerinden birisi. Servis ekibi çok başarılı ve güler yüzlü. Kahvaltı oldukça zengin ve lezzetli malzemeler özenle seçilmiş. Herkesin eline sağlık.,Google üzerinde bir ay önce,,,,,,,,,,https://www.google.com/travel/hotels/entity/ChkIw7-b487k1v8NGg0vZy8xMWY0bGh5NXY3EAE,
262,BOD051,Faros Bodrum Hotel Göltürkbükü,Göltürkbükü,google_travel,5.0,5.0,5.0,,Faros otele dördüncü gelişimizdi Zaten konumu denize sıfır ve iskelesındekı şezlongları çok rahat Yemekler leziz Ortam çok hızurlu Denizi her zaman çarsaf gıbı ve berrak Personel de çok iy Yıne gelecegız her sefer daha da memnun kalıyoruz Nihal hanıma ve tüm personele tesekkur ederiz Sayeleinde çok keyifli bir tatil geçirdik,Google üzerinde bir ay önce,,,,,,,,,,https://www.google.com/travel/hotels/entity/ChkIw7-b487k1v8NGg0vZy8xMWY0bGh5NXY3EAE,
263,BOD051,Faros Bodrum Hotel Göltürkbükü,Göltürkbükü,google_travel,5.0,5.0,5.0,,Calisanlar cok ilgili ve guler yuzlu hizli servis yapiyorlar konumu cok iyi denize sifir ve guzel sahili var kesinlikle oneriyorum,Google üzerinde 3 ay önce,,,,,,,,,,https://www.google.com/travel/hotels/entity/ChkIw7-b487k1v8NGg0vZy8xMWY0bGh5NXY3EAE,
264,BOD051,Faros Bodrum Hotel Göltürkbükü,Göltürkbükü,google_travel,4.0,5.0,4.0,,"gülden avsaroglu
Google üzerinde bir ay önce düzenlendi",Google üzerinde bir ay önce düzenlendi,,,,,,,,,,https://www.google.com/travel/hotels/entity/ChkIw7-b487k1v8NGg0vZy8xMWY0bGh5NXY3EAE,
265,BOD051,Faros Bodrum Hotel Göltürkbükü,Göltürkbükü,google_travel,4.0,5.0,4.0,,"Öncelikle şunu söylemek isterim ki, personelinizin güler yüzü ve ilgisi olmasa burası benim için çoktan tercih edilmeyecek bir işletme haline gelmiş olurdu. Özellikle iskelede görev yapan Tuğba , Eray ve Mesut olmak üzere diğer tüm ekip son derece ilgili ve çözüm odaklı. Bu yorumum kesinlikle onlara değil, işletmenin son dönemde aldığı kararlara yönelik.
Yeni uygulamalar maalesef tatil keyfini ciddi anlamda gölgeliyor. Tatile gelmiş insanların her sabah saat 07.00–08.00’de kalkıp iskelede şezlong kapma telaşına düşmesi kabul edilebilir bir durum değil. Ben tatilde dinlenmek için para ödüyorum; şezlong yarışı yapmak için değil. İskeleye gereksiz masa ve koltuklar koymak yerine daha fazla şezlong yerleştirilse, bu sorun büyük ölçüde çözülebilir.
Açıkçası kaldığım otelin iskelesinde rahatça güneşlenemeyecek ve denizin keyfini çıkaramayacaksam neden bu kadar yüksek ücret ödeyeyim? Bunun çok daha düşük maliyetine bir ev kiralayabilirim. İnsanların oteli tercih etme sebebi denize sıfır olması, iskelesi ve sunduğu konfordur. Eğer bunlardan faydalanamıyorsak, otelin en önemli avantajı ortadan kalkıyor.
Bunun yanında kahvaltıda omletin ve Türk kahvesinin ekstra ücretli olması da bana oldukça anlamsız geliyor. Bu seviyedeki bir otelde bunların standart hizmetin içinde olması gerektiğini düşünüyorum.
Geçtiğimiz Eylül ayında da burada konakladım. O dönemde özellikle akşam yemekleri gerçekten çok başarılıydı. Bu kez ise büyük bir hayal kırıklığı yaşadım. “Gavurdağı salatası” diye gelen tabak, domates ve salatalığın gelişigüzel doğranmış halinden ibaretti. Adana kebabı Adana’ya benzemiyor, salatalar özensiz, genel olarak yemeklerin hem lezzeti hem de kalitesi ciddi şekilde gerilemiş.
Kısacası, çalışanların samimiyeti ve profesyonelliği hâlâ bu otelin en büyük artısı. Ancak işletme politikaları, hizmet kalitesindeki düşüş ve misafir konforunu ikinci plana atan uygulamalar nedeniyle burası eskisi gibi gönül rahatlığıyla tavsiye edebileceğim bir yer olmaktan uzaklaşmış durumda. Umarım bu eleştiriler dikkate alınır; çünkü aslında çok güzel bir tesis, fakat yanlış kararlarla kendi değerini hızla kaybediyor.
Bir de şu iskeledeki müzik. Herkes aile ama burada akşamüstü acayip gürültülü bir müzik başlıyor. Profile uygun değil.şarkılar değil sesin seviyesi çooook fazla !",Google üzerinde bir ay önce düzenlendi,,,,,,,,,,https://www.google.com/travel/hotels/entity/ChkIw7-b487k1v8NGg0vZy8xMWY0bGh5NXY3EAE,
266,BOD051,Faros Bodrum Hotel Göltürkbükü,Göltürkbükü,google_travel,5.0,5.0,5.0,,Mükkemel bir konaklama ve hizmetli bir yer çalışanlarıda hepsi güler yüzlüydü,Google üzerinde 3 hafta önce,,,,,,,,,,https://www.google.com/travel/hotels/entity/ChkIw7-b487k1v8NGg0vZy8xMWY0bGh5NXY3EAE,
267,BOD051,Faros Bodrum Hotel Göltürkbükü,Göltürkbükü,google_travel,3.0,5.0,3.0,,"otele girişte yaşadığımız sıkıntılar olmasaydı 5 yıldız verebilirdim çünkü konumu güzel, çalışanlar disiplinli, yemekler harika, denizi mükemmel. fakat otele geldiğimizde eşim ve 6 yaşındaki çocuğumu 3 saat lobide beklettiler çünkü otelz firmasından paralarını alamamışlar. bunun haricinde her şey gayet güzeldi.",Google üzerinde 11 ay önce,,,,,,,,,,https://www.google.com/travel/hotels/entity/ChkIw7-b487k1v8NGg0vZy8xMWY0bGh5NXY3EAE,
268,BOD051,Faros Bodrum Hotel Göltürkbükü,Göltürkbükü,google_travel,5.0,5.0,5.0,,"Otel gayet iyiydi odaları çok geniş ferah havuzu temiz deniz iskelesi de gayet geniş.
Genel olarak çok temiz ve en dolu zamanında bile tenha sakin. Kahvaltısı çok çeşitli kaliteli. Bir gün fazladan rez. yaptırmışız o problemi de çözdüler. Teşekkürler.",Google üzerinde 11 ay önce,,,,,,,,,,https://www.google.com/travel/hotels/entity/ChkIw7-b487k1v8NGg0vZy8xMWY0bGh5NXY3EAE,
269,BOD051,Faros Bodrum Hotel Göltürkbükü,Göltürkbükü,google_travel,5.0,5.0,5.0,,"Hayvan dostu, konumu çok güzel, personel çok güler yüzlü. Çok memnun kaldık.",Google üzerinde 2 ay önce,,,,,,,,,,https://www.google.com/travel/hotels/entity/ChkIw7-b487k1v8NGg0vZy8xMWY0bGh5NXY3EAE,
270,BOD055,Lavinya Otel Göltürkbükü,Göltürkbükü,google_travel,5.0,5.0,5.0,,Bodrum tatilinde tercih ettiğimiz otelimiz gayet keyifli temiz güzel personeli gerçekten çok güler yüzlü içten davrandı kahvaltı gayet güzeldi otelin denizi çok temizdi genel olarak çok memnun kaldık tavsiye ederiz,Google üzerinde bir ay önce,,,,,,,,,,https://www.google.com/travel/hotels/entity/CgsIzujNwKKw17XYARAB,
271,BOD055,Lavinya Otel Göltürkbükü,Göltürkbükü,google_travel,5.0,5.0,5.0,,"Hizmet kalitesi , denizi , iskelesi , kahvaltısı , yemekleri herşey çok iyiydi.
Çocuklu aileler ve yetişkinler için 2 ayrı iskelesi olması da çok hoş. Teşekkürler .",Google üzerinde 2 ay önce,,,,,,,,,,https://www.google.com/travel/hotels/entity/CgsIzujNwKKw17XYARAB,
272,BOD055,Lavinya Otel Göltürkbükü,Göltürkbükü,google_travel,5.0,5.0,5.0,,"Bodrum göltürkbükünde olan bu işletmenin deniz kısmını kullandık cok ama cok memnun kaldık , güleryüzlü personel , (cemil, hasan, faruk,yusuf,derya,ilkbal,selahattin,erkan,enes)🙏yemeklerı çeşitli vede güzel ayrıca cok yardımcı oldular 🙏🧿",Google üzerinde bir ay önce,,,,,,,,,,https://www.google.com/travel/hotels/entity/CgsIzujNwKKw17XYARAB,
273,BOD055,Lavinya Otel Göltürkbükü,Göltürkbükü,google_travel,1.0,5.0,1.0,,Konum olarak çok güzel ama ne yazıkki yatağım kıllı ve yerler kumluydu minibarımda su yoktu resepsiyondaki murat beyin tavrı çok lakayttı üstelik esmer kilolu genç bir çalışanları var lütfen onu uyarırmısınız müşterilerle flört edilmez rahatsız edici,Google üzerinde 2 ay önce,,,,,,,,,,https://www.google.com/travel/hotels/entity/CgsIzujNwKKw17XYARAB,
274,BOD055,Lavinya Otel Göltürkbükü,Göltürkbükü,google_travel,5.0,5.0,5.0,,"Çok güzel bir otel, atmosferi effsane. Servis çok hızlı ve kaliteli. Herkesin emeğine sağlık 🤌✌️😎🤩",Google üzerinde 2 ay önce,,,,,,,,,,https://www.google.com/travel/hotels/entity/CgsIzujNwKKw17XYARAB,
275,BOD055,Lavinya Otel Göltürkbükü,Göltürkbükü,google_travel,5.0,5.0,5.0,,"Otelin dekorasyonu için özenilmiş. Ambiyans, ışıklandırma harika. Odalar standart, uyumak için yeterli. Temiz, yatak rahattı. Karşılamadan garsonlara kadar tüm personel çok ilgili, kibar ve güleryüzlü. Teşekkürler 🙏🏼
(Çocuklu aileler kusura bakmasın) +12 iskeleleri var 🙂‍↔️ Denizi şahane… Eylül’de çok sakindi.
Böyle yerlerde genelde mecburiyetten yemek yeriz ama burda yemek yerken gerçekten zevk aldık. Pizzalarda Fungi favorim oldu. 👌Balık taze ve çok güzeldi. Şefe özel teşekkürlerimi iletiyorum. 👌🙃
Mutlaka tekrar geleceğiz. 💃🏻🕺",Google üzerinde 11 ay önce,,,,,,,,,,https://www.google.com/travel/hotels/entity/CgsIzujNwKKw17XYARAB,
276,BOD055,Lavinya Otel Göltürkbükü,Göltürkbükü,google_travel,5.0,5.0,5.0,,"Kardeşimle beraber gittiğim tatildi. Odaları ve tesis Gerçekten temiz , dekorasyonu olsun, kullanılan malzemeler olsun herşey harika. Kendi iskelesi bulunuyor, denizi mühtişti. Kahvaltıları muhteşemdi. Mutfağı çok lezzetli ve fiyatları normaldi. Personel gerçekten çok ilgili ve güler yüzlüydü. Huzurlu, keyifli bir tatil geçirmek isteyenlere kesinlikle tavsiye ediyorum. Gölköyde akşam yemekten sonra gezilecek , yürüyüş yapılacak bir yer bulunmuyor, aracınız varsa merkeze yada türkbüküne yakın mesafede",Google üzerinde 11 ay önce,,,,,,,,,,https://www.google.com/travel/hotels/entity/CgsIzujNwKKw17XYARAB,
277,BOD055,Lavinya Otel Göltürkbükü,Göltürkbükü,google_travel,5.0,5.0,5.0,,"Kendi araştırmalarım sonucu buldum. O bölgede ki en iyi otel olduğunu gönül rahatlığıyla söyleyebilirim. Kahvaltıları gördüğüm en iyi otel kahvaltısıydı dışarıda bile böyle kahvaltı bulmanız zor. İskele kısmı muhteşem 2 iskele beach var ve oldukca temiz ve yeterliydi. Odaları olsun, beach kısmı olsun elit bir otele geldiğinizi hissettiriyorlar resepsiyondan beach yemek bölümündeki tüm çalışanlara samimi güleryüzlü yardımsever yaklaşımlarından ötürü çok teşekkür ederim. Tekrar tekrar gitmeyi tercih edeceğim oteldir.",Google üzerinde 11 ay önce,,,,,,,,,,https://www.google.com/travel/hotels/entity/CgsIzujNwKKw17XYARAB,
278,BOD055,Lavinya Otel Göltürkbükü,Göltürkbükü,google_travel,5.0,5.0,5.0,,"Konumu, çalışanların ilgisi, sahili her şeyiyle 4/4 lük bir işletme, tekrar tekrar konaklayacağım bir yer",Google üzerinde 2 ay önce,,,,,,,,,,https://www.google.com/travel/hotels/entity/CgsIzujNwKKw17XYARAB,
279,BOD055,Lavinya Otel Göltürkbükü,Göltürkbükü,google_travel,5.0,5.0,5.0,,"Lavinya otel göltürkbükü otelde 3 yaşındaki kızım ve eşim ile yaptığımız tatil tek kelimeyle müthişti. Otel hem kafa dinlemelik, hem de çocuklu aileler için büyük konfor. Restaurantı çok lezzetli, fiyatlar fahiş değil. Deniz ve sahil kum. aynı zamanda deniz tertemiz.kendi iskelesi de var. Hergün odalar temizleniyor. Otel personeli çok ilgili ve güleryüzlü. Özellikle Doğuş bey, Yusuf bey ve Serkan beye ilgi alakaları için teşekkür etmek isterim. Her yıl geleceğim oteller arasında ilk sırada olacak.",Google üzerinde 11 ay önce,,,,,,,,,,https://www.google.com/travel/hotels/entity/CgsIzujNwKKw17XYARAB,
280,BOD056,"Mandarin Oriental, Bodrum",Göltürkbükü,google_travel,1.0,5.0,1.0,,Haftalığı 20.000 €’dan fazla… ve büyük bir hayal kırıklığı||Haftalığı 20.000 €’dan fazla ödeme yaptığınızda kusursuz bir hizmet ve gerçek anlamda lüks bir otel deneyimi beklersiniz. …,Tripadvisor üzerinde bir ay önce,,,,,,,,,,https://www.google.com/travel/hotels/entity/ChgI0ZWL5OHIovcnGgwvZy8xcTY3cF82NzgQAQ,
281,BOD056,"Mandarin Oriental, Bodrum",Göltürkbükü,google_travel,5.0,5.0,5.0,,"Mandarin Oriental Bodrum’da harika bir konaklama deneyimi yaşadık. Otelin eşsiz konumu, muhteşem manzarası, üst düzey olanakları ve huzurlu atmosferi tatilimizi unutulmaz kıldı. …",Tripadvisor üzerinde 2 ay önce,,,,,,,,,,https://www.google.com/travel/hotels/entity/ChgI0ZWL5OHIovcnGgwvZy8xcTY3cF82NzgQAQ,
282,BOD056,"Mandarin Oriental, Bodrum",Göltürkbükü,google_travel,5.0,5.0,5.0,,Bir düğün organizasyonuna katıldım. Çalışanların ilgisinden çok memnun kaldım. Menü dışında siparişlerimizi de kabul ettiler. Helin hanım çok yardımcı oldu. Her şeyi harikaydı.,Google üzerinde 2 hafta önce,,,,,,,,,,https://www.google.com/travel/hotels/entity/ChgI0ZWL5OHIovcnGgwvZy8xcTY3cF82NzgQAQ,
283,BOD056,"Mandarin Oriental, Bodrum",Göltürkbükü,google_travel,5.0,5.0,5.0,,"Sahilde ve kahvaltida servis sin derece yetersizdi.Sahilde koktryl siparisi 4 kere soylememe ragmen 45 dakijada geldi.
Kahvaltida omlet siparisim hic gelmedi.yapilan yere gittim.buradan veremem nasaniza gidin dedi.ve omlet yiyemedim.menemen ve scrambled egg de yoktu.
Sahilin taslarinin kademeli ve yuksekte olmasi da cok tuhaf geldi.
Room service, resepsiyon ve otel girisinde calisanlar son derece yardimci ve guleryuzlu idi.
Tesekkurler",Google üzerinde 2 ay önce,,,,,,,,,,https://www.google.com/travel/hotels/entity/ChgI0ZWL5OHIovcnGgwvZy8xcTY3cF82NzgQAQ,
284,BOD056,"Mandarin Oriental, Bodrum",Göltürkbükü,google_travel,5.0,5.0,5.0,,Yaşadığım en güzel otel deneyimi idi. Her çalışanın güler yüzü ilgisi ve çözüm odaklı ön görüşleri bizi çok mutlu etti. Bizimle her gün ilgilenen şevval öykü hanıma ve housekeeping Sabiha hn ve Eray beye özellikle çok teşekkür ediyorum. Artı spa hizmetinden de çok memnun kaldım Adile hn Suna hn Serdar bey e de teşekkür ederim.,Google üzerinde 4 ay önce,,,,,,,,,,https://www.google.com/travel/hotels/entity/ChgI0ZWL5OHIovcnGgwvZy8xcTY3cF82NzgQAQ,
285,BOD056,"Mandarin Oriental, Bodrum",Göltürkbükü,google_travel,5.0,5.0,5.0,,Otelin konumu ve manzarası gerçekten çok güzel otel genel olarak temiz ve düzenli . Personel ilgili ve çok yardımcı olmaya çalıştı yemekler ve hizmet seviyesi iyi ama fiyatlar oldukça yüksek genel olarak sakin ve lüks tatil yapmak isteyenler için tercih edilecek bir yer biz çok memnun kaldık,Google üzerinde 2 ay önce,,,,,,,,,,https://www.google.com/travel/hotels/entity/ChgI0ZWL5OHIovcnGgwvZy8xcTY3cF82NzgQAQ,
286,BOD056,"Mandarin Oriental, Bodrum",Göltürkbükü,google_travel,5.0,5.0,5.0,,Merhaba yaşadığım tek problem pembe gömlekli Emre adında tahmin ediyorum sorunları olan ve böyle muhteşem bir komplekste itibar kaybına yol açabilecek bir personel iyiki Hasan bey ve simge hanım varda çözdüler olayı acizane önerim background bir servisten başkasında değerlendirilmemesi gereken bir personel muhteşem hizmetlerinizin devamı temennisi ile saygılarımı sunuyorum 👏👏👏👏👏,Google üzerinde bir ay önce,,,,,,,,,,https://www.google.com/travel/hotels/entity/ChgI0ZWL5OHIovcnGgwvZy8xcTY3cF82NzgQAQ,
287,BOD056,"Mandarin Oriental, Bodrum",Göltürkbükü,google_travel,5.0,5.0,5.0,,"Uzun yıllardır, her sene 3-4 defa Tatilimizi Tesisleriniz de geçiriyoruz.
Tesisin mükemmelliği yanında, Personelin davranış ve hizmet kalitesi en üst seviyededir.
Özellikle; Gül ve Miraç Hanımlara teşekkür ederiz, samimiyetleri ve nazik yaklaşımları takdire şayandır.",Google üzerinde 2 ay önce,,,,,,,,,,https://www.google.com/travel/hotels/entity/ChgI0ZWL5OHIovcnGgwvZy8xcTY3cF82NzgQAQ,
288,BOD056,"Mandarin Oriental, Bodrum",Göltürkbükü,google_travel,5.0,5.0,5.0,,"Konumu, manzarası ve genel atmosferiyle gerçekten harika bir otel. Personel çok ilgili ve profesyonel. Odalar temiz ve konforlu, hizmet kalitesi üst seviyede. Huzurlu ve lüks bir konaklama arayanlar için kesinlikle tavsiye ederim.",Google üzerinde bir ay önce,,,,,,,,,,https://www.google.com/travel/hotels/entity/ChgI0ZWL5OHIovcnGgwvZy8xcTY3cF82NzgQAQ,
289,BOD056,"Mandarin Oriental, Bodrum",Göltürkbükü,google_travel,5.0,5.0,5.0,,"Devasa otel kompleksi, kendine ait plajı bulunuyor. Kapalı ve açık otoparklarında elektrikli araçlarınız için şarj istasyonları (hızlı ve yavaş) mevcut. Çalışanlar ilgili, sistemleri aksaksız işliyor…",Google üzerinde 2 ay önce,,,,,,,,,,https://www.google.com/travel/hotels/entity/ChgI0ZWL5OHIovcnGgwvZy8xcTY3cF82NzgQAQ,
290,BOD056,"Mandarin Oriental, Bodrum",Göltürkbükü,google_travel,5.0,5.0,5.0,,"Kaçamak olarak planlanan tatil için tercihimiz Mandarin Oriental Bodrum oldu, bizim için güzel bir deneyim oldu! Kendinizi özel ve değerli hissetmek istiyorsanız siz de muhakkak bu oteli tercih etmelisiniz!! …",Tripadvisor üzerinde 4 ay önce,,,,,,,,,,https://www.google.com/travel/hotels/entity/ChgI0ZWL5OHIovcnGgwvZy8xcTY3cF82NzgQAQ,
291,BOD056,"Mandarin Oriental, Bodrum",Göltürkbükü,google_travel,5.0,5.0,5.0,,Miraç hanım kokteyl önerilerini mutlaka dikkate alın muhteşem kokteyller öneriyor kendisine her şey için teşekkür ederiz sıcakkanlılığı ilgisi alakası ve önerileri muhteşem👏🏻👏🏻👏🏻,Google üzerinde bir ay önce,,,,,,,,,,https://www.google.com/travel/hotels/entity/ChgI0ZWL5OHIovcnGgwvZy8xcTY3cF82NzgQAQ,
292,BOD056,"Mandarin Oriental, Bodrum",Göltürkbükü,google_travel,5.0,5.0,5.0,,"Mandarin Oriental Bodrum, lüks konaklama kavramını sadece sunmuyor; yeniden tanımlıyor. Dünyanın farklı destinasyonlarında edindiğim deneyimlerle kıyasladığımda, burada hissedilen şey yalnızca konfor değil; rafine bir operasyon zekâsı.
Mimari yerleşim, doğal eğime saygılı tasarlanmış. Mahremiyet ve manzara dengesi ustalıkla kurulmuş. Oda içi detaylarda kullanılan malzemelerin kalitesi, tekstil seçimi ve akustik konfor üst segment bir markanın imzasını net şekilde taşıyor.
Servis tarafında ise en etkileyici unsur; görünmeyen disiplin. Ekip senkronize, abartısız ama kusursuz. Gerçek lüks zaten budur: bağırmayan ama hissedilen kalite.
Gastronomi tarafında ürün kalitesi, sunum estetiği ve servis ritmi dünya standartlarında.
Mandarin Oriental markasının neden global ölçekte referans kabul edildiğini burada bir kez daha anlıyorsunuz.
Bodrum’da değil, dünyada üst segment konaklama deneyimi arayanlara gönül rahatlığıyla tavsiye ederim.",Google üzerinde 6 ay önce,,,,,,,,,,https://www.google.com/travel/hotels/entity/ChgI0ZWL5OHIovcnGgwvZy8xcTY3cF82NzgQAQ,
293,BOD056,"Mandarin Oriental, Bodrum",Göltürkbükü,google_travel,5.0,5.0,5.0,,"Mandarin Oriental Bodrum’un Food & Beverage ekibine, özellikle Gül, Nehi
r ve Heba içten teşekkürlerimi sunuyorum. Güler yüzleri, profesyonellikleri ve misafirperverlikleriyle beklentilerin ötesinde harika bir deneyim yaşattılar. Gerçekten takdiri hak eden bir ekip. En kısa zamanda tekrar görüşmek dileğiyle!",Google üzerinde 2 ay önce,,,,,,,,,,https://www.google.com/travel/hotels/entity/ChgI0ZWL5OHIovcnGgwvZy8xcTY3cF82NzgQAQ,
294,BOD056,"Mandarin Oriental, Bodrum",Göltürkbükü,google_travel,5.0,5.0,5.0,,"Mandarin’deki deneyimim çok keyifliydi. Özellikle Sofra’daki Kadir Bey’in profesyonelliği, ilgisi ve yaklaşımı gerçekten iyidi. Ne istesem hepsini jet hızıyla yaptı) Hizmet kalitesi ve detaylara verdiği önem için teşekkür ederim. Girişteki zencefilli ve Mandalinalı içecek çok güzeldi",Google üzerinde 3 ay önce,,,,,,,,,,https://www.google.com/travel/hotels/entity/ChgI0ZWL5OHIovcnGgwvZy8xcTY3cF82NzgQAQ,
295,BOD056,"Mandarin Oriental, Bodrum",Göltürkbükü,google_travel,5.0,5.0,5.0,,Mandarin bodrum oteli icinde gigi italyan rest.gittik mekan gayet güzel canki muzik var guzel keyifli bir ortam var..garsonlar ilgili ve menüye hakimler baslangiçlar ana yemeklerden secim yapabilirsiniz tatlilarda yaz tatlilari hafif kezzetli..tavsiye ederiz gitmenizi..,Google üzerinde bir ay önce,,,,,,,,,,https://www.google.com/travel/hotels/entity/ChgI0ZWL5OHIovcnGgwvZy8xcTY3cF82NzgQAQ,
296,BOD056,"Mandarin Oriental, Bodrum",Göltürkbükü,google_travel,5.0,5.0,5.0,,"Daha önce denediğim ve memnun kaldığım için tekrar tercih ettiğim bir oteldi fakat bu kez beklentimi pek karşılamadı,kötü değil ama hizmet daha iyi olabilirdi.",Google üzerinde 3 ay önce,,,,,,,,,,https://www.google.com/travel/hotels/entity/ChgI0ZWL5OHIovcnGgwvZy8xcTY3cF82NzgQAQ,
297,BOD056,"Mandarin Oriental, Bodrum",Göltürkbükü,google_travel,5.0,5.0,5.0,,Çok keyifli bir bayram tatili oldu Mandarin halkla ilişkiler sorumlusu Berfu hanım çok ilgili ve çözüm odaklı gerçekten sayesinde ve diğer tüm çalışanların sayesinde kendimizi evde hissl ettik,Google üzerinde 2 ay önce,,,,,,,,,,https://www.google.com/travel/hotels/entity/ChgI0ZWL5OHIovcnGgwvZy8xcTY3cF82NzgQAQ,
298,BOD056,"Mandarin Oriental, Bodrum",Göltürkbükü,google_travel,5.0,5.0,5.0,,Güleryüzlü ekibe çok teşekkür ederim.Özellikle Mustafa Özkan ÇAKMAK Müdürüm tüm taleplerimle çok hızlı bir şekilde ilgilendi .Muhteşem doğa ve deniz manzarası ile Mandarin Oriental her zaman ki gibi muhteşem .Cennet Koyu’nda kendimi evimde gibi hissettim 🤍🌸,Google üzerinde 2 ay önce,,,,,,,,,,https://www.google.com/travel/hotels/entity/ChgI0ZWL5OHIovcnGgwvZy8xcTY3cF82NzgQAQ,
299,BOD056,"Mandarin Oriental, Bodrum",Göltürkbükü,google_travel,5.0,5.0,5.0,,olaganüstü bir servis ekibi ve neredeyse her kişiye butler servisi varmış gibi hissettiren bir tesis... bence açık ara Türkiye'deki en iyi resort...,Google üzerinde 4 ay önce,,,,,,,,,,https://www.google.com/travel/hotels/entity/ChgI0ZWL5OHIovcnGgwvZy8xcTY3cF82NzgQAQ,
300,BOD056,"Mandarin Oriental, Bodrum",Göltürkbükü,google_travel,5.0,5.0,5.0,,Perran hanıma harika masajı için çok teşekkür ediyorum muhteşem bir deneyimdi,Google üzerinde bir ay önce,,,,,,,,,,https://www.google.com/travel/hotels/entity/ChgI0ZWL5OHIovcnGgwvZy8xcTY3cF82NzgQAQ,
301,BOD056,"Mandarin Oriental, Bodrum",Göltürkbükü,google_travel,5.0,5.0,5.0,,Nida Hanım’ın kaş alımından çok memnun kaldım. Kaşımın şeklini çok beğendim. Herkese tavsiye ediyorum.,Google üzerinde bir ay önce,,,,,,,,,,https://www.google.com/travel/hotels/entity/ChgI0ZWL5OHIovcnGgwvZy8xcTY3cF82NzgQAQ,
302,BOD056,"Mandarin Oriental, Bodrum",Göltürkbükü,google_travel,5.0,5.0,5.0,,Adile hanimin ilgisi ve verilen hizmet cok iyiydi. Perran hanim mukemmel bir kese kopuk yapti. Calisanlarin genel ilgisi ve alakasi cok ama cok iyiydi,Google üzerinde bir ay önce,,,,,,,,,,https://www.google.com/travel/hotels/entity/ChgI0ZWL5OHIovcnGgwvZy8xcTY3cF82NzgQAQ,
303,BOD056,"Mandarin Oriental, Bodrum",Göltürkbükü,google_travel,5.0,5.0,5.0,,Hikmet beye önerdiği kokteyller güzel ilgisi ve guleryüzü için çok teşekkürler inanılmaz bir deneyimdi,Tripadvisor üzerinde 2 ay önce,,,,,,,,,,https://www.google.com/travel/hotels/entity/ChgI0ZWL5OHIovcnGgwvZy8xcTY3cF82NzgQAQ,
304,BOD056,"Mandarin Oriental, Bodrum",Göltürkbükü,google_travel,1.0,5.0,1.0,,"Paranızın karşılığını vermiyor. Sözde ultra lüks, Real orta segment. Yöneticileri otel değil sanki dünyayı yönetiyor. Odalar koğuş gibi.",Google üzerinde 6 ay önce,,,,,,,,,,https://www.google.com/travel/hotels/entity/ChgI0ZWL5OHIovcnGgwvZy8xcTY3cF82NzgQAQ,
305,BOD056,"Mandarin Oriental, Bodrum",Göltürkbükü,google_travel,5.0,5.0,5.0,,"Çok güzeldi özellikle sahili inanılmaz, ailecek gidilecek nadir otellerden.",Google üzerinde bir ay önce,,,,,,,,,,https://www.google.com/travel/hotels/entity/ChgI0ZWL5OHIovcnGgwvZy8xcTY3cF82NzgQAQ,
306,BOD056,"Mandarin Oriental, Bodrum",Göltürkbükü,google_travel,5.0,5.0,5.0,,"Odaları çok ferahlı ve deniz manzarali olanları harika, hizmet mükemmel ancak kahvaltısı biraz zayıf.",Google üzerinde 3 ay önce,,,,,,,,,,https://www.google.com/travel/hotels/entity/ChgI0ZWL5OHIovcnGgwvZy8xcTY3cF82NzgQAQ,
307,BOD056,"Mandarin Oriental, Bodrum",Göltürkbükü,google_travel,5.0,5.0,5.0,,Konumu çok iyi plaj mükemmel restoran seçenekleri çok fazla. Güzel bir yer,Google üzerinde bir ay önce,,,,,,,,,,https://www.google.com/travel/hotels/entity/ChgI0ZWL5OHIovcnGgwvZy8xcTY3cF82NzgQAQ,
308,BOD056,"Mandarin Oriental, Bodrum",Göltürkbükü,google_travel,5.0,5.0,5.0,,"Spa çok keyifli, Fulya hanım a özellikle teşekkür ederiz",Google üzerinde bir ay önce,,,,,,,,,,https://www.google.com/travel/hotels/entity/ChgI0ZWL5OHIovcnGgwvZy8xcTY3cF82NzgQAQ,
309,BOD056,"Mandarin Oriental, Bodrum",Göltürkbükü,google_travel,5.0,5.0,5.0,,"Perran ve Adile hanımlardan çok memnun kaldım, ikisi de çok tatlı.",Google üzerinde bir ay önce,,,,,,,,,,https://www.google.com/travel/hotels/entity/ChgI0ZWL5OHIovcnGgwvZy8xcTY3cF82NzgQAQ,
310,BOD056,"Mandarin Oriental, Bodrum",Göltürkbükü,trip,10.0,10.0,5.0,,Diamond+,"Posted June 29, 2026",,Family,,Show More,,,,,,https://www.trip.com/hotels/bodrum-hotel-detail-1661001/mandarin-oriental-bodrum/,
311,BOD056,"Mandarin Oriental, Bodrum",Göltürkbükü,trip,10.0,10.0,5.0,,"Food, beach, spa… super polite and friendly staff, everything is perfect.","Posted June 29, 2026",Stayed in April 2026,Family,Garden View Twin Room,Russia,,,,,,https://www.trip.com/hotels/bodrum-hotel-detail-1661001/mandarin-oriental-bodrum/,
312,BOD056,"Mandarin Oriental, Bodrum",Göltürkbükü,trip,7.5,10.0,3.75,,"The service was terrible, literally zero. The waiters at breakfast were out of line, and the butler was all over the place, responding to messages only sporadically. To top it off, they added an extra 50,000 to my bill at checkout.","Posted August 24, 2026",Stayed in August 2026,Couple,Garden View Twin Room,Russia,,,,,,https://www.trip.com/hotels/bodrum-hotel-detail-1661001/mandarin-oriental-bodrum/,
313,BOD056,"Mandarin Oriental, Bodrum",Göltürkbükü,trip,10.0,10.0,5.0,,"Overall, a good experience, but many restaurants were closed in October.","Posted October 6, 2025",Stayed in October 2025,Family,Mandarin Junior Suite,China,,,,,,https://www.trip.com/hotels/bodrum-hotel-detail-1661001/mandarin-oriental-bodrum/,
314,BOD056,"Mandarin Oriental, Bodrum",Göltürkbükü,trip,4.5,10.0,2.25,,"First, the airport tax refund consultation was extremely irresponsible. I repeatedly inquired with the front desk staff about the airport tax refund counter's opening hours and processing procedures, receiving several completely different and incorrect times. The information was confusing, vague, and highly unprofessional, directly delaying my departure tax refund process and wasting a significant amount of time and energy. The service professionalism was severely substandard. Even more unacceptable was that, when faced with guests' questions and requests, the staff offered no room for communication or choice, only providing perfunctory and dismissive responses with a passive attitude and no sincerity in resolving the issues. Second, the room hygiene was severely substandard. I didn't open the window the entire time, yet large insects, resembling cockroaches, were found in the room, causing extreme discomfort. For a high-end resort hotel, failing to even implement basic pest control and room cleaning demonstrates a huge lapse in hygiene management, leaving me with absolutely no sense of security. Furthermore, the nighttime experience was extremely poor. Late at night, there were frequent, intermittent, and recurring noises of unidentified objects falling from the room. This was definitely not normal equipment noise, making it impossible to sleep soundly all night. I barely managed to fall asleep until 3 AM, severely depleting my rest. Finally, there were obvious safety hazards in the guest room. The carpet was extremely slippery and the anti-slip treatment was completely inadequate. I slipped and fell several times while walking normally in the room, posing a risk of injury. The hotel completely disregarded the personal safety of its guests.","Posted May 9, 2026",Stayed in May 2026,Traveling with friends,Garden View Twin Room,China,,,,,,https://www.trip.com/hotels/bodrum-hotel-detail-1661001/mandarin-oriental-bodrum/,
315,BOD056,"Mandarin Oriental, Bodrum",Göltürkbükü,trip,10.0,10.0,5.0,,"The room is very spacious and bright, and the bathroom sun room is uniquely designed. The most memorable service of the hotel is the service staff in the breakfast room. In order to let the children eat breakfast, they spontaneously learned to make Chinese steamed eggs on Tik Tok. As the saying goes, ""The way of civil and martial arts has not fallen, it is in people"", this is what it means. ""The most beautiful culture in the East"" is the beauty of the human heart, and it is well deserved.","Posted June 4, 2025",Stayed in April 2025,Family,Mandarin Junior Suite,China,,,,,,https://www.trip.com/hotels/bodrum-hotel-detail-1661001/mandarin-oriental-bodrum/,
316,BOD056,"Mandarin Oriental, Bodrum",Göltürkbükü,trip,10.0,10.0,5.0,,"My initial experience at the hotel was a bit unpleasant, but thankfully the hotel rectified it promptly, resulting in a perfect vacation. Thank you to the hotel and Ctrip for their service! ❤️ The hotel's hardware and maintenance are absolutely impeccable. It's brand new, not like it's been open for 10 years, but rather like a brand new hotel. It's definitely a top-tier hotel in Europe and the US, and I highly recommend it. The basic rooms are also spacious, larger than many hotel suites or even villas. If you prefer staying in your room, this is highly recommended. The rooms are clad in warm oak, the bathrooms have heated floors, and the bedding is incredibly comfortable. It's clear the owners have invested heavily and are a bit eager to cash in, which gives the hotel a bit of a real estate feel. This is evident in the massive real estate sales model displayed on the way to the breakfast room, as well as the somewhat outrageous restaurant prices and other on-site dining options (even more expensive than Amanruya). This is understandable, as, like St. Tropez, it's only open for a few months in the summer, which naturally drives up costs. The service is professional and up-to-date, with a slightly distant, private atmosphere, a true Mandarin Oriental touch. They care deeply about their guests, including one-on-one butlers. This is definitely a top-tier service provider in Europe and the US. Many staff members are able to remember and greet you by name, offering a warm and friendly greeting. However, compared to other hotels in this tier in Asia, the hotel lacks the level of sophistication and pleasant surprises, lacking in added value. There are no free activities; everything is based on financial commitment, leading to a rather boring stay. Even resort hotels in Asia, like Sanya, look much better. The breakfast was good, with excellent bread and pastries, but the lack of an à la carte menu doesn't quite fit the budget of a hotel. Other dining options were limited, average, and expensive. The beach was unattractive, with a large concrete wall in front, supposedly to prevent waves from washing away the sand. While there are certainly other solutions, the hotel chose the ugliest one, and there were also unsightly boats parked on the water. The beach staff were very helpful, eager to help guests, eager to see if they could even make a move. This was a very positive point. My favorite part of the hotel experience was the spa. The facilities, atmosphere, and service were all top-notch. It's been a while since I've experienced a spa where I could stay as long as I did. It felt so Zen and secluded, and there were a variety of teas to try, all centered around well-being. If you enjoy a wellness retreat, it's worth a try. The downsides are also obvious: the hardware isn't very smart, like the TV can't mirror your phone's screen, and there's no smart toilet. The overall style isn't ideal for young people or couples, and it has an inexplicably business-like feel, lacking a resort feel or local culture. In short, the hotel is impeccable and truly world-class. It's definitely worth the experience and highly recommended.","Posted May 29, 2025",Stayed in April 2025,Solo traveler,Garden View King Room,,,,,,,https://www.trip.com/hotels/bodrum-hotel-detail-1661001/mandarin-oriental-bodrum/,
317,BOD056,"Mandarin Oriental, Bodrum",Göltürkbükü,trip,10.0,10.0,5.0,,It is worth going. The sea view and service are first-class. The price is a little expensive. But it is worth it.,"Posted May 26, 2025",Stayed in May 2025,,One Bedroom Twin Apartment with Garden View,China,,,,,,https://www.trip.com/hotels/bodrum-hotel-detail-1661001/mandarin-oriental-bodrum/,
318,BOD056,"Mandarin Oriental, Bodrum",Göltürkbükü,trip,10.0,10.0,5.0,,"Super beautiful hotel, first-class service, of course the price is also very high. Bodrum is in the south of Turkey, it is worth a visit. There are many good hotels, Mandarin Oriental is very good","Posted May 7, 2024",Stayed in May 2024,Traveling with friends,One Bedroom King Apartment with Sea View,China,,,,,,https://www.trip.com/hotels/bodrum-hotel-detail-1661001/mandarin-oriental-bodrum/,
319,BOD056,"Mandarin Oriental, Bodrum",Göltürkbükü,trip,10.0,10.0,5.0,,The hotel has a great view and the service is considerate,"Posted July 15, 2024",Stayed in May 2024,Traveling with friends,Garden View Twin Room,,,,,,,https://www.trip.com/hotels/bodrum-hotel-detail-1661001/mandarin-oriental-bodrum/,
320,BOD056,"Mandarin Oriental, Bodrum",Göltürkbükü,trip,10.0,10.0,5.0,,"Thank you to the hotel staff. We stayed with our family from June 26 to July 3. The vacation was wonderful. This is a magical place in Bodrum. I would especially like to thank the administrator of the Gul restaurant, where the breakfast was held. And thank you very much for the cleanliness of the rooms in Mehtap, Kedriye, Kezıban and Behıye.","Posted July 11, 2026",Stayed in July 2026,Family,,,,,,,,https://www.trip.com/hotels/bodrum-hotel-detail-1661001/mandarin-oriental-bodrum/,
321,BOD058,Bodrum Beach Resort,Gümbet,google_travel,2.0,5.0,2.0,,"kolay kolay yorum yapan birisi değilim. öncelikle başımıza gelen olaydan bahsetmek isterim. Jolly tur üzerinden 2 gece 3 günlük bir tatil planı ayarlamıştık. giriş yapacagımız günden bir gün önce gecesi yola cıktık. daha 20 dk olmadan araba arızalandı. saat akşam 10 gibiydi. usta falan zordu bulmamız haliyle. bende jolly üzerinden iletişime geçtim saat 12 ye gelmek üzereydi. araba bozuldugu için iptal edebilir miyiz diye. iptal hakkımız yoktu ancak jolly yardımcı oldu. otel onaylarsa iptal olacaktı. sonraki gün öğlen 2 ye doğru biz arabayı yaptırdık. jolly bize dönmedigi için bizde jolly ile iletişime geçip geleceğimizi bildirdik. çünkü onaylanmamıştı henüz. sonra onlarda “ MİSAFİRLER KATILIM SAĞLAYACAKTIR “ diye not düştü. büyük harflerle yazmamın sebebi iste ; otele giriş yapacağımız gün gece vardık haliyle 12 olmuştu saat. resepsiyondaki beyfendi bizim iptal talebi oluşturdugumuzu ve jolly in onlara dönüş yapmadığını , bununla birlikte bizim parasını ödedigimiz odayı başkalarına verdiklerini ( bizim odamız aile odası ranzalı odaydı) bize de standart oda verebileceklerini , yarında düzelteceklerini söylediler. saat 12 oldugu için tartışmak istemedim. sabah da kahvaltıdan sonra jolly turu aradık çünkü otele bilgi verilmemiş ya hani, jolly de bilgi verildigini söyledi. bu durumda otel bize yalan konuşmuş oluyor ve biz 3 kişi çift kişilik yatakta sabaha kadar uyuyamadık. ödedigimiz odanın farkını jollyden talep ettik , iade oldu . ama biz sırf geç geldik diye böyle yalan konuşulmasına gerek yoktu. odanın parasını vermişiz, gelecegimizi bildirmişiz, sizde ödemesi yapılmış odayı başka birilerine vermişsiniz. zaten geç geldik başımıza gelen olaydan dolayı 1 günümüz gitti. yol yorgunuyduk o gün yatakta 3 kişi sıkış tıkış yatmakla iyice yorulduk.. onun dışında havuzu güzeldi. otel güzeldi temizlik iyiydi. kahvaltıda idare eder çeşit fazla ama damak zevkimize uyan pek bişey yoktu. ha bir de bu yorumuma karşılık otel umarım bu durumu inkar etmez çünkü elimde odaların videosu ve fotoğrafı var. sizden ricam yalan söylemek yerine durumu dosdoğru açıklamak olsun niyetiniz.",Google üzerinde bir ay önce,,,,,,,,,,https://www.google.com/travel/hotels/entity/ChgI6eX_zO-jka-3ARoLL2cvMXRqNXN5OGwQAQ,
322,BOD058,Bodrum Beach Resort,Gümbet,google_travel,5.0,5.0,5.0,,"3 yıldır üst üste gittiğim bir otel. Aile odaları muhteşem, ev konforunda. Odalar temiz, günlük havlu ve çarşaf değişimi yapılıyor. Televizyonlar çok eski ve doğru düzgün hiçbir kanal yok. Kahvaltıları geçmiş yıllardaki gibi değil. …",Tripadvisor üzerinde 4 hafta önce,,,,,,,,,,https://www.google.com/travel/hotels/entity/ChgI6eX_zO-jka-3ARoLL2cvMXRqNXN5OGwQAQ,
323,BOD058,Bodrum Beach Resort,Gümbet,google_travel,4.0,5.0,4.0,,Kahvaltı öncelikle berbat:) otel odaları yenilenmiş ve bence gayet güzel. Aquapark ve havuz bence yenilenme zamanı gelmiş. Turkuaz rengi modern bir havuz tabanı müthiş olurdu bu otele :) Temizlik biraz daha iyi olabilir. Ne beklediğiniz önemli ancak fiyat performans bir otel bence. Ben yemekleri kahvaltı dahil dışardan yedim.,Google üzerinde 3 hafta önce,,,,,,,,,,https://www.google.com/travel/hotels/entity/ChgI6eX_zO-jka-3ARoLL2cvMXRqNXN5OGwQAQ,
324,BOD058,Bodrum Beach Resort,Gümbet,google_travel,3.0,5.0,3.0,,"Konaklamamız boyunca otelin hemşiresi Beyza ile yaşadığımız deneyim maalesef beklentimizin çok altındaydı. Bir sağlık personelinden beklenen en önemli şeylerden biri ilgili, anlayışlı ve yardımcı olmasıdır. Ancak kendisi son derece ilgisiz bir tavır sergiledi. Yardım istediğimizde yeterince bilgi verilmedi, sorularımıza isteksizce cevap verildi ve kendimizi rahatsızlık veriyormuşuz gibi hissettik.
En dikkat çekici konu ise sağlık odasına yaklaşımıydı. Gerekli durumlarda bile odaya girmemize izin vermedi ve herhangi bir açıklama yapmadan bizi kapıdan içeri almadı. Bu durum hem profesyonellik açısından hem de misafir memnuniyeti açısından oldukça hayal kırıklığı yarattı. İnsanlar sağlık personeline ihtiyaç duyduklarında anlayış ve destek görmek isterken tam tersi bir tavırla karşılaşmak gerçekten üzücüydü.
Umarım otel yönetimi bu konuda gerekli değerlendirmeyi yapar ve misafirlere karşı daha güler yüzlü, çözüm odaklı ve iletişimi güçlü bir hizmet sunulmasını sağlar. Bizim açımızdan maalesef hiç memnun kalmadığımız bir deneyimdi.
Şirin hanımın oda temizliğinden çok memnun kaldık ona da çok teşekkür ederiz🙏
Tamer çıtak olarak bakabilirsiniz kayıtlara☺️",Google üzerinde bir ay önce düzenlendi,,,,,,,,,,https://www.google.com/travel/hotels/entity/ChgI6eX_zO-jka-3ARoLL2cvMXRqNXN5OGwQAQ,
325,BOD058,Bodrum Beach Resort,Gümbet,google_travel,5.0,5.0,5.0,,"Öncelikle personelin ilgi ve alakası mükemmeldi. Otel yönetiminden omlet yapan ablaya, havuz personellerinden şef İbrahim beyden kasiyer Elif hanıma kadar herkes özverili memnuniyet odaklı hizmet veriyor. Ailecek ilk defa tatile geldiğim bu otel artık yeni adresimiz. Herkese canı gönülden teşekkür ediyorum.",Tripadvisor üzerinde 4 hafta önce,,,,,,,,,,https://www.google.com/travel/hotels/entity/ChgI6eX_zO-jka-3ARoLL2cvMXRqNXN5OGwQAQ,
326,BOD058,Bodrum Beach Resort,Gümbet,google_travel,5.0,5.0,5.0,,"Haziran tatili yapalım diye uygun fiyatlı bir otel bulalım dedik. Aşırı uygun fiyatlı bu oteli bulduk ancak otele gelince çok şaşırdık. Odalar, hizmet, güler yüz, kahvaltı harika. Odamız her gün temizlendi yeni havlular günlük değişti. Housekeeping hizmeti muazzam onu ayrıca çok çok beğendik. Denize yürüyerek aşırı yakın havuzu güzel. Hemen arkasında belediyeye ait cafe var. Uygun fiyatlı akşam yemeklerinizi oradan yiyebilirsiniz. Sadece havuzun kenarında cam bardaklarla hizmet verilmemeli diye düşünüyorum. Kırılma durumunda çok tehlikeli. Daha ayrıntılı bilgi için YouTube kanalımızı ziyaret edebilirsiniz @ErsoyFamily23 ya sa instagram @ersoy.family23",Google üzerinde 2 ay önce,,,,,,,,,,https://www.google.com/travel/hotels/entity/ChgI6eX_zO-jka-3ARoLL2cvMXRqNXN5OGwQAQ,
327,BOD058,Bodrum Beach Resort,Gümbet,google_travel,5.0,5.0,5.0,,"Ailece güzel anılar biriktirdik, 2 yaşındaki kızımın ilk Havuz deneyimi, oğlumuzu Aqua parktan alamadık! güzel eğlenceli zaman geçirdik. Snack bar müdürü İbrahim bey evimizde gibi hissettirdi , Emirhan’ın Kokteylerinr çok alıştık. Aşçı Melike hanımın özenle hazırladığı Birbirinden lezzetli yemekleri çok özleyeceğiz.. çocuklar bayıldı! Garsonumuz Dilzat hanımı çok yorduk büyük bir sabırla güleryüzü için. Teşekkürler Her şey için",Google üzerinde bir ay önce,,,,,,,,,,https://www.google.com/travel/hotels/entity/ChgI6eX_zO-jka-3ARoLL2cvMXRqNXN5OGwQAQ,
328,BOD058,Bodrum Beach Resort,Gümbet,google_travel,5.0,5.0,5.0,,"Odaların dizaynı güzeldi, biz aile odasında kaldık hem 1+1 hem 2+1 aile odaları mevcut. Ranzalı veya ayrı çocuk yataklI olabiliyor. Aquaparkı vardı küçük çocuklara da uygun. 2 yetişkin havuzu var birisi yukarda az kişi kullanıyor daha sakin oluyor. Kahvaltısı gayet yeterli ve fiyat performans olarak çok çeşite sahip hem soğuk hem sıcak içeceklerden birçok seçeneği var. Merkeze araçla veya toplu taşıma ile ulaşım çok kolay ve yakın. Biz memnun kaldık tavsiye ederiz.",Google üzerinde bir ay önce,,,,,,,,,,https://www.google.com/travel/hotels/entity/ChgI6eX_zO-jka-3ARoLL2cvMXRqNXN5OGwQAQ,
329,BOD058,Bodrum Beach Resort,Gümbet,google_travel,5.0,5.0,5.0,,"BOŞ YORUM YAPANLARA ALDANMAYIN.
Otelin 1. Gününden bildiriyorum. Otel ilk izlenim olarak çok hoşumuza gitti. Zaten kahvaltı oda olarak girmiştik. Saat 17.00 da geldik ve şuan 19.00
Özet yorum: odalar yenilenmiş çok şık çok güzel. Çocuklu olduğumuz için ranza var ve çok konforlu. Otel restoran ve içecek fiyatları dışarıdan biraz yüksek o da çok çok normal. Havuz çok rahat. Kaydırakları henüz kullanamadık. İlerleyen günlerde güncelleme yapacağım.
NOT: Doğa dostu Otel Konsepti çok güzel olmuş. İsraf yok. Boşa harcama yok. Çok beğendik. İşletmecimize teşekkür ederiz Oğlumun gelecekteki dünyasını düşündükleri için.
SON GÜN; Otelden çıktık.Evimize geldik sağ salim. Ankara'da yaşıyorum. Oğlum otelimizi özledim diyor. Bizi evinizde hissettirdikleri için en başta otel müdürümüze ve tüm çalışanlara teşekkür ederim. Tavsiyemdir.",Google üzerinde 2 ay önce düzenlendi,,,,,,,,,,https://www.google.com/travel/hotels/entity/ChgI6eX_zO-jka-3ARoLL2cvMXRqNXN5OGwQAQ,
330,BOD058,Bodrum Beach Resort,Gümbet,google_travel,5.0,5.0,5.0,,"Ailece çok güzel bir tatil geçirdik. Otelin sunduğu genel imkanlar, sıcak atmosferi ve tüm çalışanların ilgisi bizi fazlasıyla memnun etti. Hem dinlendirici hem de çocuklu aileler için son derece güvenli ve keyifli bir ortamı var. …",Tripadvisor üzerinde bir ay önce,,,,,,,,,,https://www.google.com/travel/hotels/entity/ChgI6eX_zO-jka-3ARoLL2cvMXRqNXN5OGwQAQ,
331,BOD058,Bodrum Beach Resort,Gümbet,trip,9.0,10.0,4.5,,Guest User,"Posted March 8, 2026",,Traveling with friends,,Show More,,,,,,https://us.trip.com/hotels/gumbet-hotel-detail-4057730/bodrum-beach-resort/,
332,BOD058,Bodrum Beach Resort,Gümbet,trip,9.0,10.0,4.5,,"The environment is great, giving off a strong holiday vibe with beautiful scenery and a distinctive local feel. There's a slight elevation difference between the reception desk and the guest room area, so you need to carry your luggage up, but it's not a big issue. The hotel has many cats, and a lovely one even came to my ocean-view balcony.","Posted March 8, 2026",Stayed in February 2026,Traveling with friends,Standard Double Room,China,,,,,,https://us.trip.com/hotels/gumbet-hotel-detail-4057730/bodrum-beach-resort/,
333,BOD058,Bodrum Beach Resort,Gümbet,trip,5.0,10.0,2.5,,"It was cheap and first few days it went fine as can be expected I wasn’t expecting the most brilliant place for the price I paid. After three days on that night there was a massive cockroach on my bedroom ceiling, he got rid of it but seemed to think it was minor. Anyway I should have left then as the next night I came out the shower opened my bedroom to see a cockroach crawling all over my bed and pillows, again they just chucked it out, I had enough I checked out one day early and went to Jasmin Residences a few doors up so that I could get a clean restful sleep. Now I realise the three massive dead roaches on our balcony from check in must have come from our place, my bedroom AC was broken I believe they are coming through there but the management don’t care. Stay at your own risk!","Posted June 13, 2026",Stayed in June 2026,Family,Standard Double Room,United Kingdom,,,,,,https://us.trip.com/hotels/gumbet-hotel-detail-4057730/bodrum-beach-resort/,
334,BOD058,Bodrum Beach Resort,Gümbet,trip,9.5,10.0,4.75,,"Very Breakfast buffet was delicious. Near bus station. Public beaches are also near. Room was clean. Staff was friendly, helps us also.","Posted May 28, 2026",Stayed in May 2026,Couple,Standard Double Room,Mongolia,,,,,,https://us.trip.com/hotels/gumbet-hotel-detail-4057730/bodrum-beach-resort/,
335,BOD058,Bodrum Beach Resort,Gümbet,trip,6.0,10.0,3.0,,"There's no elevator, but they do carry your luggage to the room. It's quite noisy, and the bed was broken, but they kindly moved me to another room to resolve it. The bathroom is a bit dated.","Posted May 29, 2026",Stayed in May 2026,Solo traveler,Standard Double Room,Netherlands,,,,,,https://us.trip.com/hotels/gumbet-hotel-detail-4057730/bodrum-beach-resort/,
336,BOD058,Bodrum Beach Resort,Gümbet,trip,10.0,10.0,5.0,,"I would recommend 1000000☀️❤️, i love breakfast, there are many options, staffs are very friendly, swimming pool and view are amazing. Actually i have never seen clean hotel like this ❤️ and i just walked to beach for 15 minutes and city centre is near too.","Posted October 24, 2025",Stayed in October 2025,Traveling with friends,Standard Room,Mongolia,,,,,,https://us.trip.com/hotels/gumbet-hotel-detail-4057730/bodrum-beach-resort/,
337,BOD058,Bodrum Beach Resort,Gümbet,trip,6.5,10.0,3.25,,Decent property. Average location. Most facilities were under maintenance. Not a good beach next to property,"Posted April 13, 2026",Stayed in April 2026,Family,Standard Double Room,India,,,,,,https://us.trip.com/hotels/gumbet-hotel-detail-4057730/bodrum-beach-resort/,
338,BOD058,Bodrum Beach Resort,Gümbet,trip,6.5,10.0,3.25,,"The hotel itself was nice, and the kitchen was convenient to use. Breakfast was also good. However, the doors were really poor in quality. Another thing that surprised me was the extra fee for the WiFi — this is the first time I’ve ever heard of a hotel charging separately for internet. It would be much better if WiFi was included in the room price.","Posted November 30, 2025",Stayed in November 2025,Couple,Standard Double Room,United Arab Emirates,,,,,,https://us.trip.com/hotels/gumbet-hotel-detail-4057730/bodrum-beach-resort/,
339,BOD058,Bodrum Beach Resort,Gümbet,trip,8.5,10.0,4.25,,The hotel is very nice rooms and clean. The environment beautiful. The only thing breakfast was not good for me.,"Posted November 4, 2025",Stayed in October 2025,Solo traveler,Standard Double Room,United Kingdom,,,,,,https://us.trip.com/hotels/gumbet-hotel-detail-4057730/bodrum-beach-resort/,
340,BOD058,Bodrum Beach Resort,Gümbet,trip,6.5,10.0,3.25,,"The restaurant was closed, so l ate at the pool bar, and it was terrible. Breakfast was better the home made omlete was good. The room was nice but not cleaned well, dirty cup marks & sticky spills on the coffee table & bench but a big spacious accommodation.","Posted October 11, 2025",Stayed in October 2025,Solo traveler,Standard Double Room,United States,,,,,,https://us.trip.com/hotels/gumbet-hotel-detail-4057730/bodrum-beach-resort/,
341,BOD058,Bodrum Beach Resort,Gümbet,trip,8.0,10.0,4.0,,Lovely break in a lovely hotel. Wasn’t expecting much after only paying £47 for a night but the hotel exceeded expectations. Nice and modern and comfortable rooms! Breakfast lots of choice too. Only downside was having to pay for wifi but no big deal!,"Posted September 22, 2025",Stayed in September 2025,Couple,Standard Double Room,United Kingdom,,,,,,https://us.trip.com/hotels/gumbet-hotel-detail-4057730/bodrum-beach-resort/,
342,BOD065,Mirada Exclusive Bodrum,Gümbet,google_travel,5.0,5.0,5.0,,"Çift olarak seyahat ediyoruz. Otelde birinci günümüz bitti ve konaklamamız devam ederken deneyimlerimi paylaşmak istedim. 15 Temmuz haftası seyahat ettiğimiz için açıkçası her yerde sıra beklenilen kaotik bir her şey dahil otel olmasından çekincelerim vardı ancak otel kalabalık olmasına rağmen tüm alanlar yeterli ve asla hengamenin olduğu bir tatil gibi hissettirmiyor. Otel kalabalık olmasına rağmen çok sessiz sakin ve atmosfer muhteşem. Deniz gerçekten çok keyifli. Servis harika, çalışanlar hızlı ve güleryüzlü, istediğimiz bir şeyi ikinci kez tekrar etmemize hiç izin verilmedi. Kaldığım diğer her şey dahil konseptli oteller ile kıyasladığımda yemek çeşitliliği az ancak asla yetersiz değil her şey olması gerektiği kadar ve tüm ürünler çeşit çok olan otellerin aksine lezzetli ve kaliteli. Biz superior deniz manzaralı odada konaklıyoruz ve oda büyüklüğü, tasarımı , minibar da oldukça yeterli. Otel çok kompakt, her yer ulaşılabilir. Sakin ancak her şeyin ulaşılabilir olduğu bir tatil beklentimiz vardı ve Mirada kesinlikle bunu karşıladı. Tüm ekibe çok teşekkür ederiz. Gönül rahatlığıyla tercih edebilirsiniz 🌸🌸",Google üzerinde bir ay önce,,,,,,,,,,https://www.google.com/travel/hotels/entity/ChoIsqH9xsjG_r-rARoNL2cvMTFzbXQ1YjNqNxAB,
343,BOD065,Mirada Exclusive Bodrum,Gümbet,google_travel,5.0,5.0,5.0,,"23-27 temmuz arasi kaldik. Beklentimin cok ustunde bir otel. Hizmet, yemeklerin kalitesi mukemmel oda temizligi, mini klup aktiviteleri ve cocuklara olan ilgi muhtesem. 4 gece konakladik emin olamadigimz icin kisa tutalim dedik ve pisman …",Tripadvisor üzerinde 4 hafta önce,,,,,,,,,,https://www.google.com/travel/hotels/entity/ChoIsqH9xsjG_r-rARoNL2cvMTFzbXQ1YjNqNxAB,
344,BOD065,Mirada Exclusive Bodrum,Gümbet,google_travel,1.0,5.0,1.0,,"2024 yazında ailecek gitmiştik, tadı damağımızda kalmıştı. Yemekler inanılmazdı, içki kalitesi çok iyiydi, odalar güzeldi. Lüx tatilin tam karşılığıydı.
2 sene sonra da yine aynı kaliteyi umarak 6 gecelik rezervasyon yaptık. Fiyatlar epey artmıştı. Bütçemin çok üstünde olmasına rağmen yer ayırttım. Fakat hüsrana uğradık diyebilirim. Yemek kalitesi aşırı düşmüş. Kahvaltıdaki haşlanmış yumurtalar her gün soğuktu. Kahvaltı ve akşam yemeklerindeki çeşitlilik azalmış ve lezzetli yiyecek bulmak epey zordu. Ve çok fazla hazır gıda vardı.
Yunan restoranının kalitesi yok denecek kadar azdı. Sıradan bir rakı-balık restoranında bile daha çok meze vardır ve çok daha lezzetlidir. Banyo eskiydi. Akşam sinekler çok fazla ısırıyordu.
Akşam vakit geçirecekseniz uzun kıyafet giymenizi öneriyorum.
Her şey mi kötüydü? Hayır tabiki.
Otelin havuz ve deniz kısımları halen tertemizdi. Fakat iskelenin bir bölümünü PARALI yapmaları hoş olmadı elbette.
Personellerin ilgisi ve bilgisi oldukça iyiydi.
Kids Club 23:00’e kadar açık olması çok güzeldi. Fakat orda da hesap edilmeyen en önemli şey şuydu: akşam yemeğinden sonra Kids Club’a giden çocuklar yine enerji sarfettikleri için 23:00 sonrası yiyecek-atıştıracak hiçbir şey olmamasını anlayamadık.
Sözün özü şu ki ödenen ücretle alınan hizmet arasında çooooook fark var. Bizim bu sene son tatilimizdi bu otelde. Bu tamamen bizim yaşadığımız tecrübenin sonucunda yazdığım yorumumdur. Belki sizde çok daha güzel izler bırakır. Bizde güzel anılar bırakan birkaç kare fotoğraf ile yorumumu sonlandırıyorum ve yorumu okuyan herkese iyi tatiller diliyorum.",Google üzerinde 2 hafta önce düzenlendi,,,,,,,,,,https://www.google.com/travel/hotels/entity/ChoIsqH9xsjG_r-rARoNL2cvMTFzbXQ1YjNqNxAB,
345,BOD065,Mirada Exclusive Bodrum,Gümbet,google_travel,5.0,5.0,5.0,,"Genel İzlenim
Geçen sene de geldiğimiz, bu sene 5 kisi geldiğimiz Mirada Exclusive Bodrum'daki tatilimiz beklentilerimizi gerçekten karşıladı. Konumundan yemeğine, personel ilgisinden oda konforuna kadar pek çok konuda keyifli bir deneyim yaşadık. Birkaç küçük aksaklık dışında, gönül rahatlığıyla önerebileceğimiz bir tesis oldu.
Konum ve Manzara
Tesisin en sevdiğimiz yanlarından biri konumu ve manzarasıydı. Çevre düzenlemesi başarılı, ortam huzurlu; hem dinlenmek hem de güzel anlar biriktirmek için ideal bir atmosferi var. Manzara, tüm tatil boyunca yüzümüzü güldürdü.
Oda Konforu
Odamız ferah ve rahattı. Yatak konforu, genel düzen ve oda olanakları gayet tatmin ediciydi; uzun bir tatil için rahatça vakit geçirilebilecek bir alandı.
Yemek ve İçecek
Yemekler kesinlikle tesisin yıldızlarından. Açık büfe hem çeşitlilik hem kalite olarak çok başarılıydı; özellikle et yemekleri gerçekten övgüyü hak ediyor. Ayrı bir parantez de taş fırına açmak istiyoruz: Şevket Bey'in elinden çıkan pideler ve pizzalar harikaydı, fırının başında işini severek yapan bir usta olduğu her lokmada belli oluyordu.
Plaj ve Havuz
Plaj ve havuz alanları dinlenmek için keyifli ve iyi düzenlenmişti. Manzarayla birleşince tatilin tadına tat kattı. Manzara tek kelimeyle şahane.Beach bar'da Melike Hanım'ın ilgisi ve güler yüzü ayrıca dikkatimizi çekti; işini gerçekten iyi yapıyor.
Hizmet ve Personel
Personel genel olarak güler yüzlü ve yardımseverdi, misafire yaklaşımları sıcaktı. Tek önerimiz, özellikle plaj tarafında garson sayısının biraz artırılması; yoğun saatlerde servis zaman zaman yavaşlayabiliyordu. Bu küçük dokunuş, deneyimi daha da iyi hale getirir diye düşünüyoruz.
Geliştirilebilecek Yönler
İki ufak konu vardı. İlki, yukarıda değindiğimiz servis hızı ve plajdaki garson sayısı. İkincisi ise tesisin genelinde zaman zaman karşılaştığımız küçük sinekler; açık alanların doğası gereği olsa da, bu konuda alınacak ek önlemler konforu artırabilir. Mirada'nin bu konuda da yakın zamanda önlem alacağından eminiz.
Genel Değerlendirme
Toparlamak gerekirse, Mirada Exclusive Bodrum konum, yemek, oda konforu ve sıcak personeliyle beklentileri karşılayan, keyifli bir tesis. Şevket Bey'in taş fırını ve Melike Hanım'ın ilgisi gibi güzel detaylar tatili daha da özel kıldı. Küçük aksaklıklar bir kenara bırakıldığında, (ki büyük ihtimalle siz gittiğinizde çözülmüş olacaktır)huzurlu ve doyurucu bir tatil arayan herkese gönül rahatlığıyla önerebiliriz.",Google üzerinde 2 ay önce,,,,,,,,,,https://www.google.com/travel/hotels/entity/ChoIsqH9xsjG_r-rARoNL2cvMTFzbXQ1YjNqNxAB,
346,BOD065,Mirada Exclusive Bodrum,Gümbet,google_travel,5.0,5.0,5.0,,"Otelin kapısından girdiğimiz andan itibaren her şey kelimenin tam anlamıyla mükemmeldi. Personelin güler yüzü, ilgisi ve profesyonelliği tatilimizi ekstra konforlu hale getirdi. Her konuda inanılmaz yardımcı ve naziktiler. Restoran performansı tek kelimeyle harikaydı. Yemeklerin lezzeti, çeşitliliği ve sunumu hem göze hem damağa hitap ediyordu. Her öğün ayrı bir keyifti. Otelin genel temizliği, odaların hijyeni ve düzeni kusursuzdu. Otelin konumu muhteşem bir noktada. Denizinin temizliği, sahilin güzelliği ve sunduğu manzara büyüleyiciydi. Hem dinlenmek hemde dört dörtlük bir tatil yapmak isteyen herkese tavsiye ederiz 🙏🏼 Ayrıca Gökhan Bey’e de burdan tekrar teşekkür ederiz kendisi gerçekten çok nazikti yardıma ihtiyaç duyduğumuz birkaç kritik noktada bize sağladığı destek ve çözüm odaklı yaklaşımı işimizi inanılmaz kolaylaştırdı ☺️ Mirada ailesine kocaman sevgiler seneye görüşmek üzere 💐",Google üzerinde bir ay önce,,,,,,,,,,https://www.google.com/travel/hotels/entity/ChoIsqH9xsjG_r-rARoNL2cvMTFzbXQ1YjNqNxAB,
347,BOD065,Mirada Exclusive Bodrum,Gümbet,google_travel,5.0,5.0,5.0,,"Yaklaşık bir ay önce Mirada Exclusive Bodrum’da geçirdiğimiz harika tatilin ardından, bulduğumuz ilk fırsatta yeniden buraya geldik. Bir otele bu kadar kısa süre içinde tekrar gelmek tesadüf değil. İlk tatilimizde yaşadığımız güzel deneyim ve özellikle VIP iskelesi ekibinden aldığımız olağanüstü hizmet, Mirada’yı yeniden tercih etmemizin en önemli sebebi oldu.
İlk ziyaretimizde başta Cem Bey olmak üzere Bahar, Kadir, Emre ve Sidelya'nın sunduğu üst düzey hizmetten çok etkilenmiştik. İkinci gelişimizde de aynı samimiyeti, ilgiyi ve yüksek hizmet kalitesini görmek, ilk izlenimimizin kesinlikle tesadüf olmadığını gösterdi.
Cem Bey’in liderliğindeki VIP iskelesi ekibi yalnızca talepleri karşılayan bir ekip değil; misafirlerinin ihtiyaçlarını daha dile getirmeden fark eden, tatilin her anını daha konforlu ve özel hâle getiren çok değerli insanlardan oluşuyor. Cem Bey’in profesyonel ve çözüm odaklı yaklaşımı, ekibiyle kurduğu güçlü düzen sayesinde hizmetin her ayrıntısına yansıyor.
Bahar, Kadir, Emre ve Sidelya ise güler yüzleri, samimiyetleri ve her an yanımızda olduklarını hissettiren yaklaşımlarıyla tatilimizi yine unutulmaz hâle getirdiler. Gerçekten misafirlerinin mutlu, rahat ve değerli hissetmesini önemsediklerini her davranışlarında görebiliyorsunuz. Bu kadar içten ve uyumlu bir ekiple karşılaşmak gerçekten çok kıymetli.
Normal iskele tarafında görev yapan Enes de ilk ziyaretimizde olduğu gibi pozitif enerjisi, samimiyeti ve kaliteli hizmetiyle tatilimize ayrı bir güzellik kattı. Enes’e ilgisi ve içten yaklaşımı için gönülden teşekkür ederiz.
Bu ziyaretimizde ayrıca resepsiyonda görev yapan Yiğit Bey’e özel bir teşekkür etmek istiyoruz. Bizi ilk gelişimizden hatırlaması, daha o anda kendimizi değer verilen misafirler gibi hissetmemizi sağladı. Oda konusunda gösterdiği özen, taleplerimizi dikkatle dinlemesi ve konforumuz için içtenlikle yardımcı olması bizim için çok kıymetliydi. Her ayrıntıyla yakından ilgilenmesi, çözüm odaklılığı, nezaketi ve güler yüzü sayesinde ikinci tatilimiz daha ilk andan itibaren çok güzel başladı. Misafirini hatırlayan, önemseyen ve memnuniyeti için gerçekten emek veren bir çalışanla karşılaşmak büyük fark yaratıyor. Yiğit Bey’in yaklaşımı, Mirada’yı yeniden tercih etme kararımızın ne kadar doğru olduğunu bir kez daha hissettirdi.
Ana restoranda görev yapan Göksel Bey’e de ilgisi, nezaketi ve güler yüzlü hizmeti için teşekkür ederiz. Gösterdiği özen ve samimi yaklaşımı, ana restorandaki deneyimimizi daha keyifli hâle getirdi.
Bir otele tekrar gelmek için güzel odalar, iyi yemekler ve kaliteli imkânlar elbette önemlidir. Ancak bir yeri gerçekten unutulmaz yapan, orada çalışan insanların misafirlerine hissettirdikleridir. Mirada Exclusive Bodrum’da bizi yeniden buraya getiren asıl şey de tam olarak bu oldu.
Başta Cem Bey olmak üzere Bahar, Kadir, Emre, Sidelya ve Enes; ayrıca Yiğit Bey ve Göksel Bey, Mirada’yı bizim için yalnızca güzel bir otel olmaktan çıkarıp tekrar tekrar dönmek isteyeceğimiz özel bir yere dönüştürdüler.
Bu isimlerin her biri, üçüncü ve sonraki tatillerimizde de Mirada Exclusive Bodrum’u tercih etmemizin en önemli sebeplerinden olacak. Böylesine değerli çalışanların kıymetinin bilinmesini ve emeklerinin takdir edilmesini gönülden diliyoruz.
Mirada Exclusive Bodrum’a ikinci gelişimizden de çok mutlu ve son derece memnun ayrılıyoruz. İlk gelişimizde bizi etkileyen hizmet kalitesinin devam ettiğini görmek bizim için çok değerliydi.
Başta VIP iskelesi ekibi olmak üzere tatilimizi güzelleştiren herkese sonsuz teşekkürler. Mirada Exclusive Bodrum artık bizim için yalnızca tavsiye edeceğimiz bir otel değil; her fırsatta yeniden gelmek isteyeceğimiz çok özel bir yer.",Google üzerinde bir ay önce,,,,,,,,,,https://www.google.com/travel/hotels/entity/ChoIsqH9xsjG_r-rARoNL2cvMTFzbXQ1YjNqNxAB,
348,BOD065,Mirada Exclusive Bodrum,Gümbet,google_travel,5.0,5.0,5.0,,"Arkadaşımla konakladığımız süre boyunca her şeyden çok memnun kaldık. Odalar temiz, yemekler lezzetli ve çeşitliydi. Otelin atmosferi manzarası çok huzurluydu. Herkese tavsiye edeceğimiz bir tatil oldu. Özellikle personelin güler yüzü ve misafirperverliği bizi çok mutlu etti ayrıca aquabeachteki enes beye ve lounge bardaki cömert beye çok teşekkür ederiz. Böyle kaliteli bir hizmet sundukları için temizlik ekibine de ayrıca teşekkür ederiz. Tekrar görüşmek dileğiyle.",Google üzerinde bir ay önce,,,,,,,,,,https://www.google.com/travel/hotels/entity/ChoIsqH9xsjG_r-rARoNL2cvMTFzbXQ1YjNqNxAB,
349,BOD065,Mirada Exclusive Bodrum,Gümbet,google_travel,5.0,5.0,5.0,,"ömer faruk altınmakas
Google üzerinde 2 ay önce düzenlendi",Google üzerinde 2 ay önce düzenlendi,,,,,,,,,,https://www.google.com/travel/hotels/entity/ChoIsqH9xsjG_r-rARoNL2cvMTFzbXQ1YjNqNxAB,
350,BOD065,Mirada Exclusive Bodrum,Gümbet,google_travel,5.0,5.0,5.0,,Otel kompakt çok büyük sayılmaz ve böylece bir yerden bir yere ulaşımı kolay. İtalyan restoranı ve yunan restoranı harika. Yemekler abartılı iyi değil ama yeterli ve lezzetli. Denizi çok güzel. Çalışanlar çok ilgili. İtalyan restoranında yemek yerken Nuray hanım bebeğimizle ve bizle çok ilgilendi. Bunun dışında da tüm personel yardım sever ve iyi kalpliydi. Bununla birlikte beachte aşkam üstü çalan Dj Soner hem müzik kalitesi hem de sempatikliğiyle bizden tam puan aldı. Ayrıca bebeğimiz için kids club ve çalışanlarına özel teşekkürler. Bebeğimizle ilgilendiler ve bizi yönlendirdiler. Oteli çocukları olanlara özellikle tavsiye ederim.,Google üzerinde 2 ay önce düzenlendi,,,,,,,,,,https://www.google.com/travel/hotels/entity/ChoIsqH9xsjG_r-rARoNL2cvMTFzbXQ1YjNqNxAB,
351,BOD065,Mirada Exclusive Bodrum,Gümbet,google_travel,5.0,5.0,5.0,,"Mirada Exclusive Hotel’de ikinci kez konaklama deneyimi yaşıyoruz ve açıkçası ilk ziyaretimizde oluşan yüksek beklentimizin bu tatilde de aynı seviyede, hatta daha da üzerinde karşılandığını memnuniyetle söyleyebilirim. 6 gündür burada eşim ve oğlumla birlikte geçirdiğimiz tatil, baştan sona kusursuz bir deneyim sundu.
Otelin genel atmosferi, mimari düzeni ve özellikle temizlik konusundaki hassasiyeti gerçekten üst segment bir işletmeye yakışır düzeyde. Otelin konumu, denizi, denizin temizligi gercekten cok guzel. Odalardan ortak kullanım alanlarına kadar her noktada titizlik hissediliyor. Bu özen, misafire verilen değerin en net göstergesi.
Hizmet kalitesi ise ayrı bir parantezi fazlasıyla hak ediyor. Tüm ekip son derece profesyonel, güler yüzlü ve çözüm odaklı. Ancak özellikle bazı isimleri anmadan geçmek haksızlık olur. Restoran bölümünde görev yapan Mustafa Bey’in ilgisi, havuz barda Eyüp Bey’in
enerjisi ve misafirle kurduğu iletişim, deniz tarafındaki barda görev yapan Enes Bey ve Mert Bey’in hızlı ve özenli servisleri, guleryuzleri gercekten keyif katiyor tatile.
İki yildir tatilimizin bir bölümünü burada geciriyoruz ve tum arkadaslarimiza tavsiye ediyoruz, tavsiyemizle gelen arkadas gruplarimiz da cok memnun kaldilar.
Mirada Exclusive, sadece bir tatil noktası değil, yüksek standartları, detaylara verdiği önem ve güçlü hizmet anlayışıyla tekrar tekrar tercih edilecek bir destinasyon. Kaliteli, huzurlu ve gerçekten “iyi hissettiren” bir tatil arayan herkese gönül rahatlığıyla tavsiye ederim.
Emeği geçen tüm ekibe içten teşekkürler",Google üzerinde bir ay önce,,,,,,,,,,https://www.google.com/travel/hotels/entity/ChoIsqH9xsjG_r-rARoNL2cvMTFzbXQ1YjNqNxAB,
352,BOD065,Mirada Exclusive Bodrum,Gümbet,google_travel,4.0,5.0,4.0,,"Geçen hafta iki aile 4 gün konaklama yaptık. Otel bi kaç özellik dışında herşeyiyle çok güzel.
En güzel tarafı deniz. Kumsal ve sığ olması çocuklu aileler için çok iyi, çok temiz . Fakat biraz soğuktu, ağustosda gelmek daha mantıklı olabilir.
Fakat eleştireceğim diğer kısım ise küçük yaş grubu çocuklara yönelik hiç etkinlik yoktu, arkadaşlarımızın çocuğu daha büyüktü fakat onun da çok dikkatini çok çekmedi. Çok küçük bi oyun alanı var, orda bi kaç abla bi şeyler yaptırıyor. Akşamları değerlendirebilecekleri bi arena kısmı var fakat değerlendirilmemiş, geçtiğimiz yıllarda gymykids vardı daha iyi etkinlikler görmüştüm o yüzden tercih etmiştim, o yüzden deniz veya havuzda çok vakit geçirmeyen çocuklar için doğru bi tercih olamayacaktır.",Google üzerinde bir ay önce,,,,,,,,,,https://www.google.com/travel/hotels/entity/ChoIsqH9xsjG_r-rARoNL2cvMTFzbXQ1YjNqNxAB,
353,BOD065,Mirada Exclusive Bodrum,Gümbet,google_travel,3.0,5.0,3.0,,"Selamlar,|Girişte 5 gün konaklamaya alacarte restoran kullanımı yapabileceğimizi söyleseler de talebin yoğun olduğunu, ilk günden rezervasyon yapmamız gerektiğini söylemediler. …",Tripadvisor üzerinde 3 hafta önce,,,,,,,,,,https://www.google.com/travel/hotels/entity/ChoIsqH9xsjG_r-rARoNL2cvMTFzbXQ1YjNqNxAB,
354,BOD065,Mirada Exclusive Bodrum,Gümbet,google_travel,4.0,5.0,4.0,,"Güzel yanları:
Odanın manzarası güzeldi, yeterli büyüklükteydi, deniz cam gibiydi, harikaydı, yemekler beklentimizi karşıladı, a la carte ve ana restoran yeterliydi, sadece sağlıklı beslenme seçenekleri arttırılabilir. Odamız güzel temizleniyordu teşekkür ederiz. Revirdeki hekimimize de ayrıca teşekkür ederiz. Workshoplar ve canlı müzikler çok iyiydi.
Olumsuz yanları:
Odanın lavabosu tıkanıktı ve su bir türlü gitmek bilmiyordu. Oda devamlı sinek ilacı sıkılmış gibi kokuyordu. Bu fiyat aralığındaki bir otelde diş fırçası verilmesini beklerdim. Garsonlarda ve barmenlerde genel olarak bir mutsuzluk hakimdi, çok yoğun çalışmalarına bağlıyoruz bu durumu. Çalışanları otel yönetimi daha mutlu etmeli diye düşünüyoruz, böylece gelen konuklar daha mutlu olabilirler. Yaşça küçük garsonların daha iyi bir eğitime de ihtiyacı olduğunu söylemeden geçemeyeceğim. Buna ek olarak otele gelen kitleyi pek beğenmedik, tuvaletten sonra elini yıkamaya aciz bir kitle bile vardı. Aile oteli olduğu için çok kafa dinlemelik bir yer değil, bunu bilerek gelmekte fayda var. Yetişkin oteli olmuş olsaydı, tatil için başka seçenek aramazdık",Google üzerinde bir ay önce,,,,,,,,,,https://www.google.com/travel/hotels/entity/ChoIsqH9xsjG_r-rARoNL2cvMTFzbXQ1YjNqNxAB,
355,BOD065,Mirada Exclusive Bodrum,Gümbet,google_travel,5.0,5.0,5.0,,"Bu yıl 3. Kez konakladigimiz otelden yine çok memnun ayrıldık. Denizi tertemiz, kum ve giderek derinleştigi için çocuklar için çok uygun.Hem iskele hem de kumsal sahiliyle herkese hitap ediyor. Yemek çeşitliliği oldukça yeterli ve yemekler çok lezzetli. İçki kalitesi gayet guzel. A la carte restoranlar da oldukça başarılı. Kids club etkinlikleri keyifli ve yeterli. Otelde her alana ulasim kolay olduğu için gereksiz yorgunluklar yaşamıyor, sürekli koşturmak zorunda kalmıyorsunuz. İlk kez bu yıl bu kadar kalabalık döneme denk geldigimiz otelde özellikle plajda garson ve barmen arkadaşlar her ne kadar durmadan çalışsalar da servis bekleme surelerinin zaman zaman uzadığını fark ettik. Bu kadar kalabalık için personel sayısı artırılabilir. Bir de gözlemlediğimiz kadarıyla özellikle plajdaki gorevli arkadaslar neredeyse molasız çalışıyorlar, belki personel sayısı artırılarak bu sıcakta onların da biraz dinlendirilmesi sağlanabilir :( oda temizliği ve otelin genel hijyeni çok güzeldi. Tüm personel çok ilgili, kibar,guleryuzlu ve her konuda yardımcı. Seneye yeniden deneyimlemek dileğiyle✨",Google üzerinde bir ay önce,,,,,,,,,,https://www.google.com/travel/hotels/entity/ChoIsqH9xsjG_r-rARoNL2cvMTFzbXQ1YjNqNxAB,
356,BOD065,Mirada Exclusive Bodrum,Gümbet,google_travel,3.0,5.0,3.0,,"otelde 3 gündür konaklayan bir misafir olarak yazıyorum yorumlarımı öncelikle olumsuz olanlardan başlamak istiyorum:
1- bu akşama kadsr yemeklerinden memnunduk genel olarak lezzetli ve yeterli çeşitteydi ancak bugün çıkan beyti kebabının içine tavuk,hindi karıştırdıklarını öğrendik. Tadından net şekilde kuzudan farklı etler olduğu anlaşılıyor ve şeflere söylediğimizde durumu resmen söylemek zorunda kaldılar. Bu hem gelen misafiri kandırmak hem de alerji vs durumları içib çok çok büyük risk. Yemeğin yanında beyti kebap yazıyordu adla başka açıklama yoktu. Yakışmadı açıkçası bu ucuz oyunlar. İnsan yediğim köftenin içinde ne vardır diye düşünmeye başlıyor.
2- Resepsiyon hizmeti eksik. Biz 12.30 1 civarı giriş yaptık otele oda teslim saat 14.00 yanımızda ufak oğlumuzda olduğu için beklemekte biraz zorlandık bu anlamda bırakın yardımcı olmayı biz oda ne zaman hazır olur dedikçe bizden çok onlar gerildi. Saat 2 de de oda hazır olmadı bize odanız hazır dediler ama ( üst katta oda isteğimi özellikle belirtmiştim) alt katta odaya götürüldük tekrar resepsiyona döndük bir süre daha bekledik gecikmeli adamakıllı bir özürsüz odamıza yerleştik.
3- Restorant tarafında çalışan sayısı çok ve hizmetleri gayet iyi ancak sahil kısmında eleman eksikliği var çocuklar koşturuyor ama yinede gecikiyor doğal olarak siparişler. Keske oraya biraz daha çalışan verseler insanlarda ekstra sıcakta koşturmasa misafirkerde beklemese
4-Kum alanı ufak. Şezlong kapma yarışları maalesef burda da mevcut. İlk gün bize yer kalmamıştı yer yok vs dediğimizde görevki yapacak bir şey yok gibi bişiler demişti :)
Bunların dışında deniz çok güzel personel genel anlamda yardımcı olmaya çalışıyor ama bana sorarsanız verilen bedele eş değer bir yer değil maalesef.",Google üzerinde bir ay önce,,,,,,,,,,https://www.google.com/travel/hotels/entity/ChoIsqH9xsjG_r-rARoNL2cvMTFzbXQ1YjNqNxAB,
357,BOD065,Mirada Exclusive Bodrum,Gümbet,google_travel,4.0,5.0,4.0,,"4 gece konakladık, girişte karşılama keyifliydi, Gökhan beye teşekkür ediyorum, personeller gerçekten cok ilgili, siz birşey demeden her konuda yardımcı oluyorlar, canlı müzik bölümde Aytaç beye teşekkür edeyorum.
Otel yemekleri hem kaliteli hem de çeşitlilik fazla, bu konuda iyiler. Alacartlar ise 3 tane, italyan olan ücretsiz, yer bulmak için ilk günden rezervasyon lazım. Diger alarcart lar için 5 gece konaklama şart gelmiş üzdü.
Deniz çok temiz, sakin, sığ. Temmuz ortası olduğu için sanırım biraz soğuktu, Ağustos'ta gelmek daha mantıklı ama yine de deniz çok keyifli olduğu için havuzu hiç kullanmadık.
Otelin tek kötü yanı gece eğlenceleri sanırım, sadece canlı müzik var ve birkaç günden sonra sıkıcı oluyor, farklı organizasyonlar şart gibi. Ayrıca otelin dolaşılacak alanı fazla yok o yüzden akşam sıkılınca yapacak pek birşey yok, biraz kafa dinleme oteli gibi. Dev ekranda maç verilmesi bu konuda birkaç günü telafi etti benim için:)",Google üzerinde bir ay önce,,,,,,,,,,https://www.google.com/travel/hotels/entity/ChoIsqH9xsjG_r-rARoNL2cvMTFzbXQ1YjNqNxAB,
358,BOD065,Mirada Exclusive Bodrum,Gümbet,google_travel,4.0,5.0,4.0,,"23-26 Mayıs 2026 tarihleri arası deniz manzaralı odada konakladık, otele girişten çıkışa kadar tüm çalışanlar güleryüzlü ve misafirperverdi.Otel çok büyük değil kompleks olarak, her yere yürüyerek ulaşılabiliyor. otel odası, plaj diğer tüm ortak alanlar oldukça temizdi, sezon başlangıcı olduğu için muhtemelen aktiviteler çok azdı, arena event hall ismindeki alan konakladığımız süre boyunca hiç kullanılmadı, akşamları keyifli canlı müzik dinletisi ve dj performansı oluyor, plaj ve deniz çok güzeldi, deniz sığ temizdi, yemek için ana restoran dışında iki alakart hizmet veriyordu, deneyimlemedik ama menülere bakınca ilgi çekici ürünler göremedik maalesef. menüler zenginleştirilebilir diye düşünüyorum, ana restoran içinse kahvaltıda şarküteri kısmı zengin ama sıcaklar kısmı geliştirilebilir diye düşünüyorum, öğle ve akşam yemekleri içinse meze ve tatlı kısmı çeşitlilik olarak zengin lezzetli ama ana yemek olarak geliştirilebilir olarak düşünüyorum, kaldığımız süreler boyunca steak hiç çıkmadı mesela, tavuk balık kebap ağırlıklı idi ızgara kısmı. Ürünlerin sıcaklığı biraz daha korunursa daha iyi olabilir diye düşünüyorum, açık büfe 5 dakika elinizle tabakla dolaşsanız dahi hemen soğumaması lazım bana göre, yemekleri tattığımda yemekler hep ılık ve soğuktu maalesef, Bazı ürünler özellikle tatlı kısmında tükeniyor ve yenileri gelmiyor, erken saatte restoranlara gitmek gerekiyor. Snack bardaki yiyecekler çok çeşitli ve kaliteliydi.Spa kısmı da yeterli ve çok temizdi.
Bunları yazdım özellikle restoran kısmı için olumsuz yorum yapmışım gibi gözüküyor, ama otelden çok memnun kaldığımız için naçizane eleştiri ve tavsiye olarak belirtmek istedim. Herkesin eline sağlık
Otelin konumu çok iyi, bodrum çarşıya 10 dk gümbete birkaç dk sürüş mesafesinde.Çevresinde gürültülü yerleşim yeri veya başka otel yok, izole ve kafa dinlemek için ideal.
Çocuklu aileler için kids club da bulunuyor, otel içinde market, kuaför, küçük bir oyun salonu mevcut. Sezon ortası gitmediğimiz için yorum çok güvenilir olmayabilir ama sakin bir otel, gün boyu sürekli etkinlik olan bir otel değil animasyon ekibi görmedik.
Otel temiz, çalışanlar ilgili
Sonuç olarak; bir daha gelmek ister miyim, isterim. Gayet keyif aldığımız dinlendiğimiz 3 gece geçirdik. Gelecekte tekrar görüşmek dileğiyle…",Google üzerinde 2 ay önce,,,,,,,,,,https://www.google.com/travel/hotels/entity/ChoIsqH9xsjG_r-rARoNL2cvMTFzbXQ1YjNqNxAB,
359,BOD065,Mirada Exclusive Bodrum,Gümbet,google_travel,5.0,5.0,5.0,,"Oteli balayı için tercih ettik. Otelin en büyük artısı çok kompakt olması. Başınızı çevirdiğinizde ana binayı, restoranı, spayı, alacart restoranları, iskeleyi tek seferde görebilirsiniz. Bu tatiliniz boyunca her şeyin elinizin altında olmasına sebebiyet verdiği için çok kaliteli ve rahat bir tatil geçiriyorsunuz.
Alacart restoranlardaki yemek kalitesi, çeşitlilik, hizmet ve servis harikulade. İçeceklerin tamamı alkollü ya da soft farketmeksizin kapalı kutu. Yerli ve düşük kaliteli hiçbir ürün bulunmuyor.
Otele 2024, yılında da geldim. O tarihte ana restoranın performansını daha çok beğenmiştim.
İskelesi sanıyorum Bodrum bölgesinin en büyüğü. Şemsiyelerde bulunan QR kodlardan sipariş verebiliyorsunuz. Ancak burada bulunan personel o kadar ilgili ve hızlı ki menüden sipariş vermenize gerek kalmadan size yardımcı oluyorlar. Özellikle Berdan bey mükemmel bir iş çıkarıyor. Nasıl yorulmuyor anlayamadık :) otele girişten itibaren bizlerle ilgilenen misafir ilişkilerinden Kübra hanım ve Setur otel rehberi Ayyüce hanıma da ayrıca teşekkür ederim. Alacart rezervasyonlarımızda hızlıca bizim adımıza rezervasyon yaptı. Şezlongumuzdan kalkmamıza gerek kalmadı.
Akşamüstü iskelede dj perfomans oluyor. Be kaliteli ses hastası olan biriyim. Buradaki ses sistemi muazzam. Düşük frekanslı sesleri hissetmek çok hoş.
Akşam saatlerinde gelen canlı müzik ekiplerine hayran kaldık. Birinin gitar performansı inanılmazdı. (Tolga Akyıldız) ikinci akşam da farklı bir ekip geldi. Hanımefendinin hem sesi, hem keman performansı mükemmeldi. (İsmini maalesef bahşetmedi)
Her yıl hiç kafamda soru işareti olmadan buraya gelmeye devam edeceğim. Bu sene balayına bundan sonraki senelerde belki çocuklarımla",Google üzerinde 2 ay önce,,,,,,,,,,https://www.google.com/travel/hotels/entity/ChoIsqH9xsjG_r-rARoNL2cvMTFzbXQ1YjNqNxAB,
360,BOD065,Mirada Exclusive Bodrum,Gümbet,google_travel,5.0,5.0,5.0,,"Miradada bu üçüncü yılımız.
İlk sene çekirdek aile olarak geldik.
Geçen yıl deneyimimizi arkadaşlarımızla paylaşarak tarih olarak uygunluğu olan diğer 2 aile dostumuzla geldik.
Bu yıl için tatili satın almayı düşündüğümüz tarihler arasında daha fazla aile dostumuz bize katıldı ve 5 aile olarak geldik 😍
Her geldiğimizde aynı memnuniyetle ayrıldık. Referans olup getirdiğimiz diğer aile dostlarımıza hiç mahçup olmamak da harikaydı. Teşekkürler 🙏
Önünüzdeki yıl da firesiz yeniden gelmeye sözleşerek otelden ayrıldık.
Geçmiş yıllardan fotoğraflar da ekleyeceğim müsait bir zamanda 😍
Sadece bu yıl için bir eleştirim olacak ki hepimiz bu konuda aynı fikirdeydik. Otelden ayrılacağımız günden bir gün önce gündüz sahildeyken hep beraber tatilimizi 1 gün daha uzatma kararı aldık ama asla asıl son sözü söyleyecek yetkiliyle görüşme sağlayamadık. O ona o ona attı. Resepsiyondan çözemedik derken tatili uzatmaktan vazgeçtik. Zaten odalarında tatili devam eden misafirlerin otelde müsaitlik varken tatillerini uzatması bu kadar zor olmamalı.",Google üzerinde bir ay önce,,,,,,,,,,https://www.google.com/travel/hotels/entity/ChoIsqH9xsjG_r-rARoNL2cvMTFzbXQ1YjNqNxAB,
361,BOD065,Mirada Exclusive Bodrum,Gümbet,google_travel,5.0,5.0,5.0,,"Mirada Exclusive Bodrum’da iki kardeş olarak konakladık ve genel olarak çok memnun kaldık.
Özellikle hizmet kalitesini vurgulamak isteriz. Tüm çalışanlar son derece güler yüzlü, nazik ve yardımseverdi. Kendimizi her zaman çok rahat ve hoş karşılanmış hissettik.
Yemekleri de beğendik. Çeşit çok büyük olmasa da her zaman lezzetli bir şeyler bulabiliyorduk ve yemeklerin kalitesi gayet iyiydi.
Turizm sezonu başlamadan önce gittiğimiz için otel oldukça sakindi. Bu durum bizim için büyük bir avantajdı çünkü huzurlu bir ortamda dinlenme fırsatı bulduk.
Ayrıca otel içerisinde çok sayıda kedi bulunuyor. Kedi severler için gerçekten harika bir yer!
Bu oteli gönül rahatlığıyla tavsiye ederiz ve gelecekte tekrar gelmeyi düşünebiliriz.",Google üzerinde 2 ay önce,,,,,,,,,,https://www.google.com/travel/hotels/entity/ChoIsqH9xsjG_r-rARoNL2cvMTFzbXQ1YjNqNxAB,
362,BOD066,Royal Asarlik Beach Hotel & Spa,Gümbet,google_travel,3.0,5.0,3.0,,"Otelde 8 gün geçirdim Rezalet bir otel otelin tek iyi yanı manzarası ve çalışanları çalışanları çok güleryüzlü işlerinde iyiler fakat otelin yemekleri berbat bozulmuş börülce salatası ekşimiş tatlı yanık hamburger köftesi ve bayat hamburger ekmeği yemek isterseniz bu oteli tercih edebilirsiniz ayrıca tatilinizde böceklerle mücadele ve ordan oraya koşturmak istiyorsanız bu otele gelin bir sürü bar koymuşlar birinde kokteyl yok birinde kahve yok saçma sapan her içecek için farklı bara gönderiyorlar Türk kahvesini sadece lobbyde içebiliyorsunuz ayrıca akşamları eğlence adı altında yapılan şeyler 10 da başlıcak denmesine rağmen saçma sapan bekletiyorlar,asansör sık sık bozuluyor 6.kattaki yemek katına merdivenle çıkmak zorunda kalıyorsunuz, otelin odalarında ve ortak alanlarda çok büyük bir sinek problemi var biz kendimiz sinek ilacı alıp sıktık bu oteldeki tek iyi şey çalışanlar işlerini özverili ve güleryüzlü şekilde yapıyolar barmen şahin ve bellboy ardaya ve Palm bardaki Güneye ekstra teşekkür ederiz son derece güleryüzlü ve işlerinde iyiler. A la carte olarak biz İtalyan tercih ettik şef Muhsin Bey son derece ilgili alakalı ve yemekler lezzetliydi. 3 kişi geldik otele 8 günün sonunda yediğimiz yemeklerden olucak üçümüzünde midesi rahatsızlandı. Otelin genel olarak çalışanları iyi,görsel olarak güzel manzarası, köpük partisi aktiviteleri de güzel fakat yemekleri yüzünden tekrar tercih etmeyeceğim bir otel yanık hamburger köftesi ve İzmir köftesinin fotoğrafını da ekliyorum",Google üzerinde bir ay önce,,,,,,,,,,https://www.google.com/travel/hotels/entity/ChkI_76qtKi0wuyrARoML2cvMTJtOTFzNDl6EAE,
363,BOD066,Royal Asarlik Beach Hotel & Spa,Gümbet,google_travel,4.2,5.0,4.2,,Bakımsız ve yemekler kötü onun dışında kalınır,Trip.com üzerinde 2 ay önce,,,,,,,,,,https://www.google.com/travel/hotels/entity/ChkI_76qtKi0wuyrARoML2cvMTJtOTFzNDl6EAE,
364,BOD066,Royal Asarlik Beach Hotel & Spa,Gümbet,google_travel,5.0,5.0,5.0,,"Harika bir tatil geçirdik! Otelin konforu, temizliği ve huzurlu atmosferi gerçekten çok başarılıydı. Odalar rahat ve bakımlı, personel ise son derece güler yüzlü ve ilgiliydi.
Yemekler hem lezzetli hem de oldukça çeşitliydi. Her öğünde taze ve kaliteli seçenekler bulmak mümkündü.
Su sporları ise kesinlikle otelin en güçlü yönlerinden biri. Profesyonel ve ilgili ekibi sayesinde hem güvenli hem de çok eğlenceli vakit geçirdik. İster ilk kez deneyin ister deneyimli olun, herkes için keyifli aktiviteler sunuyorlar.
Güzel bir tatil geçirmek isteyen herkese gönül rahatlığıyla tavsiye ederim. İlk fırsatta tekrar gelmeyi düşünüyoruz.",Google üzerinde 4 hafta önce,,,,,,,,,,https://www.google.com/travel/hotels/entity/ChkI_76qtKi0wuyrARoML2cvMTJtOTFzNDl6EAE,
365,BOD066,Royal Asarlik Beach Hotel & Spa,Gümbet,google_travel,3.0,5.0,3.0,,"Otel konumu, denize yakınlığı ve su sporları bakımından iyi ama yemek çeşitliliği bakımından çok ama çok kötü. Türk personellerin bir çoğu suratsız ve müşteriyi tersler şekilde konuşuyorlar. …",Tripadvisor üzerinde bir ay önce,,,,,,,,,,https://www.google.com/travel/hotels/entity/ChkI_76qtKi0wuyrARoML2cvMTJtOTFzNDl6EAE,
366,BOD066,Royal Asarlik Beach Hotel & Spa,Gümbet,google_travel,4.0,5.0,4.0,,"Otel de 3 gece 4 gündüz konakladık, şuradan başlayacağım. İlk girdiğimiz de ilgili güzel ve güler yüzle karşılandık.
Odalar temizdi ve genişti.
Temizleme bi kez oldu. Klima vs aktif olarak çalışıyordu bi sıkıntı yaşamadık, konum ve manzara olarakta gayet yeterli bi otel. Havuz 2 farklıydı. Aktivite kısmını kullanmadık daha genç işiydi. Biz aile ve çocuklu olduğumuz için relax havuzdaydık, güzel ve temizdi, hemen çevresinde pastane ve yemek yeri vardı. Bar yanındaydı. Soğuk su her daim kahve makineleri her köşede soğuk içecek sürekli var. Alkol kısmına gelince en yetersiz durumlardan beri. Ever belki Dişarıda ki içkilerle kıyaslanamaz ama 10 bira içipte gram bişi olmuyorsa o alkol değil gaz deposudur.. alkol konusunda hiç tatmin olmadım. Snack bar marine bar da ki hamburger pizza tüm ürünler gerçek lezetti. Öğle yemeğinde bile orayı tercih ettim.. Bence bi otel de bakılacak en önemli hususlardan birisi de denizidir. Plajı mavi bayraklıydı. Dalgasız tertemiz mis gibi her yaşın uyum sağlayacağı bi denizdi. Yemekler genel olarak tekrar aynı şeyler dönüyor ama çoğunluğu lezzetliydi..
Herşeyden önce tüm çalışanlara kocaman teşekkürler. Hepsi birbirinden güler yüzlü, sevimli hizmette sınır tanımayan insanlardı. Bi dediğinizi iki etmiyorlar. Kids club varmış evet güzeldi ama çeşitlendirebilir. Daha fazla birşeyler eklenebilir. Dümdüz bi oda. Genel olarak güzel fiyat performans bi oteldi. Alkol düzenlenebilir. Akşama kırmızı et konulabilir.",Google üzerinde bir ay önce,,,,,,,,,,https://www.google.com/travel/hotels/entity/ChkI_76qtKi0wuyrARoML2cvMTJtOTFzNDl6EAE,
367,BOD066,Royal Asarlik Beach Hotel & Spa,Gümbet,google_travel,5.0,5.0,5.0,,"Öncelikle, otelin birçok kötü yorumu olmasına şaşırdım, 3 gecedir burada kalıyorum oda ile alakalı klima problemi yaşadım ve hemen 5 dakika içinde odamı değiştirdiler, odada giderde su birikmesi sorunu vardı çok çok hızlı çözdüler. Otelin yemeklerinin az ve hep aynı olduğundan bahsedilmiş ama ben her gün farklı yemek yedim, menüler sürekli değişti ve yemekler gayette lezzetliydi. Bu fiyata bu performans çok iyi.Çalışanlar çok ilgiliydi. Özellikle restorant kısmındaki Mehmet bey’e teşekkür ederim. İki havuz olmasına rağmen boyutları küçük, bazı bölümlerde garip bir şekilde turist erkek yoğunluğu var, hoşuma gitmedi bu görüntü. Genel olarak ailecek kalınabilecek bir otel, gayet memnun kaldım. Sadece odaların bazıları bir tık eski, otelin yapımı çok eskiye dayandığı için normal buldum.Fish balıkta A’ la carte denedik. Yusuf bey ve Baran bey’e teşekkürlerimizi sunarım,çok ilgililerdi. Umarım otel yetkilileri hak ettikleri şekilde davranıyorlardır böyle mükemmel personeller için:)! Otele girişte ilk 20 dakika su sporlarından kano ücretsiz, bence bu da çok iyi bir avantaj. Animasyon ekibi her gece bir show yapıyor, ama çok yetersiz sadece brezilya showuna bayıldık.Üstelik animasyon ekibi tarafından sürekli GÜMBETİN EN İYİ GECE CLUBINA GÖTÜRME şeklinde resmen baskıcı bir tutumu var, hayır teşekkürler desekte başka biri gelip soruyor. Çok darlayıcı! Her neyse genel olarak her şey güzeldi teşekkürler.",Google üzerinde 2 ay önce,,,,,,,,,,https://www.google.com/travel/hotels/entity/ChkI_76qtKi0wuyrARoML2cvMTJtOTFzNDl6EAE,
368,BOD066,Royal Asarlik Beach Hotel & Spa,Gümbet,google_travel,5.0,5.0,5.0,,Nerden başlasam bilemedim. İlk önce teşekkürlerimi edeyim. YUFUS BEYE özellikle teşekkür ederiz bu kadar herşeyle ilgilenen sahip çıkan bir başka müdür görmedik. Geçen sene de başka bir otelde kendisine denk geldik gittiği yeri güzelleştiriyor resmen. Her konuda küçük büyük bize yardımcı oldu. Kendisi ve ekibi sayesin de otel daha kaliteli. Havuz barda güney şahane kokteyleri ve samimiyetiyle bizi mest etti. İlayda hanıma da selamlar çok memnun kaldık. Kısaca da özetlersek yemeğinden denizine odasından havuzuna herşey 10 numara . Resepsiyonda duran Ali beyi de unutmamak gerekir :)) sırf bu şahane ekip için bile gidilir çünkü sizi asla zor durum da bırakmıyorlar her konuda tam destekler.,Google üzerinde bir ay önce,,,,,,,,,,https://www.google.com/travel/hotels/entity/ChkI_76qtKi0wuyrARoML2cvMTJtOTFzNDl6EAE,
369,BOD066,Royal Asarlik Beach Hotel & Spa,Gümbet,google_travel,5.0,5.0,5.0,,"1 Hafta konaklama yaptım. Tesis imkânları geniş ve gayet yeterli. Yorumlarda ki memnuniyetsizliği asla anlamış değilim. Yorumlar Tatile ön yargı ile gitmeme neden oldu ancak insanların abarttığını düşünüyorum. Burası her şey dahil otel ve sunduğu imkânları karsilastirirsaniz diğer otellere oranla daha uygun. Günün her saati neredeyse yiyecek var. Yemeklerde çeşit çoktu. Eti, balığı,tavuğu her gün çıktı. Kahvaltısı çok zengindi. envai çeşit mezeleri var. Onun dışında otelde zaman geçirdiğiniz her yerde bar var ve hizmeti gayet yeterli idi. Oda temizliği noktasında da sıkıntı yaşamadık her gün odamız temizlendi. Otelin iki adet plajı ve havuzu var. Tercih ederseniz relax havuz ve yine relax havuz tarafındaki plajini tercih edin. Zemini kum ve daha derin. Bodrum'a gelecek olursam tekrar burayı tercih ederim.",Google üzerinde bir ay önce,,,,,,,,,,https://www.google.com/travel/hotels/entity/ChkI_76qtKi0wuyrARoML2cvMTJtOTFzNDl6EAE,
370,BOD066,Royal Asarlik Beach Hotel & Spa,Gümbet,google_travel,1.0,5.0,1.0,,"5 gece 6 gün konakladığımız bu otel, maalesef beklentilerimizin oldukça altında kaldı. 5 yıldızlı bir otelden beklenen hizmet ve kaliteyi kesinlikle sunmuyor.
Rezervasyonumu TatilBudur üzerinden kısmi deniz manzaralı oda olarak yaptırmama rağmen, tarafımıza verilen odanın manzarası tamamen karşı binaya bakıyordu. Bu durumu resepsiyona ilettiğimizde tatmin edici bir çözüm sunulmadı ve oldukça ilgisiz bir yaklaşımla karşılaştık. Sonuç olarak, daha iyi bir odaya geçebilmek için ek ücret ödemek zorunda kaldık. Özellikle resepsiyonda görev yapan beyefendinin misafir memnuniyetine karşı ilgisiz ve isteksiz tavrı dikkat çekiciydi.
Otelde yabancı turist sayısı oldukça fazlaydı. Elbette tüm misafirlere eşit hizmet verilmesi gerekirken, yabancı misafirlere öncelik tanındığı izlenimine kapıldık. Personel sayısının yetersiz olması nedeniyle hizmet aksıyor ve diğer misafirler ikinci planda kalıyordu.
Animasyon ve eğlence programları oldukça yetersizdi. Yemek çeşitliliği sınırlıydı ve sunulan yemeklerin büyük kısmı lezzet açısından beklentileri karşılamıyordu.
Genel olarak bu konaklamadan memnun ayrılmadık ve tekrar tercih etmeyi düşünmüyoruz. Son olarak otel yönetimine, özellikle personel eğitimi, misafir memnuniyeti ve hizmet kalitesi konularında gerekli değerlendirmeleri yapmalarını tavsiye ederim. 5 yıldızlı bir otelin, misafirlerine çok daha profesyonel ve kaliteli bir hizmet sunması gerektiğine inanıyorum.",Google üzerinde bir ay önce,,,,,,,,,,https://www.google.com/travel/hotels/entity/ChkI_76qtKi0wuyrARoML2cvMTJtOTFzNDl6EAE,
371,BOD066,Royal Asarlik Beach Hotel & Spa,Gümbet,google_travel,5.0,5.0,5.0,,"We first discovered this hotel 12 years ago, and coming back with our whole family after all this time made this vacation truly special. From our 4 year old to our 54 year old family members, everyone found something to enjoy thanks to the wide variety of activities and excellent services.
A special thank you to Semih and Solmaz from the animation team. Their endless energy, warm smiles, and fun daily activities made every single day even more enjoyable. We also want to thank Hakan from the water sports team for capturing our happiest moments and giving us memories that we will cherish for years to come.
Every member of the hotel staff was friendly, attentive, and always ready to help. They responded to all our requests quickly and with genuine kindness, making us feel truly welcome throughout our stay.
Thank you to everyone who made our holiday so memorable. We can't wait to come back! ☀️
12 yıl önce keşfettiğimiz bu otele, yıllar sonra kalabalık ailemizle yeniden gelmek bizim için çok özel oldu. 4 yaşından 54 yaşına kadar herkesin keyifle vakit geçirebildiği, her yaşa hitap eden aktiviteleri ve hizmetleriyle yine bizi çok mutlu etti.
Animasyon ekibinden Semih Bey ve Solmaz Hanım, bitmeyen enerjileri, samimiyetleri ve her gün düzenledikleri eğlenceli organizasyonlarla tatilimize ayrı bir renk kattılar. Su sporlarında Hakan Bey ise en güzel anlarımızı ölümsüzleştirerek bize yıllarca saklayacağımız harika anılar bıraktı.
Otelde karşılaştığımız tüm personel de güler yüzlü, ilgili ve çözüm odaklıydı. Her isteğimizle hızlıca ilgilenmeleri kendimizi gerçekten değerli hissettirdi.
Bu güzel tatilde emeği geçen herkese gönülden teşekkür ederiz. En kısa zamanda tekrar görüşmek dileğiyle. 🌞",Google üzerinde bir ay önce,,,,,,,,,,https://www.google.com/travel/hotels/entity/ChkI_76qtKi0wuyrARoML2cvMTJtOTFzNDl6EAE,
372,BOD070,The Luvi Hotel,Gümbet,google_travel,4.0,5.0,4.0,,Otel fiyat performans oteli. Biz 2. Defa geldik. Temizlikte Aynur hanım odanın temizliğini her gün düzenli bir şekilde sağladı. Kendisine çok teşekkür ederiz. Bar kısmında Ahmet ve Emre bey çok ilgili ve güleryüzlüydüler. Aynı şekilde Salih bey de işini özveri ile yapan saygılı ve güleryüzlüydü. Yemekler güzeldi bir tık çeşit az fakat yine de lezzetliydi . Mezeleri yapan kişiyi tebrik ediyorum eli çok lezzetliydi. Onun dışında otel bebekli çocuklu ailelere uygun. Animasyon var fakat biraz yetersiz . Bu konuda kendini geliştirmeli . Çocuklar için akşam aktivitelerine daha çok önem verilmeli. Denize sıfır şezlonglar yeterli. Zaten olası durumda herkes çok yardımcı oluyor . Bir sorun yaşamıyorsunuz . Klimalar da güzel çalışıyor . Bir tık daha kendini yenilese daha iyi olabilir . Yataklarda ve odalarda . Onun dışında keyif aldığımız bir yer oldu . Severek gelip tatilimizi yaptık,Google üzerinde bir ay önce,,,,,,,,,,https://www.google.com/travel/hotels/entity/ChgI0OmIl_qunPTFARoLL2cvMXRzeXh2eWMQAQ,
373,BOD070,The Luvi Hotel,Gümbet,google_travel,5.0,5.0,5.0,,"Haziran sonu temmuz başı ailecek konakladık.Otopark kapasitesi otel önünde yaklaşık 10-15 araçlik.Ancak otelin yaklaşık 50-60 mt yukarısında park edilebilecek yol kenarı yerler var.odalar genel olarak temizdi.Bir iki kez klima arıza sorunu yaşadık,gelip çözdüler.Yemek çeşitliliği ve kalitesi biraz daha iyi olabilirdi ama aç kalmadık tabi ki her öğün yemeğimizi yedik.Otel denize sıfır konumuyla çok kullanışlı.Odalar,restorant,havuz,havuz bar ve deniz birbirine çok yakın konumda. Personel çok ilgiliydi. Özellikle restorant da bizimle çok ilgilenen bir dediğimizi iki etmeyen Salih Coşkun beye Ailecek teşekkür ediyoruz.Diger yandan Emre bey,Ahmet bey, Erhan bey ve Gürkan beye de güler yüzlü hizmetleri,ilgi ve alakaları için teşekkür ederiz. Otel, deniz,güneş ve Bodrum beklentinizi karşılıyor,ancak animasyon,mini club,akşam eglenceleri,spor aktiviteleri ,yarışmalar da olsun derseniz 5 yıldızlı başka otele bakın derim. Otel kendi klasmanında beklentileri karşılıyor. Fiyat performans Oteli diyebilirim.Yeniden görüşmek dileğiyle.",Google üzerinde bir ay önce,,,,,,,,,,https://www.google.com/travel/hotels/entity/ChgI0OmIl_qunPTFARoLL2cvMXRzeXh2eWMQAQ,
374,BOD070,The Luvi Hotel,Gümbet,google_travel,3.0,5.0,3.0,,"Odaların konumu balkonlu olması çok keyifli yataklar rahat deniz tertemiz yeşil şezlong alanı çok keyifli şezlonglar kaliteli ve rahat ancak ana yemek tam olarak 4 çeşit içinde bazen tavuk var bazen o da yok. Yan ürün gibi. Vee restoranda klima çalışmıyor bozuk. Terler içinde yemek yiyorsunuz Evet ekonomik bir otel ancak temizlik, yemek ve eleman konusunda gelişmesi gerekiyor. Çeşit artmak zorunda değil ama doyurucu ve hijyen olmalı,klima çalışsa yemekler de rahat edecek.. Tek pozitif yani suyu kapalı şişede veriyor.",Google üzerinde bir ay önce,,,,,,,,,,https://www.google.com/travel/hotels/entity/ChgI0OmIl_qunPTFARoLL2cvMXRzeXh2eWMQAQ,
375,BOD070,The Luvi Hotel,Gümbet,google_travel,4.0,5.0,4.0,,"Ulaşım 9/10 : Toplu taşımayla ulaşım gerçekten kolay biz uçakla gittik ilk kez olmasına rağmen kolayca gidip gelebildik.
Hizmet 8.5/10 : Odaya ilk girişte temizlik iyiydi.
her gün temizlik var ve iyi durumda.
Garson arkadaşlar genel olarak çok ilgililer.
İnternet 5/10 : bizim kaldığımız odada sadece balkonda çekiyordu bence büyük eksik. Ama şans işi biraz da.
Sahilde veya restoran kısmında çekimle veya hızla alakalı bir sorun yok.
SAHİL KISMI 7.5/10 : Duşlardan su az akıyor ve duş başlıkları biraz alçak boyu 180 üzeri olanlar kafasını yıkaması için baya eğilmesi gerekiyor.Ayrıca müzikler gerçekten iyi değil. Çimendeki şemsiyeler büyük ve gölge olarak yeterliler.Şezlong kapmak için sabah ekren havlu koymak gerekiyor.
YEMEKLER 7/10: Çok büyük beklentiyle gelmezseniz memnun kalırsınız , doymadığım 1 gün oldu , Ogün ızgara balık vardı ama çok kılçıklıydı ailecek yiyemedik maalesef .
Ayrıca restoran kısmı çok sıcak sabah öglen akşam fark etmiyor.
Denizin %40 kısmı kum , %30 kaya, %30 yosun.
Biz tarihten dolayı fiyat olarak iyi fiyata geldik ben 4/5 veririm geneline. Otelin yorumlardaki 3.7 puanı fiyat / performans olarak doğru diyebilirim .",Google üzerinde bir ay önce,,,,,,,,,,https://www.google.com/travel/hotels/entity/ChgI0OmIl_qunPTFARoLL2cvMXRzeXh2eWMQAQ,
376,BOD070,The Luvi Hotel,Gümbet,google_travel,5.0,5.0,5.0,,"Oteldeki konaklamamız boyunca kat görevlisinin güler yüzü, ilgisi ve titiz çalışması sayesinde kendimizi çok rahat hissettik. Odamız her gün özenle temizlendi ve her konuda yardımcı olmaya çalıştı. Emekleri için çok teşekkür ederiz.Nazan hanım",Tripadvisor üzerinde 3 hafta önce,,,,,,,,,,https://www.google.com/travel/hotels/entity/ChgI0OmIl_qunPTFARoLL2cvMXRzeXh2eWMQAQ,
377,BOD070,The Luvi Hotel,Gümbet,google_travel,5.0,5.0,5.0,,"Gerçekten çok güzel bir konaklama deneyimi yaşıyoruz. Otelin her yeri tertemiz ve çalışanların güler yüzü bizi ilk andan itibaren çok mutlu etti. Denize sıfır, plajı çok temiz yemekleri ise birbirinden lezzetli ve oldukça çeşitliydi. Konumu da harika; her yere rahatlıkla yürüyerek ulaşabilirsiniz. Üstelik sunduğu hizmete göre fiyatı da oldukça uygun, kesinlikle fiyat–performans açısından beklentimizin üzerinde. Her şey için tüm ekibe çok teşekkür ederiz. Tekrar geldiğimizde hiç düşünmeden yine burayı tercih edeceğiz. Gönül rahatlığıyla tavsiye ederiz. 😊",Google üzerinde bir ay önce,,,,,,,,,,https://www.google.com/travel/hotels/entity/ChgI0OmIl_qunPTFARoLL2cvMXRzeXh2eWMQAQ,
378,BOD070,The Luvi Hotel,Gümbet,google_travel,5.0,5.0,5.0,,"Öncelikle tüm çalışanları güleryüzlü olmasından dolayı ve ilgilerinden dolayı teşekkür ederim. Konum, temizlik, misafir kalitesi son derece düzgün. Bu fiyatlarda gelinebilecek en iyi tesis diyebilirim. Hiçbir eksiği yok. Deniz ve havuz manzaralı odamız muhteşemdi. Tekrar tercih edeceğim ve çevreme memnuniyetle önereceğim.
Ozan Ürer",Google üzerinde bir ay önce,,,,,,,,,,https://www.google.com/travel/hotels/entity/ChgI0OmIl_qunPTFARoLL2cvMXRzeXh2eWMQAQ,
379,BOD070,The Luvi Hotel,Gümbet,google_travel,3.0,5.0,3.0,,"Eşim ve kızım ile geçtiğimiz yıl konakladık. Bodrum otel rezervasyonu yaparken karşıma çıkınca yazmadan geçemedim. Konumu ve sahili olması güzel yanları. Odaların bakıma ihtiyacı var ama büyük sayılabilir alana sahip. Yemekler anlatılmaz yaşanır. Bazen yiyecek bir şey bulmak zor. Lezzetsiz, donuk ürünler servis ediliyor. Personel olarak karşılama iyi ancak yemek alanındaki çalışanların iletişimi daha iyi olmalı. Tekrar tercih etmeyeceğimiz bir deneyim oldu.",Google üzerinde bir ay önce,,,,,,,,,,https://www.google.com/travel/hotels/entity/ChgI0OmIl_qunPTFARoLL2cvMXRzeXh2eWMQAQ,
380,BOD070,The Luvi Hotel,Gümbet,google_travel,1.0,5.0,1.0,,"Bayram tatilim için Costa Luvi Otel’de rezervasyon yapmıştım ancak yaşadığım sorunları, benim gibi başka insanların da yaşamaması adına paylaşmak istiyorum.
Öncelikle duş başlığı kırıktı. Üç kez teknik ekip gelmesine rağmen sorun çözülmedi. Ayrıca sifon çalışmıyordu ve tuvalet kağıdı aparatı da kırıktı. Bunun dışında odada sıcak su yoktu. Tek kişi konaklayacağımı özellikle belirtmeme rağmen odaya tek kişilik bir yatak konulmuştu ve yatak adeta çocuk yatağı kadar küçüktü. Odamın değiştirilmesini defalarca rica etmeme rağmen yardımcı olunmadı. Açıkçası diğer odalarda da benzer ya da daha büyük problemler olduğunu düşündürdü.
Umarım bu sorunlar kısa sürede çözülür ve başka insanlar bayram tatillerini benim yaşadığım şekilde geçirmek zorunda kalmaz.",Google üzerinde 2 ay önce,,,,,,,,,,https://www.google.com/travel/hotels/entity/ChgI0OmIl_qunPTFARoLL2cvMXRzeXh2eWMQAQ,
381,BOD070,The Luvi Hotel,Gümbet,google_travel,5.0,5.0,5.0,,"Ailemle birlikte Bodrum’da Costa Luvi Hotel’de konakladık ve gerçekten baştan sona çok güzel bir deneyim yaşadık. Oteldeki tüm çalışanlar inanılmaz derecede güler yüzlü, ilgili ve yardımseverdi. Resepsiyondan restoran ve bar ekibine kadar herkes bize kendimizi çok rahat ve hoş karşılanmış hissettirdi.
Özellikle personel müdürü Gürkan Bey’e ayrıca teşekkür etmek istiyorum. Kendisi çok ilgili, profesyonel ve samimi bir insandı. Tüm servis personeli de son derece başarılıydı; her zaman güler yüzlü ve yardım etmeye hazırdılar.
Mutfak ekibine ve şefe de ayrıca teşekkür ederim. Ben gluten-free besleniyorum ve bu konuda bana çok yardımcı oldular. Yemek seçenekleri konusunda oldukça dikkatli ve anlayışlı davrandılar. Yemekler gerçekten çok çeşitliydi; her gün farklı yemekler, tatlılar, atıştırmalıklar ve birçok içecek seçeneği vardı. Gün boyu açık bar olması da ayrıca çok güzeldi.
Animasyon ekibine, özellikle İlker’e de ayrıca teşekkür etmek istiyorum. Sürekli oteldeki etkinlikler ve Bodrum’daki aktiviteler hakkında bizi bilgilendirdi. Konserler, köpük partileri, tekne turları ve diğer aktiviteler konusunda çok yardımcı oldu ve her zaman ilgiliydi.
Otel genel olarak çok temiz, huzurlu ve rahattı. Deniz ve plaj da oldukça temizdi. Konum olarak da çok iyi bir yerde bulunuyor. Hem aileler hem çiftler hem de sakin ve keyifli bir tatil yapmak isteyenler için çok uygun bir otel.
Genel olarak Costa Luvi Hotel verdiğiniz ücretin karşılığını fazlasıyla veren bir otel. Ailemle birlikte çok güzel anılar biriktirdik. Kesinlikle tekrar gelmek isterim ve Bodrum’a gelecek arkadaşlarıma da gönül rahatlığıyla tavsiye ederim.
Tüm Costa Luvi ekibine misafirperverlikleri için tekrar çok teşekkür ederiz!",Google üzerinde 2 ay önce,,,,,,,,,,https://www.google.com/travel/hotels/entity/ChgI0OmIl_qunPTFARoLL2cvMXRzeXh2eWMQAQ,
382,BOD070,The Luvi Hotel,Gümbet,google_travel,5.0,5.0,5.0,,"Dinlenmek, güzel vakit geçirmek için uygun bir tesis. Temizlik ve hizmet gayet uygundu. Yemeklerde çeşitler fena değil ama ana yemekler biraz daha kaliteli olabilir. Tesis yetkilisi Didem hn, personel müdürü Deniz bey ve şef Serpil hn ellerinden geleni yapmaya çalışıyorlar. Çalışanlardan Muhammet çok yardımsever birisi. Bar kısmında Gaffur ve özellikle İbrahim çok ilgili, ellerinden geleni yapan arkadaşlar. Kokteyller ve hizmet gayet güzeldi. Herkesin emeklerine sağlık. Hem sahile sıfır oluşu, hem Bodrum'a yakın oluşu pek çok açıdan tatili daha güzel hale getiriyor. Tavsiye ederim.",Google üzerinde 7 ay önce,,,,,,,,,,https://www.google.com/travel/hotels/entity/ChgI0OmIl_qunPTFARoLL2cvMXRzeXh2eWMQAQ,
383,BOD070,The Luvi Hotel,Gümbet,google_travel,1.0,5.0,1.0,,Aile oteli ve genelde çift olarak konaklama yapılan bir hotel olmasına rağmen grup olarak 3 lü 4 lü erkek grubu alınmış bugün bilgi verdim ilgili kişilere rahatsız olduğumuzu belirttim. içeride herkes aile veya çift insanlar rahatsız oluyor diye ama kimse dikkate almadı. Bilgilendirme olarak yazıyorum yorumu rahatsız olacaklar ona göre tercih edin. Genel olarak otel temizliği güzel. yemek çeşitleri az snack yok snack olmadığı için yemek arası saatleri uzun kalıyor bence buna bir düzenleme yapılabilir. Çalışanlar elinden geleni yapıyorlar,Google üzerinde 2 ay önce,,,,,,,,,,https://www.google.com/travel/hotels/entity/ChgI0OmIl_qunPTFARoLL2cvMXRzeXh2eWMQAQ,
384,BOD070,The Luvi Hotel,Gümbet,google_travel,1.0,5.0,1.0,,"“Sıfır puan verebilseydim verirdim. Bu otelin çok fazla sorunu var. İnternette görünen hiçbir şey gerçeği yansıtmıyor. Otele ulaşım çok zor; dar bir yol var ve taksilerin rahatça giriş çıkış yapabileceği bir alan bulunmuyor.
Odaların temizliği çok kötü. Sadece yataklar düzeltiliyor, banyo ve tuvaletler temizlenmiyor, yerler silinmiyor. Ancak bizim defalarca ısrar etmemiz üzerine temizlik yapıldı. Resepsiyona ulaşmak da çok zor, odalarda iletişim açısından büyük eksiklikler var.
Yemekler ise gerçekten çok kötüydü. Özellikle ‘her şey dahil’ konseptini ekstra masraf yapmamak için tercih ettik, ancak verilen paraya göre yemeklerin kalitesi kabul edilemezdi. Neredeyse her akşam dışarıdaki restoranlarda yemek yemek zorunda kaldık. Öğle yemeklerinde ise çocuklarla mecburen domates ve peynir yedik; hatta peynirin bile hiçbir tadı yoktu.
Kısacası, bu oteli kesinlikle tavsiye etmiyorum.”",Google üzerinde bir ay önce,,,,,,,,,,https://www.google.com/travel/hotels/entity/ChgI0OmIl_qunPTFARoLL2cvMXRzeXh2eWMQAQ,
385,BOD070,The Luvi Hotel,Gümbet,google_travel,5.0,5.0,5.0,,10 günlük tatilimiz boyunca çok iyi ağırlandık. Havuz ve denizi yanyana yeşillikler içinde temiz ve nezih tam bir aile oteli çalışanlar güler yüzlü yönetimde herkesin işini kolaylaştırıcı herşey için tşk.ederiz seneye görüşmek üzere,Tripadvisor üzerinde 3 hafta önce,,,,,,,,,,https://www.google.com/travel/hotels/entity/ChgI0OmIl_qunPTFARoLL2cvMXRzeXh2eWMQAQ,
386,BOD070,The Luvi Hotel,Gümbet,google_travel,5.0,5.0,5.0,,Ailecek geldik. Her şeyden memnun kalarak ayrılıyoruz. Denizi temiz yemekleri güzel. Konumu zaten harika. Çocuklar için uygun bir otel. Animasyondan Berivan hanıma çok teşekkür ederiz. Tatilimiz boyunca bizimle çok güzel ilgilendi. Onun yönlendirdiği turlar sayesinde çok eğlendik. Teşekkürler Luvi hotel.,Google üzerinde bir ay önce,,,,,,,,,,https://www.google.com/travel/hotels/entity/ChgI0OmIl_qunPTFARoLL2cvMXRzeXh2eWMQAQ,
387,BOD070,The Luvi Hotel,Gümbet,google_travel,1.0,5.0,1.0,,konum olarak iyi biryer normalde biz hemen yandaki royal asarlık beachte sevgilimle bu sene tatil yaptık ve gayet memnunduk 100/100 ama ailecek gideceğimiz için daha sonraki tarihlerde yer bulamadım o yüzden yanında the luvi vardı bu sebebten kaynaklı 6 ay önce burayı tercih ettik. yorumlar berbattı biraz endişe ile gittik ama yorumlarda ne yazıyorsa gerçekten doğruymuş bence yorumlara dikkat etmeniz gerekir. Biz 5 gün 4 gece tatil yaptık ama otelde odalarda her şey kırık kirli pis mutfak pis yemek yerken hep öğürerek tiksinerek yedik çok pişman olduk sadece denizi güzel. Havuz kirli mutfak kirli 5 gündür aynı kahvaltıyı aynı yemeği yedik berbattı. Oda da duş alıyoruz odayı su basıyor ilgilenenlere söyledik yapılmadı öyle duş almaya devam ettik ve hep yapacagız tamir edeceğiz diyip asla yapmadılar. Birinci günden şikayetlerimiz başladı farklı otele gidecektik para iadesi bile sağlanılmadı. Bende 5 10 fazla verip daha güzel bir yerde tatil yapabilirsiniz. Yanında royal asarlık beach var 10/10 daha iyi fiyat farkı çok yok aklınızda bulunsun,Google üzerinde 6 ay önce,,,,,,,,,,https://www.google.com/travel/hotels/entity/ChgI0OmIl_qunPTFARoLL2cvMXRzeXh2eWMQAQ,
388,BOD070,The Luvi Hotel,Gümbet,google_travel,1.0,5.0,1.0,,"Otelin çalışan bir tane yeri yok konfor desen hiç yok bir tek sahile konumu iyi geriye kalan hicbirseyi iyi değil odalar hiç ve hiç hoşumuza gitmedi
Odalara biri gelmeden bakılıp kontrol edim edilir bir aksilik varmı diye ama müşteri gelip bakıyor söylüyor öyle bir otel",Google üzerinde 2 ay önce,,,,,,,,,,https://www.google.com/travel/hotels/entity/ChgI0OmIl_qunPTFARoLL2cvMXRzeXh2eWMQAQ,
389,BOD070,The Luvi Hotel,Gümbet,google_travel,1.0,5.0,1.0,,"Telefonla fiyat ve rezervasyon için resepsiyon müdürü Elhan bey ile yaptığım görüşmeden sonra akşama kadar fiyatın geçerli olacağını söyledi,
Akşam aradığımda fiyatı yanlış hesapladığını belirterek 34bin lira artışla ikinci bir fiyat verdi.
Tatil ekibimizdeki diğer katılımcılara mahcup olmamak için aradaki fiyat farkının diğer katılımcılara yansıtılmadan tarafımca karşılanacağını da belirterek bu fiyatı da kabul ettiğimi belirttim ve kapora ödemek istediğimi söyledim. Saatin 18:00 olduğunu ve ödemeyi ertesi gün alacaklarını söyleyerek görüşmeyi sonlandırdık.
Ekipteki katılımcılar bu gelişmeler üzerine uçak biletlerini aldılar.
Akşam kendini işletme müdürü olarak tanıtan Engin Bey arayarak, fiyatın yine yanlış verildiğini söyleyerek 100bin lira daha fiyat artışı yapılması gerektiğini aksi taktirde hizmet veremeyeceklerini belirtti.
İşletme yorumuma cevap kısmında ifadelerimde hata olduğunu iddia edecek olursa tarafıma ulaşan kişilere ispatlayabilirim.
Kesinlikle güvenilir bir işletme olduğunu düşünmüyorum.",Google üzerinde 2 ay önce,,,,,,,,,,https://www.google.com/travel/hotels/entity/ChgI0OmIl_qunPTFARoLL2cvMXRzeXh2eWMQAQ,
390,BOD070,The Luvi Hotel,Gümbet,google_travel,5.0,5.0,5.0,,"Öncelikle herkese ve özellikle luvı çalışanları ekibine merabalar🙏🏻
Şu an tatıl mekanından yazıyorum ,bahçenin tam ortasında bir agacın altında ,deniz 3 metre ötemde birazdan isıl ısıl masmavi denize girmeye hazırlanıyorum.
Burası hakkında görüşüm mü ....burası inanılmaz çalışan ekibin emeği, yemeklerin lezzeti ,odanın ve çevrenin her gün temiz tutulması , plajın hemen dibinde çimlerde güneşlenmek , odaya giderken rengarenk begonvillerin arasından odama ulaşmak,....
Ha bize çay sevenlere ( alkollerde çok iyiydı) günün her saatinde taze lezzetli kuş kanı bir çay keyfi...Ne bilim"" tatil budur "" dedirtiyor.
Plaja yakınlığı, lezzetli yemekleri, derinleşmeyen dalgasız ve güvenli koyu ile eşsiz bir yer ..
Kesinlikle tavsiye ediyorum ,benim yorumundan sonra kararını netleştirenlerede şimdiden iyi tatiller diliyorum ,güzel anılarla döneceginizden eminim🌷
Sinem hanım sizinle vedalaşamadım ,herşey gönlünce olsun 🙏🏻",Google üzerinde bir ay önce,,,,,,,,,,https://www.google.com/travel/hotels/entity/ChgI0OmIl_qunPTFARoLL2cvMXRzeXh2eWMQAQ,
391,BOD070,The Luvi Hotel,Gümbet,google_travel,1.0,5.0,1.0,,"Odalarda klimalar çok eski , yemekler kaliteli değil, ucuz malzemeler ile yapılıyor , 2 gün için 27 bin ödedik asla parasını hakketmiyor, yataklar eski , park sorunu var , çalışan sayısı yetersiz ve ilgisizler , turistlere barda öncelik veriliyor , peyzajı , manzarası ve denizi güzel .",Google üzerinde 3 hafta önce,,,,,,,,,,https://www.google.com/travel/hotels/entity/ChgI0OmIl_qunPTFARoLL2cvMXRzeXh2eWMQAQ,
392,BOD071,Tropicana Beach Hotel,Gümbet,trip,6.0,10.0,3.0,,"This hotel is a good clean hotel. Every thing as expected apart from the upstairs restaurant which overlooks the bay is permanantly closed due to fire regulaitions This was dissapointing as we were looking forward to having a meal and watching the sunset. It should be removed from the pictures as it is no longer open. On the last day as we checked out we were billed for drinks that we didn't order. It was only four soft drinks so it was't an issue but this is not the point. It could have been a lot more. you are asked for you room number everytime you order something,we did not give our room number as we settled the bill after every meal or drink so someone has gave our room number on their order. There needs to be a system in place with wrist bands fobs that you can top up at reception and use when you order something,like a hotel in marmaris we stayed in last year. Apart from these two issues the hotel is fine and the staff are friendly.",,Telah Menginap Pada Julai 2026,,,,,,,,,https://my.trip.com/hotels/gumbet-hotel-detail-3139968/tropicana-beach/,
393,BOD071,Tropicana Beach Hotel,Gümbet,trip,6.0,10.0,3.0,,"Stayed here with my partner and two children 10 & 14. Hotel I must say very clean. The staff are amazing wholesome welcoming could not fault at all. The room we had was in ground floor was okay for the week there, everything we needed. The pool, has no sallow end that’s a first I’ve seen. No entertainment during the day just music. Pool closed at 6pm to be honest would. Be better if it stayed open until at least 8pm because it was so so warm! Good, pretty decent didn’t have a bad meal. The cider was near £8 a bottle! 2 nights of entertainment some dance thing and other karaoke was ok. Gumbet is definitely more for couples and party people in my opinion. Taxi’s out side to bodrum marina there in 5mins and cheaply enough and is beautiful! Lovely food and a nice evening stroll. Definitely go back to stay in bodrum but possibly not this hotel as it’s just a little out of the way for us.",,Telah Menginap Pada Oktober 2025,,,,,,,,,https://my.trip.com/hotels/gumbet-hotel-detail-3139968/tropicana-beach/,
394,BOD071,Tropicana Beach Hotel,Gümbet,trip,4.0,10.0,2.0,,"We stayed here for week the room was very basic, cleaned every day the maids were lovely, it needs a complete renovation to the rooms and the sewage system needs to be fixed as the smell was disguising, the pool area and bar were nice and up to date, but your not sleeping there, I wouldn’t go back to this hotel for the above reasons. Diane Denholm",,Telah Menginap Pada Ogos 2025,,,,,,,,,https://my.trip.com/hotels/gumbet-hotel-detail-3139968/tropicana-beach/,
395,BOD071,Tropicana Beach Hotel,Gümbet,trip,2.0,10.0,1.0,,"Disgusting hotel room was not cleaned even once whilst we stayed, ripped bed sheets awful smell, food. Air con didn’t work, no lifts had to walk 3 flights of stairs. Drinks were horrible no fizz in the soda drinks. No toilet paper, toilet wasn’t clean either. Had to bribe the staff to give us another room because we weren’t happy with it everything is broken",,Telah Menginap Pada Jun 2025,,,,,,,,,https://my.trip.com/hotels/gumbet-hotel-detail-3139968/tropicana-beach/,
396,BOD071,Tropicana Beach Hotel,Gümbet,trip,10.0,10.0,5.0,,"We absolutely love it here. We continuously use this hotel when we come to Gumbet. We always stay in a studio apartment and each room we have stayed in is a very good size. Beds are comfortable. Rooms are very clean and bins are changed daily. Bedding and towels are changed every 3 days unless you ask for a change before hand which is no issue. There is also a laundry service on site. Drop off your dirty laundry and the staff will have it washed, dried and ironed for you. We use this service when we are staying 2 or more weeks but is also a very handy thing to have especially if you don't want to come home from a relaxing holiday and have to do the washing (we usually come home to rain. So a very handy thing for us) The restaurant serves a good selection of meals i'm such a fussy and picky eater and they always help me out to make sure I get food i enjoy with no hassle at all. Very reasonably priced and good portions of food. The bar is also very well stocked and reasonably priced. Hotel staff whether it be the gardener, cleaners, bar staff, restaurant staff or receptionist are all very welcoming and can't do enough for you. Very friendly, amazing customer service. When coming here the vibe is just so lovely. Very chilled and just an overall enjoyable experience. The beach is just across the road from the hotel so not far to go at all. Sun loungers are given and a staff member is there to take your order. Yunis, and our tropicana family go above and beyond to make sure your holiday is an amazing time and I honestly can say I've never been disappointed.",,Telah Menginap Pada Mei 2025,Keluarga,,,,,,,,https://my.trip.com/hotels/gumbet-hotel-detail-3139968/tropicana-beach/,
397,BOD071,Tropicana Beach Hotel,Gümbet,trip,8.0,10.0,4.0,,"Stayed at Tropicana from 18th-29th October as a solo traveller ( first ever solo trip ). Had problems with the first room as location was at the end of a long pathway and felt very out of the way. Also, unfortunately, I was not getting any hot water for showering. Receptionist & Jet2 member of staff arranged for me to move rooms. 2nd room was up 1 flight of stairs right by reception area with wonderful views overlooking the pool and beach. More importantly I had lovely hot water. Room was a basic standard double room but came with a fridge,kettle & toastie machine. Room was spotless if a little tired looking but comfortable bed. All the staff at hotel were lovely from room attendant to managerial staff. Prices for food and drink were slightly more expensive than local restaurants near beach area but not rip off prices in comparison to prices here in the UK. Overall hotel had a fairly quiet vibe seeing as it was nearing the end of the season and hotel closed for the season on 1st November. Hotel was good value for money with excellent flights from Jet2.",,Telah Menginap Pada November 2024,Pelancong solo,,,,,,,,https://my.trip.com/hotels/gumbet-hotel-detail-3139968/tropicana-beach/,
398,BOD071,Tropicana Beach Hotel,Gümbet,trip,10.0,10.0,5.0,,"Just returned from a stay at the Tropicana, stayed here before quite a few years ago. I love the relaxed vibe about it and the very spacious apartments, though a chest of drawers would be a massive help in the bedroom. Excellent staff and facilities. My only negative, would be the Siesta next door using the hotel, beach and pool. They should have booked the Tropicana in the first place? There's a guy on the beach opposite the hotel, who looks after the sunbeds, but doesn't really monitor it well enough, people in the Jasmin and siesta were using the beds, sometimes he told them no and pointed to their beach area or just ignored them and carried on chatting to his friends or just sat and smoked. It was easy if it was the Jasmin, as they wore blue wristbands, as it was an all inclusive, perhaps the Tropicana and Siesta should have their own coloured wrist bands, just to make it easier? Being by the pool was almost an all inclusive vibe, you definitely got better service there, food and drinks being brought to your beds, but the beds are very close together and big groups of people hung out together laughing, smoking ,which if you want to chill would be impossible, equally the siesta were told they could use the pool, so limited your use of that area. The supermarket had very limited choice, drinks at the bar were expensive and the food ok. We chose to go out every night for food, as there's lots of choice in the main town or along the coastal path. The walk into Gumbet town by road, was very dark in places and the pavement uneven, didn't feel very safe, equally the coastal path was dirty and dark in places too, it just looked tired and lots of litter around. I would recommend a visit to Bitez, very chilled out place, fab places to eat and spotless, no sellers hassling you, equally preferred Bodrum by night, great places to eat and you have the castle and harbour. I would of course come back and appreciate when you choose this time of year to come away, with it being the end of season, you can just tell workers at hotels/restaurants/shops can't wait to finish, so maybe the service isn't as attentive, as at the start and thru the summer months. Cleaners and bar staff at Tropicana always cheerful tho.",,Telah Menginap Pada Oktober 2024,,,,,,,,,https://my.trip.com/hotels/gumbet-hotel-detail-3139968/tropicana-beach/,
399,BOD071,Tropicana Beach Hotel,Gümbet,trip,10.0,10.0,5.0,,"Just returned from a week at Tropicana beach hotel. 2 of us stayed in a studio apartment. We had a lovely time, the hotel is so laid back and relaxing, the rooms are really nice, clean and comfortable. The pool is lovely, and we never had trouble getting a sunbed. The staff are friendly and welcoming, and all work really hard. Breakfast is great, if you've selected bed & breakfast, you just pick from the menu. All the food we had here was really good. Tropicana is away from the main Bar street, which we preferred. We visited Bodrum a couple of times, £5 each way in a taxi. Mistral steakhouse just along the beach is great value and amazing steaks. Overall we enjoyed our break so much, and can see why people return to this hotel again and again.",,Telah Menginap Pada September 2024,Pasangan,,,,,,,,https://my.trip.com/hotels/gumbet-hotel-detail-3139968/tropicana-beach/,
400,BOD071,Tropicana Beach Hotel,Gümbet,trip,8.0,10.0,4.0,,"I don't usually go for self catering but I opted for B & B. I must say the breakfast was amazing. The full English had proper bacon, sausage, beans, tomatoes, eggs, mushrooms and 2 toast. My granddaughter had pancakes every day and said they were the fluffiest she has ever tasted. We stayed in a 1 bedroom apartment and they were spacious. The beds were on the hard side but we still slept OK and the pillows were of good standard. The swimming pool was lovely and we never struggled to get a sunbed, no early fights to get one, you could go down most times during the day and still get one. Most of the staff were really friendly. Location wise it was a 10 minutes walk to gumbet town or you could get the bus which stops frequently outside the hotel and for 30 lira it takes you to bodrum. Really enjoyed the holiday but a few things let it down... The hotel would be even better if they had a microwave in the apartments and during our week stay there was no entertainment. I think if there was it would make a better atmosphere in the evenings. The beach right opposite the hotel was a let down as it was dirty and hard to walk into the water, you definitely need a good pair of sea shoes",,Telah Menginap Pada September 2024,,,,,,,,,https://my.trip.com/hotels/gumbet-hotel-detail-3139968/tropicana-beach/,
401,BOD071,Tropicana Beach Hotel,Gümbet,trip,10.0,10.0,5.0,,Just returned after an amazing week staying here. We stayed in a 1 bed apartment which was ideal and big enough having a 15 year old with us. Food at the hotel was good and cheap enough. Beer was reasonable priced at 160lt and cocktails were 350lt-400lt which yes that’s quite expensive but it’s an average price anywhere you go. Chocolate Monkey was my favourite and worth a try. all staff at the hotel was great with excellent customer service they couldn’t do enough for you. The owner was always around been hands on which was good to see. Rooms were cleaned daily and bedding changed every 2nd day but clean towels daily . i can’t fault this hotel and it’s definitely a little gem as it’s an ideal location near the beach away from the noise. If you want a beach day head up to Nagi beach we went there a few times as it was clean and the food /Service was good. Thank you for a great week at Tropicana hopefully we will return in the future :),,Telah Menginap Pada September 2024,Keluarga,,,,,,,,https://my.trip.com/hotels/gumbet-hotel-detail-3139968/tropicana-beach/,
402,BOD071,Tropicana Beach Hotel,Gümbet,trip,10.0,10.0,5.0,,"Excellent hotel, staff do not stop cleaning and making your holiday one to remember pool is excellent as are the rooms we stayed in a 1 bedroom self catering apartment room num 108 and had no problems with it . The food at the hotel restaurant is absolutely spot on tried different food each night and everything was delightful the bus stops right outside hotel if you want to go into bodrum centre or gumbet centre is a 10 min walk on the beach.The only thing I was disappointed with was the beach?? It's not sand and it can be a bit untidy but that's due to lazy people not taking there rubbish with them but overall I will be going back to tropicana 100%",,Telah Menginap Pada Ogos 2024,,,,,,,,,https://my.trip.com/hotels/gumbet-hotel-detail-3139968/tropicana-beach/,
403,BOD071,Tropicana Beach Hotel,Gümbet,trip,10.0,10.0,5.0,,"We stayed at the Tropicana Beach August 2nd for 12 nights in a one bedroom apartment facing the pool with a sea view, which was fab. Great shower with a modern bathroom and very clean apartment, which was cleaned everyday. The staff in this hotel go above and beyond, this was our first visit here as a family of 3 and we will most certainly be returning again. A big shout out to Romeo, Diar, Nehot, Fahti and Harif, all of the bar staff are just simply the best and sorry if I have missed anyone, you are all great guys and work so hard to make everyone feel extremely welcome and we were sad to say goodbye to you all. Yunis was a great manager, nothing was ever too much trouble when we asked and he was always so pleasant. The hotel is in a perfect location, overlooking the beach and within walking distance to all amenities. Great entertainment in the evening, the break dancers were amazing. We ate here some mornings and had lunch, no complaints whatsoever and food was always very good. We met so many people that have been coming here for years, I think that speaks for itself and I wouldn’t listen to any reviews knocking this place, I don’t believe it! We would have no hesitation in booking here again and will look forward to returning soon. By the way if you like Espresso Martinis, they make the best ones. Thank you again for making our holiday one of the best yet, we appreciate you all.. Steph, John, Eva or as Fahti would say Ewa 😀",,Telah Menginap Pada Ogos 2024,Keluarga,,,,,,,,https://my.trip.com/hotels/gumbet-hotel-detail-3139968/tropicana-beach/,
404,BOD074,Begonvil Gümüşlük,Gümüşlük,trip,10.0,10.0,5.0,,Familienurlaub Wir blieben mit 3 Übernachtungen im interessanten Häuschen Begonvil. Das Einchecken war problemlos und Sie warteten geduldig auf uns. Gülce Hanim schaute sehr auf unser wohlbefinden und das alle ein gutes Plätzchen zum schlafen hatten. Danke vielmals. Unsere Kleinste hat ihren geliebten,"Posted April 20, 2026",,Traveling with friends,,Show More,,,,,,https://www.trip.com/hotels/gumusluk-hotel-detail-127410335/begonvil-gmlk/,
405,BOD074,Begonvil Gümüşlük,Gümüşlük,trip,10.0,10.0,5.0,,"Tertemiz, harika lokasyon ve ilgili calisan. Daha ne olsun diyerek bundan sonraki seyahatlerimdeki secimimi de belirtmis olayim.","Posted April 20, 2026",Stayed in April 2026,Traveling with friends,,,,,,,,https://www.trip.com/hotels/gumusluk-hotel-detail-127410335/begonvil-gmlk/,
406,BOD074,Begonvil Gümüşlük,Gümüşlük,trip,10.0,10.0,5.0,,Familienurlaub Wir blieben mit 3 Übernachtungen im interessanten Häuschen Begonvil. Das Einchecken war problemlos und Sie warteten geduldig auf uns. Gülce Hanim schaute sehr auf unser wohlbefinden und das alle ein gutes Plätzchen zum schlafen hatten. Danke vielmals. Unsere Kleinste hat ihren geliebten,"Posted July 23, 2025",Stayed in July 2025,Family,,,,,,,,https://www.trip.com/hotels/gumusluk-hotel-detail-127410335/begonvil-gmlk/,
407,BOD076,Gümüşlük No3,Gümüşlük,trip,10.0,10.0,5.0,,Sabah kahvaltısı olsa çok daha güzel olurdu ama ortam güzel sakin tam kafa dinlemelik,"Posted August 29, 2025",,,,Show More,,,,,,https://www.trip.com/hotels/gumusluk-hotel-detail-109836085/gumusluk-no3/,
408,BOD076,Gümüşlük No3,Gümüşlük,trip,10.0,10.0,5.0,,"Excellent location, only a short stroll to the beach, cafés, and restaurants. Clean, self-contained, and peaceful accommodation. Exceptionally helpful and attentive landlord.","Posted August 29, 2025",Stayed in August 2025,,,,,,,,,https://www.trip.com/hotels/gumusluk-hotel-detail-109836085/gumusluk-no3/,
409,BOD076,Gümüşlük No3,Gümüşlük,trip,8.0,10.0,4.0,,Sabah kahvaltısı olsa çok daha güzel olurdu ama ortam güzel sakin tam kafa dinlemelik,"Posted September 28, 2025",Stayed in September 2025,,,,,,,,,https://www.trip.com/hotels/gumusluk-hotel-detail-109836085/gumusluk-no3/,
410,BOD076,Gümüşlük No3,Gümüşlük,trip,10.0,10.0,5.0,,"Mükemmel Böylesine bire bir işletme sahibi ile muhatap olduğunuz yerlerde kaliteyi belirleyen işletmecinin iletişim dili ve misafirperverliği Ali Bey mükemmel bir işletmeci ve o dost dili tatil boyunca yakınınızda Tiny House güzel düzenlenmiş, duş bölümü geniş, mutfak yeterli, temizlik sorunsuz. Veranda 4 mevsim de huzur bulunan alan Sahile mesafe yürüyerek 1 dakika Gümüşlük’te tatil için ideal. Fiyat/ performans 10 numara Teşekkürler Ali Bey","Posted October 16, 2025",Stayed in October 2025,,,,,,,,,https://www.trip.com/hotels/gumusluk-hotel-detail-109836085/gumusluk-no3/,
411,BOD076,Gümüşlük No3,Gümüşlük,trip,10.0,10.0,5.0,,Otopark sorunsuzdu. Oda çok temizdi.,"Posted September 23, 2025",Stayed in September 2025,,,,,,,,,https://www.trip.com/hotels/gumusluk-hotel-detail-109836085/gumusluk-no3/,
412,BOD078,Liman Hotel Gümüslük (Adult only),Gümüşlük,trip,10.0,10.0,5.0,,Traveling with friends,"Posted June 11, 2026",,Couple,,Show More,,,,,,https://www.trip.com/hotels/bodrum-hotel-detail-79101381/liman-hotel-gmslk-adult-only/,
413,BOD078,Liman Hotel Gümüslük (Adult only),Gümüşlük,trip,10.0,10.0,5.0,,"Thank you! The service, the place, the cleanliness, it's beautiful and well-organized, and the staff are very professional.","Posted June 11, 2026",Stayed in June 2026,Couple,Seaview Room With Balcony,Saudi Arabia,,,,,,https://www.trip.com/hotels/bodrum-hotel-detail-79101381/liman-hotel-gmslk-adult-only/,
414,BOD078,Liman Hotel Gümüslük (Adult only),Gümüşlük,trip,6.0,10.0,3.0,,"There was no hot water at midnight, and the water was extremely dirty. The soundproofing was terrible, and I could hear the excavator making a lot of noise as early as 5 a.m. the next day. It left by 6 a.m., and I couldn't sleep properly. I don't recommend it at all.","Posted February 19, 2026",Stayed in February 2026,Traveling with friends,,China,,,,,,https://www.trip.com/hotels/bodrum-hotel-detail-79101381/liman-hotel-gmslk-adult-only/,
415,BOD078,Liman Hotel Gümüslük (Adult only),Gümüşlük,trip,10.0,10.0,5.0,,"Simply beautiful, Yasemin and Özcan are very friendly hosts, I felt like at home, a big thank you for that 🙏❤️ Location is perfect 👍","Posted June 5, 2025",Stayed in June 2025,Solo traveler,,Germany,,,,,,https://www.trip.com/hotels/bodrum-hotel-detail-79101381/liman-hotel-gmslk-adult-only/,
416,BOD078,Liman Hotel Gümüslük (Adult only),Gümüşlük,trip,10.0,10.0,5.0,,"If you're looking for a relaxing, enjoyable stay, I highly recommend the Gümüşlük Liman Hotel. The hotel is located in the heart of the action, yet quiet enough for a good night's sleep. The staff was very friendly, the breakfast was plentiful, and the room was top-notch. A big compliment to the owners... thank you 🤩","Posted May 23, 2025",Stayed in May 2025,Couple,,Germany,,,,,,https://www.trip.com/hotels/bodrum-hotel-detail-79101381/liman-hotel-gmslk-adult-only/,
417,BOD078,Liman Hotel Gümüslük (Adult only),Gümüşlük,trip,5.5,10.0,2.75,,Bad at cleaning.,"Posted April 19, 2026",Stayed in April 2026,Couple,Seaview Double Room With Jacuzi,Türkiye (Turkey),,,,,,https://www.trip.com/hotels/bodrum-hotel-detail-79101381/liman-hotel-gmslk-adult-only/,
418,BOD078,Liman Hotel Gümüslük (Adult only),Gümüşlük,trip,8.5,10.0,4.25,,The location is quite good. The terrace is very nice.,"Posted May 19, 2025",Stayed in May 2025,Traveling with friends,,Türkiye (Turkey),,,,,,https://www.trip.com/hotels/bodrum-hotel-detail-79101381/liman-hotel-gmslk-adult-only/,
419,BOD078,Liman Hotel Gümüslük (Adult only),Gümüşlük,trip,9.5,10.0,4.75,,"The hotel is located in a very beautiful place. There is a bus station nearby, it is convenient to get there from Bodrum by shuttle bus. You need to take a room with a balcony to enjoy the beautiful views and the sunset with a glass of wine. The room with a balcony is very small, but clean and cozy. Other rooms are almost twice as big. But the view from the balcony overshadows all the inconveniences. I did not like the fact that it takes a long time to prepare breakfast. Breakfast starts at 9 am, the whole breakfast was brought at 10 am. If we had an excursion or transfer, it would not be convenient. At breakfast, there is a stunning view of the bay. I recommend the hotel, especially the room with a balcony.","Posted October 11, 2024",Stayed in October 2024,Traveling with friends,,Russia,,,,,,https://www.trip.com/hotels/bodrum-hotel-detail-79101381/liman-hotel-gmslk-adult-only/,
420,BOD078,Liman Hotel Gümüslük (Adult only),Gümüşlük,trip,9.5,10.0,4.75,,Very convenient location. I liked everything.,"Posted September 22, 2024",Stayed in September 2024,Family,,Russia,,,,,,https://www.trip.com/hotels/bodrum-hotel-detail-79101381/liman-hotel-gmslk-adult-only/,
421,BOD078,Liman Hotel Gümüslük (Adult only),Gümüşlük,trip,10.0,10.0,5.0,,Guest User,"Posted September 6, 2023",Stayed in September 2023,Couple,,Türkiye (Turkey),,,,,,https://www.trip.com/hotels/bodrum-hotel-detail-79101381/liman-hotel-gmslk-adult-only/,
422,BOD078,Liman Hotel Gümüslük (Adult only),Gümüşlük,trip,4.0,10.0,2.0,,Hotelin fotoğrafları sitedeki gibi değil gerçekten aynı yere ait ama güzel gösterilmek için hep farklı açılardan çekilmiş valizinizi eşyalarınızı koyucak dolap bile yok yerlere koymak zorundasınız yalandan 5 adet askı vardır ve konumuda denize yakın olması cezbetmesin bence çok kötü yerde ve odaşar çok küçük ve dar,"Posted July 12, 2026",Stayed in July 2026,Couple,Seaview Room With Balcony,Türkiye (Turkey),,,,,,https://www.trip.com/hotels/bodrum-hotel-detail-79101381/liman-hotel-gmslk-adult-only/,
423,BOD113,Kadıkale Resort,Kadıkalesi,google_travel,1.0,5.0,1.0,,Bu otel kesinlikle internetteki fotoğraflarla ve beklentilerle uyuşmuyor.||En büyük sorun plajdaki şezlonglardı. Her gün şezlong bulabilmek için adeta kavga etmek zorunda kaldık. …,Tripadvisor üzerinde bir ay önce,,,,,,,,,,https://www.google.com/travel/hotels/entity/ChcI267av9v2hps2GgsvZy8xdGZkdmtjMBAB,
424,BOD113,Kadıkale Resort,Kadıkalesi,google_travel,1.0,5.0,1.0,,"Oncelikle resepsiyon, gulumseme ve yardim nedir bilmeyen isinden bikkin Gizem hanim gibi calisanlardan oda anahtari aliyorsunuz. Odalar hapishane gibi - pencere yok!!! …",Tripadvisor üzerinde bir ay önce,,,,,,,,,,https://www.google.com/travel/hotels/entity/ChcI267av9v2hps2GgsvZy8xdGZkdmtjMBAB,
425,BOD113,Kadıkale Resort,Kadıkalesi,google_travel,2.0,5.0,2.0,,"Bu otelde yaşadığımız deneyim maalesef beklentilerimizin çok altında kaldı. Konaklamamız boyunca en büyük sorun şezlong yetersizliğiydi. Üç gün boyunca ailemizle birlikte boş şezlong bulamadık. Durumu defalarca personele iletmemize rağmen kalıcı bir çözüm üretilmedi. Üçüncü gün bize ""Akşamdan havlunuzu bırakın."" denilerek sorumluluk adeta misafire yüklenmiş oldu.
Ertesi sabah havlumuzu ve kişisel eşyalarımızı bıraktığımız şezlonga geldiğimizde, yabancı misafirlerin eşyalarımızı yere atarak şezlongu kullandığını gördük. Bir misafirin kişisel eşyalarına bu şekilde müdahale edilmesi kabul edilemez.
Olayı güvenlik amirine bildirdiğimizde haklı olduğumuz söylendi. Ancak buna rağmen eşyalarımızı atan misafirlere hiçbir uyarı yapılmadı ve herhangi bir işlem uygulanmadı. Bunun yerine bizim eşyalarımız toplanarak başka bir şezlonga yönlendirildik. Sorunu çıkaran değil, mağdur olan tarafın yerinin değiştirilmesi, işletmenin misafir haklarına bakış açısını açıkça göstermektedir.
Ayrıca konaklamamız boyunca yabancı misafirlere gösterilen ilgi ve hassasiyetin Türk misafirlere aynı şekilde gösterilmediği izlenimine kapıldık. Kendimizi ikinci sınıf misafir gibi hissettik. Ödenen ücret aynı olmasına rağmen hizmet anlayışındaki bu farklılık son derece rahatsız ediciydi.
Bir tatilde en temel beklenti, eşit hizmet görmek ve kişisel eşyalarınızın güvende olmasıdır. Ne yazık ki bu otelde bunların hiçbirini yaşayamadık. Yaşadığımız bu olumsuzluklar nedeniyle işletmeden kesinlikle memnun kalmadık. Yönetimin misafirler arasında ayrım yapılmasına izin vermemesi, şezlong sorununa kalıcı çözüm üretmesi ve misafir haklarını koruyan bir anlayış benimsemesi gerektiğini düşünüyoruz. Aksi takdirde benzer mağduriyetleri başka misafirlerin de yaşayacağı açıktır.",Google üzerinde bir ay önce,,,,,,,,,,https://www.google.com/travel/hotels/entity/ChcI267av9v2hps2GgsvZy8xdGZkdmtjMBAB,
426,BOD113,Kadıkale Resort,Kadıkalesi,google_travel,1.0,5.0,1.0,,"Sabri Necdet SAL
Google üzerinde bir ay önce düzenlendi",Google üzerinde bir ay önce düzenlendi,,,,,,,,,,https://www.google.com/travel/hotels/entity/ChcI267av9v2hps2GgsvZy8xdGZkdmtjMBAB,
427,BOD113,Kadıkale Resort,Kadıkalesi,google_travel,1.0,5.0,1.0,,"lütfen okuyun!
Ekonomik oda olarak su aritma tesisi ustunu verdiler 12 saat motor calisiyor, ben böyle zulüm gormedim, odaya girip dinlenmek imkansiz, asla asla tercih edilmeyecek bir yer, su an halen oteldeyim.
sesin videosunu gönderiyorum.
cok para verdik canimiz yandi.
Allahtan dilegim, hakkimiz asla helal degil.
*** 1. güncelleme: etstur sayesinde odamiz degisti, ancak yeni verdikleri oda rutubet kokuyor. küf var.
videosunu ekte gonderdim.
video harici birçok fotograf cektim.
odanın diğer yerlerinde de rutubet var, rötuş yapilmasina rağmen bu tutmamış, geri kusmuş.
elinde boya tenekesi ile gezen birini görmüştük, meğerse sebebi buymuş.
bu çapta bir rutubetin, rutubet boyası ile rötuş yapılarak giderilmesi zor bence.
zaten merdiven ile cikilan tepedeki (500~600 nolu odalar) zemin kattaki bütün odalarin önünde foseptik çukuru var, rutubete katkısı oldugunu düşünüyorum.
*** 2. guncelleme: 2. odamizin bu sekilde cikmasi neticesinde, sabahina, etstur ile görüştük, bizim icin çıkış verdiler ve ucret iadesi yaptilar. bu bizi menun etti.
otopark: 9/10
otelin üst kisminda arac parkı icin yer var, siz ana girişe gelince vale arkadaş aliyor. ancak ben çıkış yaparken gordum otoparki.
otoparkin fiziki konumu ve otoparka dönüş, dar ve engebeli, yani aracın altını hafif sürttüm çıkarken. dikkatli olun.
yeme icme:
genel menü. 6/10
lezzet. 6/10
tatli lezzetleri. 6/10
kahvalti standart, yeterli, pişi çok sert ve hamuru kötü.
öğle yemeği yeterli.
akşam yemeği, standart bir menu, izgarada tavuk, hindi ve balik uclusu sabit, ana yemek seceneklerini hergun degistiriyorlar.
açık büfenin servis alanı dar.
masaların bulundugu alan genis ve yer bulmak rahat.
pool bar: 6/10
ana havuzun oradaki barda beyaz tisortlu arkadaslar gayet yardimsever, ama ozellikle siyah tişörtlü saçları dimdik ozel kesim bir arkadas var, ben 2 gundur ASLA goz göze dahi gelemedim. Turist seviyor. Onlarla konuşsun istiyor. Kendi tercihi.
lobby bar: 7/10
surekli acik, ilgililer.
patisserie/pastane: 6/10
cay ve turk kahvesi ihtiyacinizi burdan karsilayabilirsiniz.
tatlı cesitleri iştah açıcı gorunmedigi icin denemedik. ya da tezgah kirli oldugu icin istemedik.
dondurma da buradan veriliyor, ancak basinda bir gorevli var ve sınırlı sayıda.
snack bar: 5/10
snack restoran: 7/10
ikisi aynı yerde.
otelin sonuna doğru gidince göreceğiniz bar, burada özellikle barda duran zayif, baygın bakışlı bir arkadas var, asla bizlerin yuzune bakmiyor, cok profesyonel, denileni yapiyor ama asla yuzunuze bakmiyor, hayranlıkla seyrediyorum kendisini, rus vb turistler ile zamanini gecirmeyi tercih ediyor o da.
snack restorandaki yiyecekler sıcak ve çıtır. guzel. snack restoran menu ile calisiyor, siz oturup menüden siparis veriyorsunuz, acik bufe yok burda.
oda servisi: 7/10
oda servisi arkadaslar işinde gücünde insanlar. ilk girdigimiz odadaki yatağın ortası çökmüştü, kendilerine söyledim hemen degistirdiler.
eleştiri: görünen yerleri temizliyorlar.
deniz, manzara, doga: 10/10
deniz taşlık ve hızlı derinlesiyor, iskeleden iniş yapiyorsunuz, dalgalar normal, ruzgari yandan aliyor. doğa zaten harika enfes manzara var. otelin alanı geniş ve ferah.
etkinlik, animasyon, eglence: 5/10
bir ekip var eglence tasarliyorlar, gunduz havuz basinda dans, dart vb. seyler, aksam amfi tiyatroda etkinlik oluyor, fena degil.
teras cafe/bar, resepsiyonun ustunde, burada da aksamlari etkinlik oluyor.
havuz, aquapark: 7/10
havuzlar normal. aquapark yetersiz 2 adet kaydırak var.
!!!!! cok konusulan sezlong mevzusu: ilk gun ben de sasirdim, bos yer yok, havuzda yuzen 7 kisi ama 50 adet sezlong bombos, havlular var, keza deniz iskele kenarındaki sezlonglar da öyle, full. ayakta durup izliyorsunuz cocugunuzu. cok sıkıntı gerçekten.",Google üzerinde bir ay önce düzenlendi,,,,,,,,,,https://www.google.com/travel/hotels/entity/ChcI267av9v2hps2GgsvZy8xdGZkdmtjMBAB,
428,BOD113,Kadıkale Resort,Kadıkalesi,google_travel,3.0,5.0,3.0,,"Otelin en güzel tarafi manzarasi. Deniz manzaralı diye tuttuğumuz oda ağaçları görüyordu. Alkoller cok kalitesiz, aksama kadar içsen de sarhos olmuyorsun. Çocuklu aileler için hic uygun değil, çok fazla merdiven var. Yemekler her gün aynıydı, et yemeği hic gormedim, balik ve tavuk vardi. Eğlence olarak zayıftı. Havuzlar temizdi, oda temizliğinde de sorun yasamadik. Ayrica otele erken giriş yapmamiza da izin verdiler. Bunlar da güzel tarafi. Fiyata göre normal diyebilirim ama daha iyi olabilir miydi evet.",Google üzerinde 2 ay önce,,,,,,,,,,https://www.google.com/travel/hotels/entity/ChcI267av9v2hps2GgsvZy8xdGZkdmtjMBAB,
429,BOD113,Kadıkale Resort,Kadıkalesi,google_travel,4.0,5.0,4.0,,"Fazla cesit olmasa da yemekler genel olarak güzel ve lezzetliydi fakat yemek alma alanının havalandırması zayıf ve sıcaktı.
Odalar yenilenmis ve boyutları gayet iyi fakat otelin her yerinde merdiven var asansör hiç yok. Bebek arabası ile seyahat biraz zorlayıcı olabiliyor. Biz resepsiyonun hemen üst katındaki odada kaldık. Daha uzakta bir odada kalsak tatil değil çile olurdu.
Animasyon ekibi zayıf kişi sayısı cok az.
Giriş lobide klima yok, cok sıcak.
Genel olarak güzel bir tatildi.",Google üzerinde bir ay önce,,,,,,,,,,https://www.google.com/travel/hotels/entity/ChcI267av9v2hps2GgsvZy8xdGZkdmtjMBAB,
430,BOD113,Kadıkale Resort,Kadıkalesi,google_travel,5.0,5.0,5.0,,Merhabalar başka bir otele rezervasyon yaptırdım gittim rezalet otelle karşılaştım sonra tesadüfen kadıkale resort oteli buldum ilk karşılamada otel müdürü ile receptionda görüştüm halimi ve mağduriyetimi anlattım çok anlayışlı karşıladı ve otelde konaklama imkanımızı sağladı ilgisi ve alakası için öncelikle teşekkür ederim otel hizmet konum yemek çalışan güleryüzü yani anlatmakla bitmez mükemmel bir otel yönetimi karşıladı performans mükemmel temiz ve harika bir otel yani gerçekten de çok memnun kaldık otel çalışanları çok ilgiliydi oda temizliği mükemmel idi herkese tavsiye edeceğim bir otel şimdiden tekrar tekrar otel müdürü ve çalışanlarına çok teşekkür ederim,Google üzerinde 2 ay önce,,,,,,,,,,https://www.google.com/travel/hotels/entity/ChcI267av9v2hps2GgsvZy8xdGZkdmtjMBAB,
431,BOD113,Kadıkale Resort,Kadıkalesi,google_travel,5.0,5.0,5.0,,"Otelde 3 gün konakladık… İlk gün yemeklerden çok memnun kalmadık ama sonrasında her şey güzeldi. Mutfakta Mizgin bey ve çalışanlar son derece ilgili ve kibardı. Barda Fırat bey, Oğuz bey, Yaman bey, Emirhan bey güleryüzlüydü. Bizimle ilgilendiler. Oda temizliği çok iyiydi her gün temizlendi. Genel olarak memnun kaldık. Bütün çalışanlara teşekkür ederiz ☺️",Google üzerinde 2 ay önce,,,,,,,,,,https://www.google.com/travel/hotels/entity/ChcI267av9v2hps2GgsvZy8xdGZkdmtjMBAB,
432,BOD113,Kadıkale Resort,Kadıkalesi,google_travel,,,,,"İTİMAT OTOMOTİV BOSCH CAR HASAR
Google üzerinde 4 hafta önce",Google üzerinde 4 hafta önce,,,,,,,,,,https://www.google.com/travel/hotels/entity/ChcI267av9v2hps2GgsvZy8xdGZkdmtjMBAB,
433,BOD113,Kadıkale Resort,Kadıkalesi,google_travel,5.0,5.0,5.0,,İki aile olarak geldik ve çok memnun kaldık odalar temiz yemekler güzel çalışanlar güler yüzlü ve tesis gayet yeterli temiz. animasyon ekibi güzel her akşam bi eglence. çocuklara uygun. denizi taşlık tek kötü yanı bu sanırım çalışanların hepsine teşekkür ederiz özellikle gizem hanıma ayrıca teşekkür ederiz ilgisinden dolayı herkeze tavsiye ederiz.,Google üzerinde 4 hafta önce,,,,,,,,,,https://www.google.com/travel/hotels/entity/ChcI267av9v2hps2GgsvZy8xdGZkdmtjMBAB,
434,BOD113,Kadıkale Resort,Kadıkalesi,google_travel,5.0,5.0,5.0,,Öncelikle antalya side’de 20 yıl ön büro sektöründe yöneticilik yaptım. Biz memnun edilmesi zor bir ırkız onu çok iyi biliyorum. …,Tripadvisor üzerinde 2 ay önce,,,,,,,,,,https://www.google.com/travel/hotels/entity/ChcI267av9v2hps2GgsvZy8xdGZkdmtjMBAB,
