hotel_id,hotel_name,area,platform,source_url,detected_name,status,rows_added,started_at,finished_at,last_error
BOD002,Armonia Holiday Village & Spa,Akyarlar,trip,https://www.trip.com/hotels/bodrum-hotel-detail-3448104/armonia-holiday-village-and-spa-all-inclusive/,Armonia Holiday Village & Spa,COMPLETED,11,2026-08-26T09:12:20Z,2026-08-26T09:12:20Z,
BOD004,Bendis Beach Hotel,Akyarlar,trip,https://www.trip.com/hotels/akyarlar-mahallesi-hotel-detail-4416296/bendis-beach-hotel/,Bendis Beach Hotel,COMPLETED,11,2026-08-26T09:12:55Z,2026-08-26T09:12:55Z,
BOD007,Kefaluka Resort,Akyarlar,trip,https://www.trip.com/hotels/bodrum-hotel-detail-9894522/kefaluka-resort-ultra-all-inclusive/,Kefaluka Resort,COMPLETED,1,2026-08-26T09:13:32Z,2026-08-26T09:13:32Z,
BOD010,Mare Garden Hotel,Akyarlar,trip,https://us.trip.com/hotels/bodrum-hotel-detail-60107472/mare-garden-hotel/,Mare Garden Hotel,COMPLETED,2,2026-08-26T09:14:06Z,2026-08-26T09:14:06Z,
BOD011,"Radisson Collection Hotel, Bodrum",Akyarlar,trip,https://uk.trip.com/hotels/bodrum-hotel-detail-75487192/radisson-collection-hotel-bodrum/,"Radisson Collection Hotel, Bodrum",COMPLETED,11,2026-08-26T09:14:35Z,2026-08-26T09:14:35Z,
BOD012,Selectum Collection Bodrum,Akyarlar,trip,https://www.trip.com/hotels/bodrum-hotel-detail-7877878/selectum-collection-bodrum/,Selectum Collection Bodrum,COMPLETED,1,2026-08-26T09:15:10Z,2026-08-26T09:15:10Z,
BOD013,"Sentido Bellazure - Akyarlar, Bodrum / Turkey",Akyarlar,trip,https://uk.trip.com/hotels/bodrum-hotel-detail-10720331/sentido-bellazure-all-inclusive/,Bellazure Hotel,COMPLETED,8,2026-08-26T09:15:46Z,2026-08-26T09:15:46Z,
BOD014,Suum Bodrum Hotel & Beach,Akyarlar,trip,https://us.trip.com/hotels/bodrum-hotel-detail-116725989/suum-bodrum-hotel-beach/,SUUM BODRUM HOTEL & BEACH,COMPLETED,11,2026-08-26T09:16:35Z,2026-08-26T09:16:35Z,
BOD016,Xanadu Island,Akyarlar,trip,https://www.trip.com/hotels/akyarlar-mahallesi-hotel-detail-17508018/xanadu-island-hotel/,Xanadu Island,COMPLETED,11,2026-08-26T09:17:08Z,2026-08-26T09:17:08Z,
BOD051,Faros Bodrum Hotel Göltürkbükü,Göltürkbükü,trip,https://ae.trip.com/hotels/golturkbuku-hotel-detail-17200888/faros-bodrum-ex-villa-kilic-hotel/,Faros Hotel Bodrum - Special Category,WRONG_ENTITY,0,2026-08-26T09:17:44Z,2026-08-26T09:17:44Z,
BOD055,Lavinya Otel Göltürkbükü,Göltürkbükü,trip,https://www.trip.com/hotels/golturkbuku-hotel-detail-4067437/lavinya-otel/,Lavinya Otel,WRONG_ENTITY,0,2026-08-26T09:17:52Z,2026-08-26T09:17:52Z,
BOD056,"Mandarin Oriental, Bodrum",Göltürkbükü,trip,https://www.trip.com/hotels/bodrum-hotel-detail-1661001/mandarin-oriental-bodrum/,"Mandarin Oriental, Bodrum",COMPLETED,1,2026-08-26T09:18:03Z,2026-08-26T09:18:03Z,
BOD058,Bodrum Beach Resort,Gümbet,trip,https://us.trip.com/hotels/gumbet-hotel-detail-4057730/bodrum-beach-resort/,Bodrum Beach Resort,COMPLETED,1,2026-08-26T09:18:38Z,2026-08-26T09:18:38Z,
BOD059,Bodrum Hotel Baba,Gümbet,trip,https://ae.trip.com/hotels/gumbet-hotel-detail-7138850/hotel-baba-all-inclusive/,Hotel Baba,WRONG_ENTITY,0,2026-08-26T09:19:12Z,2026-08-26T09:19:12Z,
BOD071,Tropicana Beach Hotel,Gümbet,trip,https://my.trip.com/hotels/gumbet-hotel-detail-3139968/tropicana-beach/,Tropicana Beach,MANUAL_ACTION_REQUIRED,0,2026-08-26T09:19:25Z,2026-08-26T09:19:25Z,Yorum kartlari bulunamadi. Sayfa insan dogrulamasi gosteriyor veya Trip.com sayfa yapisini degistirmis olabilir.
BOD072,VERY CHIC BODRUM,Gümbet,trip,https://uk.trip.com/hotels/bodrum-hotel-detail-3448155/very-chic-bodrum-adult-only/,Very Chic Bodrum Adult Only,WRONG_ENTITY,0,2026-08-26T09:20:35Z,2026-08-26T09:20:35Z,
BOD073,Arriba Apartment & Restaurant & Bungalows,Gümüşlük,trip,https://www.trip.com/hotels/gumusluk-hotel-detail-96123030/arriba-apart-bungalow-restaurant/,Arriba Apart Bungalow Restaurant,WRONG_ENTITY,0,2026-08-26T09:20:46Z,2026-08-26T09:20:46Z,
BOD074,Begonvil Gümüşlük,Gümüşlük,trip,https://www.trip.com/hotels/gumusluk-hotel-detail-127410335/begonvil-gmlk/,BEGONVİL GÜMÜŞLÜK,COMPLETED,3,2026-08-26T09:20:57Z,2026-08-26T09:20:57Z,
BOD076,Gümüşlük No3,Gümüşlük,trip,https://www.trip.com/hotels/gumusluk-hotel-detail-109836085/gumusluk-no3/,Gumusluk No3,COMPLETED,5,2026-08-26T09:21:24Z,2026-08-26T09:21:24Z,
BOD078,Liman Hotel Gümüslük (Adult only),Gümüşlük,trip,https://www.trip.com/hotels/bodrum-hotel-detail-79101381/liman-hotel-gmslk-adult-only/,Liman Hotel Gümüslük - Adult Only,COMPLETED,11,2026-08-26T09:21:56Z,2026-08-26T09:21:56Z,
BOD007,Kefaluka Resort,Akyarlar,google_travel,https://www.google.com/travel/hotels/entity/CgsIqP3Kl9GCnvv4ARAB,Kefaluka Resort,COMPLETED,20,2026-08-26T09:27:19Z,2026-08-26T09:27:19Z,
BOD008,LA BREZZA SUITE &HOTEL,Akyarlar,google_travel,https://www.google.com/travel/hotels/entity/ChoIuoenmK7E3fPtARoNL2cvMTFwNWxtMV9jcBAB,LA BREZZA SUITE &HOTEL,COMPLETED,20,2026-08-26T09:28:13Z,2026-08-26T09:28:13Z,
BOD012,Selectum Collection Bodrum,Akyarlar,google_travel,https://www.google.com/travel/hotels/entity/ChgI-abrn5G19OiAARoLL2cvMXRzcjVkZG4QAQ,Selectum Collection Bodrum,VALID_ENTITY_NO_REVIEWS,0,2026-08-26T09:28:48Z,2026-08-26T09:28:48Z,
BOD013,"Sentido Bellazure - Akyarlar, Bodrum / Turkey",Akyarlar,google_travel,https://www.google.com/travel/hotels/entity/ChkI89S85_60gP2gARoML2cvMXE2anpicjRqEAE,"Sentido Bellazure - Akyarlar, Bodrum / Turkey",COMPLETED,20,2026-08-26T09:29:27Z,2026-08-26T09:29:27Z,
BOD036,Bodrium Hotel & SPA,Bodrum Merkez,google_travel,https://www.google.com/travel/hotels/entity/ChcIoPuags-X5e91GgsvZy8xdGQxMDhibhAB,Bodrium Hotel & SPA,COMPLETED,10,2026-08-26T09:30:07Z,2026-08-26T09:30:07Z,
BOD043,METT Hotel & Beach Resort Bodrum,Bodrum Merkez,google_travel,https://www.google.com/travel/hotels/entity/CgoInJap_Zjz_rc_EAE,METT Hotel & Beach Resort Bodrum,COMPLETED,10,2026-08-26T09:30:46Z,2026-08-26T09:30:46Z,
BOD045,Salmakis Resort & Spa,Bodrum Merkez,google_travel,https://www.google.com/travel/hotels/entity/ChgIhcWasvPa_bf0ARoLL2cvMXRjeTBfX2sQAQ,Salmakis Resort & Spa,COMPLETED,20,2026-08-26T09:31:26Z,2026-08-26T09:31:26Z,
BOD051,Faros Bodrum Hotel Göltürkbükü,Göltürkbükü,google_travel,https://www.google.com/travel/hotels/entity/ChkIw7-b487k1v8NGg0vZy8xMWY0bGh5NXY3EAE,Faros Bodrum Hotel Göltürkbükü,COMPLETED,20,2026-08-26T09:31:56Z,2026-08-26T09:31:56Z,
BOD055,Lavinya Otel Göltürkbükü,Göltürkbükü,google_travel,https://www.google.com/travel/hotels/entity/CgsIzujNwKKw17XYARAB,Lavinya Otel Göltürkbükü,COMPLETED,10,2026-08-26T09:32:29Z,2026-08-26T09:32:29Z,
BOD056,"Mandarin Oriental, Bodrum",Göltürkbükü,google_travel,https://www.google.com/travel/hotels/entity/ChgI0ZWL5OHIovcnGgwvZy8xcTY3cF82NzgQAQ,"Mandarin Oriental, Bodrum",COMPLETED,20,2026-08-26T09:33:04Z,2026-08-26T09:33:04Z,
BOD058,Bodrum Beach Resort,Gümbet,google_travel,https://www.google.com/travel/hotels/entity/ChgI6eX_zO-jka-3ARoLL2cvMXRqNXN5OGwQAQ,Bodrum Beach Resort.,VALID_ENTITY_NO_REVIEWS,0,2026-08-26T09:33:58Z,2026-08-26T09:33:58Z,
BOD059,Bodrum Hotel Baba,Gümbet,google_travel,https://www.google.com/travel/hotels/entity/CgoIp_uGjqeilrEjEAE,HOTEL BABA,WRONG_ENTITY,0,2026-08-26T09:34:44Z,2026-08-26T09:34:44Z,
BOD065,Mirada Exclusive Bodrum,Gümbet,google_travel,https://www.google.com/travel/hotels/entity/ChoIsqH9xsjG_r-rARoNL2cvMTFzbXQ1YjNqNxAB,Mirada Exclusive Bodrum,COMPLETED,20,2026-08-26T09:34:59Z,2026-08-26T09:34:59Z,
BOD066,Royal Asarlik Beach Hotel & Spa,Gümbet,google_travel,https://www.google.com/travel/hotels/entity/ChkI_76qtKi0wuyrARoML2cvMTJtOTFzNDl6EAE,Royal Asarlik Beach Hotel & Spa,COMPLETED,10,2026-08-26T09:35:38Z,2026-08-26T09:35:38Z,
BOD070,The Luvi Hotel,Gümbet,google_travel,https://www.google.com/travel/hotels/entity/ChgI0OmIl_qunPTFARoLL2cvMXRzeXh2eWMQAQ,The Luvi Hotel,COMPLETED,20,2026-08-26T09:36:18Z,2026-08-26T09:36:18Z,
BOD113,Kadıkale Resort,Kadıkalesi,google_travel,https://www.google.com/travel/hotels/entity/ChcI267av9v2hps2GgsvZy8xdGZkdmtjMBAB,Kadıkale Resort,COMPLETED,12,2026-08-26T09:36:56Z,2026-08-26T09:36:56Z,
BOD002,Armonia Holiday Village & Spa,Akyarlar,policies_trip,https://www.trip.com/hotels/bodrum-hotel-detail-3448104/armonia-holiday-village-and-spa-all-inclusive/,Armonia Holiday Village & Spa,PARTIAL,1,2026-08-26T09:42:08Z,2026-08-26T09:42:08Z,missing fields: kahvalti
BOD004,Bendis Beach Hotel,Akyarlar,policies_trip,https://www.trip.com/hotels/akyarlar-mahallesi-hotel-detail-4416296/bendis-beach-hotel/,Bendis Beach Hotel,PARTIAL,1,2026-08-26T09:42:23Z,2026-08-26T09:42:23Z,missing fields: cıkıs_saati
BOD007,Kefaluka Resort,Akyarlar,policies_trip,https://www.trip.com/hotels/bodrum-hotel-detail-9894522/kefaluka-resort-ultra-all-inclusive/,,SKIPPED_RESUME,0,2026-08-26T09:43:10Z,2026-08-26T09:43:10Z,
BOD010,Mare Garden Hotel,Akyarlar,policies_trip,https://us.trip.com/hotels/bodrum-hotel-detail-60107472/mare-garden-hotel/,Mare Garden Hotel,PARTIAL,1,2026-08-26T09:43:10Z,2026-08-26T09:43:10Z,"missing fields: giris_saati, cıkıs_saati"
BOD011,"Radisson Collection Hotel, Bodrum",Akyarlar,policies_trip,https://uk.trip.com/hotels/bodrum-hotel-detail-75487192/radisson-collection-hotel-bodrum/,"Radisson Collection Hotel, Bodrum",PARTIAL,1,2026-08-26T09:44:30Z,2026-08-26T09:44:30Z,"missing fields: cıkıs_saati, bebek_ve_ek_yatak"
BOD012,Selectum Collection Bodrum,Akyarlar,policies_trip,https://www.trip.com/hotels/bodrum-hotel-detail-7877878/selectum-collection-bodrum/,,SKIPPED_RESUME,0,2026-08-26T09:45:17Z,2026-08-26T09:45:17Z,
BOD013,"Sentido Bellazure - Akyarlar, Bodrum / Turkey",Akyarlar,policies_trip,https://uk.trip.com/hotels/bodrum-hotel-detail-10720331/sentido-bellazure-all-inclusive/,,SKIPPED_RESUME,0,2026-08-26T09:45:17Z,2026-08-26T09:45:17Z,
BOD014,Suum Bodrum Hotel & Beach,Akyarlar,policies_trip,https://us.trip.com/hotels/bodrum-hotel-detail-116725989/suum-bodrum-hotel-beach/,SUUM BODRUM HOTEL & BEACH,COMPLETE,1,2026-08-26T09:45:17Z,2026-08-26T09:45:17Z,
BOD016,Xanadu Island,Akyarlar,policies_trip,https://www.trip.com/hotels/akyarlar-mahallesi-hotel-detail-17508018/xanadu-island-hotel/,Xanadu Island,PARTIAL,1,2026-08-26T09:45:34Z,2026-08-26T09:45:34Z,"missing fields: cıkıs_saati, kahvalti, hizmet_hayvanları"
BOD051,Faros Bodrum Hotel Göltürkbükü,Göltürkbükü,policies_trip,https://ae.trip.com/hotels/golturkbuku-hotel-detail-17200888/faros-bodrum-ex-villa-kilic-hotel/,Faros Hotel Bodrum - Special Category,WRONG_ENTITY,0,2026-08-26T09:46:21Z,2026-08-26T09:46:21Z,
BOD055,Lavinya Otel Göltürkbükü,Göltürkbükü,policies_trip,https://www.trip.com/hotels/golturkbuku-hotel-detail-4067437/lavinya-otel/,Lavinya Otel,WRONG_ENTITY,0,2026-08-26T09:46:32Z,2026-08-26T09:46:32Z,
BOD056,"Mandarin Oriental, Bodrum",Göltürkbükü,policies_trip,https://www.trip.com/hotels/bodrum-hotel-detail-1661001/mandarin-oriental-bodrum/,,SKIPPED_RESUME,0,2026-08-26T09:46:41Z,2026-08-26T09:46:41Z,
BOD058,Bodrum Beach Resort,Gümbet,policies_trip,https://us.trip.com/hotels/gumbet-hotel-detail-4057730/bodrum-beach-resort/,,SKIPPED_RESUME,0,2026-08-26T09:46:41Z,2026-08-26T09:46:41Z,
BOD059,Bodrum Hotel Baba,Gümbet,policies_trip,https://ae.trip.com/hotels/gumbet-hotel-detail-7138850/hotel-baba-all-inclusive/,Hotel Baba,WRONG_ENTITY,0,2026-08-26T09:46:41Z,2026-08-26T09:46:41Z,
BOD071,Tropicana Beach Hotel,Gümbet,policies_trip,https://my.trip.com/hotels/gumbet-hotel-detail-3139968/tropicana-beach/,,PAGE_ERROR,0,2026-08-26T09:46:51Z,2026-08-26T09:46:51Z,Message:
BOD072,VERY CHIC BODRUM,Gümbet,policies_trip,https://uk.trip.com/hotels/bodrum-hotel-detail-3448155/very-chic-bodrum-adult-only/,Very Chic Bodrum Adult Only,WRONG_ENTITY,0,2026-08-26T09:47:27Z,2026-08-26T09:47:27Z,
BOD073,Arriba Apartment & Restaurant & Bungalows,Gümüşlük,policies_trip,https://www.trip.com/hotels/gumusluk-hotel-detail-96123030/arriba-apart-bungalow-restaurant/,Arriba Apart Bungalow Restaurant,WRONG_ENTITY,0,2026-08-26T09:47:36Z,2026-08-26T09:47:36Z,
BOD074,Begonvil Gümüşlük,Gümüşlük,policies_trip,https://www.trip.com/hotels/gumusluk-hotel-detail-127410335/begonvil-gmlk/,BEGONVİL GÜMÜŞLÜK,PARTIAL,1,2026-08-26T09:47:46Z,2026-08-26T09:47:46Z,"missing fields: giris_saati, cıkıs_saati, kahvalti, evcil_hayvan, hizmet_hayvanları, yas_sarti"
BOD076,Gümüşlük No3,Gümüşlük,policies_trip,https://www.trip.com/hotels/gumusluk-hotel-detail-109836085/gumusluk-no3/,Gumusluk No3,PARTIAL,1,2026-08-26T09:49:04Z,2026-08-26T09:49:04Z,"missing fields: giris_saati, cıkıs_saati, kahvalti, evcil_hayvan, hizmet_hayvanları"
BOD078,Liman Hotel Gümüslük (Adult only),Gümüşlük,policies_trip,https://www.trip.com/hotels/bodrum-hotel-detail-79101381/liman-hotel-gmslk-adult-only/,Liman Hotel Gümüslük - Adult Only,PARTIAL,1,2026-08-26T09:50:23Z,2026-08-26T09:50:23Z,missing fields: cıkıs_saati
BOD001,Aksoy Taş Ev,Akyarlar,google_travel,https://www.google.com/travel/hotels/entity/ChkIxM3gn6-Mx41DGg0vZy8xMXJuYl92MnZnEAE?q=Aksoy%20Ta%C5%9F%20Ev%20Akyarlar%20Bodrum&ved=2ahUKEwitl7jilb6WAxVUBgYAHS1tBGUQvukIegQIAxAC&ts=CAAaGhIYEhIKBwjqDxAJGAcSBwjqDxAJGAgyAggAKgIKAA,Aksoy Taş Ev,COMPLETED,20,2026-08-26T12:56:05Z,2026-08-26T12:56:05Z,
BOD002,Armonia Holiday Village & Spa,Akyarlar,google_travel,https://www.google.com/travel/hotels/entity/ChcIib6os8m5kedkGgsvZy8xdGdkd24xZBAB?q=Armonia%20Holiday%20Village%20%26%20Spa%20Akyarlar%20Bodrum&ved=2ahUKEwjt_JDplb6WAxV9QEECHTAXHqwQvukIegQIAxAC&ts=CAAaGhIYEhIKBwjqDxAJGAcSBwjqDxAJGAgyAggCKgIKAA,Armonia Holiday Village & Spa,COMPLETED,10,2026-08-26T12:56:27Z,2026-08-26T12:56:27Z,
BOD003,ASPAT HOTEL BODRUM Beach Restaurant,Akyarlar,google_travel,https://www.google.com/travel/hotels/entity/ChkI_fH789a1ipI4Gg0vZy8xMXR4bDRma2tiEAE?q=ASPAT%20HOTEL%20BODRUM%20Beach%20Restaurant%20Akyarlar%20Bodrum&ved=2ahUKEwiuiazwlb6WAxXsakECHVPSOXkQvukIegQIAxAC&ts=CAAaGhIYEhIKBwjqDxAJGAcSBwjqDxAJGAgyAggCKgcKBToDVFJZ,ASPAT HOTEL BODRUM Beach Restaurant,COMPLETED,20,2026-08-26T12:57:08Z,2026-08-26T12:57:08Z,
BOD004,Bendis Beach Hotel,Akyarlar,google_travel,https://www.google.com/travel/hotels/entity/ChcI-p_dtL_R4bl3GgsvZy8xdGZyN2htMhAB?q=Bendis%20Beach%20Hotel%20Akyarlar%20Bodrum&ved=2ahUKEwjT-_z2lb6WAxXtZkECHZ0_DHgQvukIegQIAxAC&ts=CAAaGhIYEhIKBwjqDxAJGAcSBwjqDxAJGAgyAggCKgcKBToDVFJZ,Bendis Beach Hotel,COMPLETED,10,2026-08-26T12:57:30Z,2026-08-26T12:57:30Z,
BOD005,ByAkkan,Akyarlar,google_travel,https://www.google.com/travel/hotels/entity/ChoI1N7IttjHkMeqARoNL2cvMTF0MzM5a3h4aBAB?q=ByAkkan%20Akyarlar%20Bodrum&ved=2ahUKEwjIr8_9lb6WAxVyIwYAHWzxDSAQvukIegQIAxAC&ts=CAAaGhIYEhIKBwjqDxAJGAcSBwjqDxAJGAgyAggCKgcKBToDVFJZ,ByAkkan,COMPLETED,10,2026-08-26T12:58:11Z,2026-08-26T12:58:11Z,
BOD006,Club Marma Hotel,Akyarlar,google_travel,https://www.google.com/travel/hotels/entity/ChkIj8qbsqi-7bAUGg0vZy8xMXEyeWtoNF8yEAE?q=Club%20Marma%20Hotel%20Akyarlar%20Bodrum&ved=2ahUKEwj_yYuElr6WAxVRe0ECHVDNCIwQvukIegQIAxAC&ts=CAAaGhIYEhIKBwjqDxAJGAcSBwjqDxAJGAgyAggCKgIKAA,Club Marma Hotel,COMPLETED,10,2026-08-26T12:58:44Z,2026-08-26T12:58:44Z,
BOD007,Kefaluka Resort,Akyarlar,google_travel,https://www.google.com/travel/hotels/entity/CgsIqP3Kl9GCnvv4ARAB,Kefaluka Resort,COMPLETED,20,2026-08-26T12:59:23Z,2026-08-26T12:59:23Z,
BOD008,LA BREZZA SUITE &HOTEL,Akyarlar,google_travel,https://www.google.com/travel/hotels/entity/ChoIuoenmK7E3fPtARoNL2cvMTFwNWxtMV9jcBAB,LA BREZZA SUITE &HOTEL,VALID_ENTITY_NO_REVIEWS,0,2026-08-26T13:00:48Z,2026-08-26T13:00:48Z,
BOD010,Mare Garden Hotel,Akyarlar,google_travel,https://www.google.com/travel/hotels/entity/ChoI46nXrt78--3mARoNL2cvMTFqOTJjZHdqZxAB?q=Mare%20Garden%20Hotel%20Akyarlar%20Bodrum&ved=2ahUKEwic3diRlr6WAxVjg3wGHQE6LnYQvukIegQIAxAC&ts=CAAaGhIYEhIKBwjqDxAJGAcSBwjqDxAJGAgyAggCKgcKBToDVFJZ,Mare Garden Hotel,COMPLETED,10,2026-08-26T13:01:35Z,2026-08-26T13:01:35Z,
BOD011,"Radisson Collection Hotel, Bodrum",Akyarlar,google_travel,https://www.google.com/travel/hotels/entity/ChoI2P6A2dPx45zGARoNL2cvMTFwYzRzdmNoORAB?q=Radisson%20Collection%20Hotel%2C%20Bodrum%20Akyarlar%20Bodrum&ved=2ahUKEwjszO-Xlr6WAxXABQYAHdCYLG8QvukIegQIAxAC&ts=CAAaGhIYEhIKBwjqDxAJGAcSBwjqDxAJGAgyAggCKgcKBToDVFJZ,"Radisson Collection Hotel, Bodrum",COMPLETED,10,2026-08-26T13:02:18Z,2026-08-26T13:02:18Z,
BOD012,Selectum Collection Bodrum,Akyarlar,google_travel,https://www.google.com/travel/hotels/entity/ChgI-abrn5G19OiAARoLL2cvMXRzcjVkZG4QAQ,Selectum Collection Bodrum,VALID_ENTITY_NO_REVIEWS,0,2026-08-26T13:02:54Z,2026-08-26T13:02:54Z,
BOD013,"Sentido Bellazure - Akyarlar, Bodrum / Turkey",Akyarlar,google_travel,https://www.google.com/travel/hotels/entity/ChkI89S85_60gP2gARoML2cvMXE2anpicjRqEAE,"Sentido Bellazure - Akyarlar, Bodrum / Turkey",COMPLETED,20,2026-08-26T13:03:33Z,2026-08-26T13:03:33Z,
BOD014,Suum Bodrum Hotel & Beach,Akyarlar,google_travel,https://www.google.com/travel/hotels/entity/ChkI-e2c7Lvi3so-Gg0vZy8xMXZscmIxNWZwEAE?q=Suum%20Bodrum%20Hotel%20%26%20Beach%20Akyarlar%20Bodrum&ts=CAAaGhIYEhIKBwjqDxAJGAcSBwjqDxAJGAgyAggCKgcKBToDVFJZ&ved=2ahUKEwjDy8-elr6WAxWJOQYAHSpSBBkQvukIegQIAxAC,Suum Bodrum Hotel & Beach,COMPLETED,10,2026-08-26T13:04:37Z,2026-08-26T13:04:37Z,
BOD016,Xanadu Island,Akyarlar,google_travel,https://www.google.com/travel/hotels/entity/ChcIgv_kqOT446h4GgsvZy8xdGZsdjYzORAB?q=Xanadu%20Island%20Akyarlar%20Bodrum&ved=2ahUKEwjM05Gulr6WAxWJOQYAHSpSBBkQvukIegQIAxAC&ts=CAAaGhIYEhIKBwjqDxAJGAcSBwjqDxAJGAgyAggCKgIKAA,Xanadu Island,COMPLETED,10,2026-08-26T13:05:18Z,2026-08-26T13:05:18Z,
BOD020,Bitez Risa Hotel,Bitez,google_travel,https://www.google.com/travel/hotels/entity/ChgIqLSo4o_E9rtUGgwvZy8xMXkwbmxzajUQAQ?q=Bitez%20Risa%20Hotel%20Bitez%20Bodrum&ts=CAAaGhIYEhIKBwjqDxAJGAcSBwjqDxAJGAgyAggCKgcKBToDVFJZ&ved=2ahUKEwiFk4DQlr6WAxVRe0ECHVDNCIwQvukIegQIAxAC,Bitez Risa Hotel,COMPLETED,20,2026-08-26T13:05:59Z,2026-08-26T13:05:59Z,
BOD021,"Caresse, a Luxury Collection Resort & Spa, Bodrum",Bitez,google_travel,https://www.google.com/travel/hotels/entity?q=Caresse%2C%20a%20Luxury%20Collection%20Resort%20%26%20Spa%2C%20Bodrum%20Bitez%20Bodrum&ved=2ahUKEwini8XWlr6WAxUWfUECHUCNEIAQvukIegUIAxDSAw&ts=CAEaNwoZEhcKDS9nLzExYnZfZGtzcHE6BkJvZHJ1bRIaEhQKBwjqDxAJGAcSBwjqDxAJGAgYATICCAIqBwoFOgNUUlk&rp=OAFIAg,"Caresse, A Luxury Collection Resort & Spa, Bodrum · 125 sonuç",VALID_ENTITY_NO_REVIEWS,0,2026-08-26T13:06:26Z,2026-08-26T13:06:26Z,
BOD024,HAKAN OTEL,Bitez,google_travel,https://www.google.com/travel/hotels/entity/ChcI4LLmvM7ss58xGgsvZy8xdGQ0NHA1NxAB?q=HAKAN%20OTEL%20Bitez%20Bodrum&ved=2ahUKEwjH76Pvlr6WAxXEUEECHRaaAcIQvukIegQIAxAC&ts=CAAaGhIYEhIKBwjqDxAJGAcSBwjqDxAJGAgyAggCKgcKBToDVFJZ,HAKAN OTEL,COMPLETED,11,2026-08-26T13:07:08Z,2026-08-26T13:07:08Z,
BOD025,Halikarya Hotel & Restaurant Beach,Bitez,google_travel,https://www.google.com/travel/hotels/entity/ChkI6pWuqJPY-ZwEGg0vZy8xMXlnXzFkejZ5EAE?q=Halikarya%20Hotel%20%26%20Restaurant%20Beach%20Bitez%20Bodrum&ved=2ahUKEwiRzOv1lr6WAxXLdkECHR00OEEQvukIegQIAxAC&ts=CAAaGhIYEhIKBwjqDxAJGAcSBwjqDxAJGAgyAggCKgcKBToDVFJZ,Halikarya Hotel & Restaurant Beach,COMPLETED,10,2026-08-26T13:07:43Z,2026-08-26T13:07:43Z,
BOD026,Manuela Otel Bitez,Bitez,google_travel,https://www.google.com/travel/hotels/entity/ChcI-qjp_pHNlqM9GgsvZy8xdGR2OF8zcRAB?q=Manuela%20Otel%20Bitez%20Bitez%20Bodrum&ts=CAAaGhIYEhIKBwjqDxAJGAcSBwjqDxAJGAgyAggCKgIKAA&ved=2ahUKEwiqx4L_lr6WAxU2fUECHaUZLGAQvukIegQIAxAC&ap=KigKEgl4sK3fJoNCQBFTmHQQXmE7QBISCWCjDhXSg0JAEVOYdISOYjtA,Manuela Otel Bitez,COMPLETED,10,2026-08-26T13:08:31Z,2026-08-26T13:08:31Z,
BOD030,Natur Garden Hotel Bitez Bodrum,Bitez,google_travel,https://www.google.com/travel/hotels/entity/ChgI_YuOi7bAtqT2ARoLL2cvMXRkdDNmeWgQAQ?q=Natur%20Garden%20Hotel%20Bitez%20Bodrum%20Bitez%20Bodrum&ved=2ahUKEwicu8-hl76WAxUZlnwGHTIDEYQQvukIegQIAxAC&ts=CAAaGhIYEhIKBwjqDxAJGAcSBwjqDxAJGAgyAggCKgIKAA,Natur Garden Hotel Bitez Bodrum,COMPLETED,10,2026-08-26T13:09:07Z,2026-08-26T13:09:07Z,
BOD031,Okaliptus Otel,Bitez,google_travel,https://www.google.com/travel/hotels/entity/ChcImKD7qd_k4OsZGgsvZy8xdHA2OHFfNhAB?q=Okaliptus%20Otel%20Bitez%20Bodrum&ved=2ahUKEwikzJWol76WAxWoAwYAHfHqA1MQvukIegQIAxAC&ts=CAAaGhIYEhIKBwjqDxAJGAcSBwjqDxAJGAgyAggCKgcKBToDVFJZ,Okaliptus Otel,COMPLETED,10,2026-08-26T13:09:50Z,2026-08-26T13:09:50Z,
BOD032,Paloma Family Club Bitez,Bitez,google_travel,https://www.google.com/travel/hotels/entity/ChgIpr3nq9uz05WXARoLL2cvMXRuZGdtajEQAQ?q=Paloma%20Family%20Club%20Bitez%20Bitez%20Bodrum&ts=CAAaGhIYEhIKBwjqDxAJGAcSBwjqDxAJGAgyAggCKgcKBToDVFJZ&ved=2ahUKEwi03pKvl76WAxWqj3wGHX_GF08QvukIegQIAxAC,Paloma Family Club Bitez,COMPLETED,20,2026-08-26T13:10:30Z,2026-08-26T13:10:30Z,
BOD033,Ramada Resort by Wyndham Bodrum,Bitez,google_travel,https://www.google.com/travel/hotels/entity/ChcI_6azjs-vhudnGgsvZy8xdnBnajBfeRAB?q=Ramada%20Resort%20by%20Wyndham%20Bodrum%20Bitez%20Bodrum&ved=2ahUKEwjp_9K1l76WAxXmZkECHYt_Ff8QvukIegQIAxAC&ts=CAAaGhIYEhIKBwjqDxAJGAcSBwjqDxAJGAgyAggCKgcKBToDVFJZ,Ramada Resort by Wyndham Bodrum,COMPLETED,20,2026-08-26T13:11:00Z,2026-08-26T13:11:00Z,
BOD034,Çınar Butik Otel Bodrum,Bitez,google_travel,https://www.google.com/travel/hotels/entity/ChkIkpWL3r_aqPFYGg0vZy8xMXBrbHRreHgxEAE?q=%C3%87%C4%B1nar%20Butik%20Otel%20Bodrum%20Bitez%20Bodrum&ts=CAAaGhIYEhIKBwjqDxAJGAcSBwjqDxAJGAgyAggCKgcKBToDVFJZ&ved=2ahUKEwigxKu8l76WAxUrBQYAHeURI20QvukIegQIAxAC,Çınar Butik Otel Bodrum,COMPLETED,10,2026-08-26T13:11:54Z,2026-08-26T13:11:54Z,
BOD036,Bodrium Hotel & SPA,Bodrum Merkez,google_travel,https://www.google.com/travel/hotels/entity/ChcIoPuags-X5e91GgsvZy8xdGQxMDhibhAB,Bodrium Hotel & SPA,VALID_ENTITY_NO_REVIEWS,0,2026-08-26T13:12:36Z,2026-08-26T13:12:36Z,
BOD043,METT Hotel & Beach Resort Bodrum,Bodrum Merkez,google_travel,https://www.google.com/travel/hotels/entity/CgoInJap_Zjz_rc_EAE,METT Hotel & Beach Resort Bodrum,VALID_ENTITY_NO_REVIEWS,0,2026-08-26T13:13:24Z,2026-08-26T13:13:24Z,
BOD045,Salmakis Resort & Spa,Bodrum Merkez,google_travel,https://www.google.com/travel/hotels/entity/ChgIhcWasvPa_bf0ARoLL2cvMXRjeTBfX2sQAQ,Salmakis Resort & Spa,COMPLETED,20,2026-08-26T13:14:05Z,2026-08-26T13:14:05Z,
BOD048,Babana Hotel,Göltürkbükü,google_travel,https://www.google.com/travel/hotels/entity/ChgIgNK0_4KY6YacARoLL2cvMXZsMGJua18QAQ?q=Babana%20Hotel%20G%C3%B6lt%C3%BCrkb%C3%BCk%C3%BC%20Bodrum&ved=2ahUKEwjQpLjlmL6WAxUyNAYAHVnoHX4QvukIegQIAxAC&ts=CAAaGhIYEhIKBwjqDxAJGAcSBwjqDxAJGAgyAggCKgcKBToDVFJZ,Babana Hotel,COMPLETED,10,2026-08-26T13:14:55Z,2026-08-26T13:14:55Z,
BOD049,Casa Del Mar Bodrum,Göltürkbükü,google_travel,https://www.google.com/travel/hotels/entity/ChkIiayplb67m6cGGg0vZy8xMWo3eV9jOTZkEAE?q=Casa%20Del%20Mar%20Bodrum%20G%C3%B6lt%C3%BCrkb%C3%BCk%C3%BC%20Bodrum&ts=CAAaGhIYEhIKBwjqDxAJGAcSBwjqDxAJGAgyAggCKgcKBToDVFJZ&ved=2ahUKEwjok57umL6WAxW6OwYAHaONGRIQvukIegQIAxAC,Casa Del Mar Bodrum,COMPLETED,20,2026-08-26T13:16:14Z,2026-08-26T13:16:14Z,
BOD051,Faros Bodrum Hotel Göltürkbükü,Göltürkbükü,google_travel,https://www.google.com/travel/hotels/entity/ChkIw7-b487k1v8NGg0vZy8xMWY0bGh5NXY3EAE,Faros Bodrum Hotel Göltürkbükü,COMPLETED,1,2026-08-26T13:16:38Z,2026-08-26T13:16:38Z,
BOD052,Flamm Bodrum,Göltürkbükü,google_travel,https://www.google.com/travel/hotels/entity/ChgInJybosXOnaMNGgwvZy8xMWdfYjNyOGgQAQ?q=Flamm%20Bodrum%20G%C3%B6lt%C3%BCrkb%C3%BCk%C3%BC%20Bodrum&ts=CAAaGhIYEhIKBwjqDxAJGAcSBwjqDxAJGAgyAggCKgcKBToDVFJZ&ved=2ahUKEwjqms2Mmb6WAxWqj3wGHX_GF08QvukIegQIAxAC,Flamm Bodrum,COMPLETED,20,2026-08-26T13:17:22Z,2026-08-26T13:17:22Z,
BOD054,Lavinya Maison,Göltürkbükü,google_travel,https://www.google.com/travel/hotels/entity/ChkIkdO_vraRyObAARoML2cvMTEzZnYybXpoEAE?q=Lavinya%20Maison%20G%C3%B6lt%C3%BCrkb%C3%BCk%C3%BC%20Bodrum&ved=2ahUKEwj73Micmb6WAxWLPQYAHU6NKEoQvukIegQIAxAC&ts=CAAaGhIYEhIKBwjqDxAJGAcSBwjqDxAJGAgyAggCKgIKAA,Lavinya Maison,COMPLETED,10,2026-08-26T13:17:51Z,2026-08-26T13:17:51Z,
BOD055,Lavinya Otel Göltürkbükü,Göltürkbükü,google_travel,https://www.google.com/travel/hotels/entity/CgsIzujNwKKw17XYARAB,Lavinya Otel Göltürkbükü,VALID_ENTITY_NO_REVIEWS,0,2026-08-26T13:18:24Z,2026-08-26T13:18:24Z,
BOD056,"Mandarin Oriental, Bodrum",Göltürkbükü,google_travel,https://www.google.com/travel/hotels/entity/ChgI0ZWL5OHIovcnGgwvZy8xcTY3cF82NzgQAQ,"Mandarin Oriental, Bodrum",COMPLETED,10,2026-08-26T13:18:57Z,2026-08-26T13:18:57Z,
BOD057,Selvi Bodrum,Göltürkbükü,google_travel,https://www.google.com/travel/hotels/entity/ChgIwemp-sDO7cQMGgwvZy8xMnE0dGc5X3oQAQ?q=Selvi%20Bodrum%20G%C3%B6lt%C3%BCrkb%C3%BCk%C3%BC%20Bodrum&ved=2ahUKEwiXs62jmb6WAxVkZUECHQD6KnsQvukIegQIAxAC&ts=CAAaGhIYEhIKBwjqDxAJGAcSBwjqDxAJGAgyAggCKgIKAA,Selvi Bodrum,COMPLETED,20,2026-08-26T13:20:34Z,2026-08-26T13:20:34Z,
BOD058,Bodrum Beach Resort,Gümbet,google_travel,https://www.google.com/travel/hotels/entity/ChgI6eX_zO-jka-3ARoLL2cvMXRqNXN5OGwQAQ,Bodrum Beach Resort.,VALID_ENTITY_NO_REVIEWS,0,2026-08-26T13:21:38Z,2026-08-26T13:21:38Z,
BOD059,Bodrum Hotel Baba,Gümbet,google_travel,https://www.google.com/travel/hotels/entity/CgoIp_uGjqeilrEjEAE,HOTEL BABA,WRONG_ENTITY,0,2026-08-26T13:22:16Z,2026-08-26T13:22:16Z,
BOD060,Club Shark Hotel,Gümbet,google_travel,https://www.google.com/travel/hotels/entity/ChgImcHF4_qzsKm5ARoLL2cvMXRkamxta2sQAQ?q=Club%20Shark%20Hotel%20G%C3%BCmbet%20Bodrum&ts=CAAaGhIYEhIKBwjqDxAJGAcSBwjqDxAJGAgyAggCKgcKBToDVFJZ&ved=2ahUKEwih6eCqmb6WAxXBaEECHSFvFZkQvukIegQIAxAC,Club Shark Hotel,COMPLETED,20,2026-08-26T13:22:26Z,2026-08-26T13:22:26Z,
BOD061,Gümbet Anıl Beach,Gümbet,google_travel,https://www.google.com/travel/hotels/entity/ChgI-8jIhJzX8relARoLL2cvMXRmZjBiXzYQAQ?q=G%C3%BCmbet%20An%C4%B1l%20Beach%20G%C3%BCmbet%20Bodrum&ved=2ahUKEwjnj7uxmb6WAxVEi3wGHT5JC3YQvukIegQIAxAC&ts=CAAaGhIYEhIKBwjqDxAJGAcSBwjqDxAJGAgyAggCKgIKAA,Gümbet Anıl Beach,COMPLETED,20,2026-08-26T13:22:50Z,2026-08-26T13:22:50Z,
BOD063,Jasmin Beach Hotel,Gümbet,google_travel,https://www.google.com/travel/hotels/entity/ChgIm7Skp6jayo0JGgwvZy8xaGRfZDR0MTkQAQ?q=Jasmin%20Beach%20Hotel%20G%C3%BCmbet%20Bodrum&ts=CAAaGhIYEhIKBwjqDxAJGAcSBwjqDxAJGAgyAggCKgcKBToDVFJZ&ved=2ahUKEwjUhqm_mb6WAxVRe0ECHVDNCIwQvukIegQIAxAC,Jasmin Beach Hotel,COMPLETED,20,2026-08-26T13:23:16Z,2026-08-26T13:23:16Z,
BOD064,Jasmin Elite Residence & Spa,Gümbet,google_travel,https://www.google.com/travel/hotels/entity/ChgIgZSIp_O8x3MaDS9nLzExZnh3c3pqeDAQAQ?q=Jasmin%20Elite%20Residence%20%26%20Spa%20G%C3%BCmbet%20Bodrum&ts=CAAaGhIYEhIKBwjqDxAJGAcSBwjqDxAJGAgyAggCKgcKBToDVFJZ&ved=2ahUKEwj5kpLGmb6WAxVkZUECHQD6KnsQvukIegQIAxAC,Jasmin Elite Residence & Spa,COMPLETED,20,2026-08-26T13:23:55Z,2026-08-26T13:23:55Z,
BOD065,Mirada Exclusive Bodrum,Gümbet,google_travel,https://www.google.com/travel/hotels/entity/ChoIsqH9xsjG_r-rARoNL2cvMTFzbXQ1YjNqNxAB,Mirada Exclusive Bodrum,COMPLETED,1,2026-08-26T13:24:20Z,2026-08-26T13:24:20Z,
BOD066,Royal Asarlik Beach Hotel & Spa,Gümbet,google_travel,https://www.google.com/travel/hotels/entity/ChkI_76qtKi0wuyrARoML2cvMTJtOTFzNDl6EAE,Royal Asarlik Beach Hotel & Spa,VALID_ENTITY_NO_REVIEWS,0,2026-08-26T13:25:13Z,2026-08-26T13:25:13Z,
BOD067,Sami Beach Hotel,Gümbet,google_travel,https://www.google.com/travel/hotels/entity/ChkIx5-i2Nn1nZSQARoML2cvMTEzZHFwbTdwEAE?q=Sami%20Beach%20Hotel%20G%C3%BCmbet%20Bodrum&ts=CAAaGhIYEhIKBwjqDxAJGAcSBwjqDxAJGAgyAggCKgIKAA&ved=2ahUKEwjkiN_Mmb6WAxXBaEECHSFvFZkQvukIegQIAxAC,Sami Beach Hotel,COMPLETED,20,2026-08-26T13:25:53Z,2026-08-26T13:25:53Z,
BOD068,Selectum Colours Bodrum,Gümbet,google_travel,https://www.google.com/travel/hotels/entity/ChkIiavW48r20LIjGg0vZy8xMWZuNjFqcXI4EAE?q=Selectum%20Colours%20Bodrum%20G%C3%BCmbet%20Bodrum&ved=2ahUKEwjvuN3Tmb6WAxVEi3wGHT5JC3YQvukIegQIAxAC&ts=CAAaGhIYEhIKBwjqDxAJGAcSBwjqDxAJGAgyAggCKgcKBToDVFJZ,Selectum Colours Bodrum,COMPLETED,10,2026-08-26T13:26:20Z,2026-08-26T13:26:20Z,
BOD070,The Luvi Hotel,Gümbet,google_travel,https://www.google.com/travel/hotels/entity/ChgI0OmIl_qunPTFARoLL2cvMXRzeXh2eWMQAQ,The Luvi Hotel,COMPLETED,10,2026-08-26T13:27:01Z,2026-08-26T13:27:01Z,
BOD071,Tropicana Beach Hotel,Gümbet,google_travel,https://www.google.com/travel/hotels/entity/ChgIt8eM1NGWrOeJARoLL2cvMXRkcmhrdGsQAQ?q=Tropicana%20Beach%20Hotel%20G%C3%BCmbet%20Bodrum&ts=CAAaGhIYEhIKBwjqDxAJGAcSBwjqDxAJGAgyAggCKgcKBToDVFJZ&ved=2ahUKEwizr9_jmb6WAxVoh3wGHUiKCLMQvukIegQIAxAC,Tropicana Beach Hotel,COMPLETED,20,2026-08-26T13:28:02Z,2026-08-26T13:28:02Z,
BOD073,Arriba Apartment & Restaurant & Bungalows,Gümüşlük,google_travel,https://www.google.com/travel/hotels/entity/ChkItPHf3uPq-rBzGg0vZy8xMWI2ZHFiNmw5EAE?q=Arriba%20Apartment%20%26%20Restaurant%20%26%20Bungalows%20G%C3%BCm%C3%BC%C5%9Fl%C3%BCk%20Bodrum&ts=CAAaGhIYEhIKBwjqDxAJGAcSBwjqDxAJGAgyAggCKgcKBToDVFJZ&ved=2ahUKEwiDiJ_ymb6WAxUAWEECHaQdIG8QvukIegQIAxAC,Arriba Apartment & Restaurant & Bungalows,COMPLETED,20,2026-08-26T13:28:27Z,2026-08-26T13:28:27Z,
BOD074,Begonvil Gümüşlük,Gümüşlük,google_travel,https://www.google.com/travel/hotels/entity/ChoIy9G07sGTgtCOARoNL2cvMTF2NDhubGtkORAB?q=Begonvil%20G%C3%BCm%C3%BC%C5%9Fl%C3%BCk%20G%C3%BCm%C3%BC%C5%9Fl%C3%BCk%20Bodrum&ts=CAAaGhIYEhIKBwjqDxAJGAcSBwjqDxAJGAgyAggCKgcKBToDVFJZ&ved=2ahUKEwi_uPL6mb6WAxXEIQYAHYN4OBMQvukIegQIAxAC,Begonvil Gümüşlük,COMPLETED,20,2026-08-26T13:28:48Z,2026-08-26T13:28:48Z,
BOD077,Ladonia Hotels Zemda,Gümüşlük,google_travel,https://www.google.com/travel/hotels/entity/ChgI74a6--jat-CbARoLL2cvMXRkajFqa3EQAQ?q=Ladonia%20Hotels%20Zemda%20G%C3%BCm%C3%BC%C5%9Fl%C3%BCk%20Bodrum&ts=CAAaGhIYEhIKBwjqDxAJGAcSBwjqDxAJGAgyAggCKgcKBToDVFJZ&ved=2ahUKEwiI5bOXmr6WAxU2fUECHaUZLGAQvukIegQIAxAC,Ladonia Hotels Zemda,COMPLETED,20,2026-08-26T13:29:12Z,2026-08-26T13:29:12Z,
BOD080,Myndos Oda & kahvalti,Gümüşlük,google_travel,https://www.google.com/travel/hotels/entity/ChgIqqvF8smdko4KGgwvZy8xaGY0bWRiel8QAQ?q=Myndos%20Oda%20%26%20kahvalti%20G%C3%BCm%C3%BC%C5%9Fl%C3%BCk%20Bodrum&ved=2ahUKEwjDypGumr6WAxWoAwYAHfHqA1MQvukIegQIAxAC&ts=CAAaGhIYEhIKBwjqDxAJGAcSBwjqDxAJGAgyAggCKgcKBToDVFJZ,Myndos Oda & kahvalti,COMPLETED,10,2026-08-26T13:29:44Z,2026-08-26T13:29:44Z,
BOD086,Vega Aparts,Gümüşlük,google_travel,https://www.google.com/travel/hotels/entity/ChkIzdWl4u2Z7eoMGg0vZy8xMWNzMDR3cXk0EAE?q=Vega%20Aparts%20G%C3%BCm%C3%BC%C5%9Fl%C3%BCk%20Bodrum&ts=CAAaGhIYEhIKBwjqDxAJGAcSBwjqDxAJGAgyAggCKgcKBToDVFJZ&ved=2ahUKEwia8IHemr6WAxUsdUECHfFDK1cQvukIegQIAxAC,Vega Aparts,COMPLETED,10,2026-08-26T13:30:16Z,2026-08-26T13:30:16Z,
BOD087,Wanderheaven Camping & Tiny House Bodrum,Gümüşlük,google_travel,https://www.google.com/travel/hotels/entity/ChkIvoT_1--qsqtmGg0vZy8xMWZ0MDN0NHdnEAE?q=Wanderheaven%20Camping%20%26%20Tiny%20House%20Bodrum%20G%C3%BCm%C3%BC%C5%9Fl%C3%BCk%20Bodrum&ts=CAAaGhIYEhIKBwjqDxAJGAcSBwjqDxAJGAgyAggCKgcKBToDVFJZ&ved=2ahUKEwj5gtjkmr6WAxUgQ0ECHbFvLoQQvukIegQIAxAC,Wanderheaven Camping & Tiny House Bodrum,COMPLETED,10,2026-08-26T13:30:51Z,2026-08-26T13:30:51Z,
BOD088,Baia Bodrum Hotel,Gündoğan,google_travel,https://www.google.com/travel/hotels/entity/ChgIj8jCtfnP6LOWARoLL2cvMXRkXzdjbjUQAQ?q=Baia%20Bodrum%20Hotel%20G%C3%BCndo%C4%9Fan%20Bodrum&ts=CAAaGhIYEhIKBwjqDxAJGAcSBwjqDxAJGAgyAggCKgIKAA&ved=2ahUKEwjxspHrmr6WAxU2TEECHQgYJoEQvukIegQIAxAC,Baia Bodrum Hotel,COMPLETED,20,2026-08-26T13:31:29Z,2026-08-26T13:31:29Z,
BOD089,Cape Bodrum Luxury Hotel & Beach,Gündoğan,google_travel,https://www.google.com/travel/hotels/entity/ChkIndCDzp2Bh5EDGg0vZy8xMWMza2RmYjN2EAE?q=Cape%20Bodrum%20Luxury%20Hotel%20%26%20Beach%20G%C3%BCndo%C4%9Fan%20Bodrum&ts=CAAaGhIYEhIKBwjqDxAJGAcSBwjqDxAJGAgyAggCKgcKBToDVFJZ&ved=2ahUKEwjF0Nnxmr6WAxUQBwYAHYdwNFoQvukIegQIAxAC,Cape Bodrum Luxury Hotel & Beach,COMPLETED,20,2026-08-26T13:31:55Z,2026-08-26T13:31:55Z,
BOD090,Costa Farilya Special Class Hotel Bodrum,Gündoğan,google_travel,https://www.google.com/travel/hotels/entity/ChcImKDItNyxy7N-GgsvZy8xdG1jdjlqdxAB?q=Costa%20Farilya%20Special%20Class%20Hotel%20Bodrum%20G%C3%BCndo%C4%9Fan%20Bodrum&ved=2ahUKEwi_0cv4mr6WAxUvOAYAHSL-BWYQvukIegQIAxAC&ts=CAAaGhIYEhIKBwjqDxAJGAcSBwjqDxAJGAgyAggCKgcKBToDVFJZ,Costa Farilya Special Class Hotel Bodrum,COMPLETED,10,2026-08-26T13:32:32Z,2026-08-26T13:32:32Z,
BOD095,Mivara Luxury Bodrum,Gündoğan,google_travel,https://www.google.com/travel/hotels/entity/ChkIx9HcjJLU4qBeGg0vZy8xMWI2ZHA3ODluEAE?q=Mivara%20Luxury%20Bodrum%20G%C3%BCndo%C4%9Fan%20Bodrum&ts=CAAaGhIYEhIKBwjqDxAJGAcSBwjqDxAJGAgyAggCKgcKBToDVFJZ&ved=2ahUKEwjj9sCcm76WAxXSBwYAHbImEY8QvukIegQIAxAC,Mivara Luxury Bodrum,COMPLETED,10,2026-08-26T13:33:09Z,2026-08-26T13:33:09Z,
BOD096,Olira Boutique Hotel&SPA,Gündoğan,google_travel,https://www.google.com/travel/hotels/entity/ChcItYXzoL2fxOIXGgsvZy8xdGQ3d2N5NRAB?q=Olira%20Boutique%20Hotel%26SPA%20G%C3%BCndo%C4%9Fan%20Bodrum&ved=2ahUKEwjLtcKjm76WAxWqj3wGHX_GF08QvukIegQIAxAC&ts=CAAaGhIYEhIKBwjqDxAJGAcSBwjqDxAJGAgyAggCKgcKBToDVFJZ,Olira Boutique Hotel&SPA,COMPLETED,10,2026-08-26T13:33:43Z,2026-08-26T13:33:43Z,
BOD098,Swissôtel Living Bodrum,Gündoğan,google_travel,https://www.google.com/travel/hotels/entity/ChkIlLOokvjigqA1Gg0vZy8xMXk1N2d3OTNfEAE?q=Swiss%C3%B4tel%20Living%20Bodrum%20G%C3%BCndo%C4%9Fan%20Bodrum&ts=CAAaGhIYEhIKBwjqDxAJGAcSBwjqDxAJGAgyAggCKgcKBToDVFJZ&ved=2ahUKEwibjaSym76WAxVWYEECHQU4LhQQvukIegQIAxAC,Swissôtel Living Bodrum,COMPLETED,20,2026-08-26T13:34:13Z,2026-08-26T13:34:13Z,
BOD099,Villa Oliva Butik Otel,Gündoğan,google_travel,https://www.google.com/travel/hotels/entity/ChkIkN7p8P39zesaGg0vZy8xMWY2NnRjNnRiEAE?q=Villa%20Oliva%20Butik%20Otel%20G%C3%BCndo%C4%9Fan%20Bodrum&ts=CAAaGhIYEhIKBwjqDxAJGAcSBwjqDxAJGAgyAggCKgcKBToDVFJZ&ved=2ahUKEwjr2Ii5m76WAxV8d0ECHWh-BvsQvukIegQIAxAC,Villa Oliva Butik Otel,COMPLETED,10,2026-08-26T13:34:43Z,2026-08-26T13:34:43Z,
BOD101,Vita Bella Hotel Resort & Spa,Gündoğan,google_travel,https://www.google.com/travel/hotels/entity/ChkIneO864rglboNGg0vZy8xMWg1MjFfOWsxEAE?q=Vita%20Bella%20Hotel%20Resort%20%26%20Spa%20G%C3%BCndo%C4%9Fan%20Bodrum&ts=CAAaGhIYEhIKBwjqDxAJGAcSBwjqDxAJGAgyAggCKgcKBToDVFJZ&ved=2ahUKEwjQoqnHm76WAxV3SEECHWX1CgYQvukIegQIAxAC,Vita Bella Hotel Resort & Spa,VALID_ENTITY_NO_REVIEWS,0,2026-08-26T13:35:21Z,2026-08-26T13:35:21Z,
BOD102,Akyalı Butik Hotel,Güvercinlik,google_travel,https://www.google.com/travel/hotels/entity/ChgIlbPGuuqElZ8jGgwvZy8xaGMyeXdwZjEQAQ?q=Akyal%C4%B1%20Butik%20Hotel%20G%C3%BCvercinlik%20Bodrum&ts=CAAaGhIYEhIKBwjqDxAJGAcSBwjqDxAJGAgyAggCKgcKBToDVFJZ&ved=2ahUKEwjVz4LOm76WAxUgQ0ECHbFvLoQQvukIegQIAxAC,Akyalı Butik Hotel,COMPLETED,10,2026-08-26T13:36:42Z,2026-08-26T13:36:42Z,
BOD104,Greenport Bodrum,Güvercinlik,google_travel,https://www.google.com/travel/hotels/entity/ChkI6YHBsbyHrLJCGg0vZy8xMWNqazJ2OW52EAE?q=Greenport%20Bodrum%20G%C3%BCvercinlik%20Bodrum&ts=CAAaGhIYEhIKBwjqDxAJGAcSBwjqDxAJGAgyAggCKgcKBToDVFJZ&ved=2ahUKEwjjraDcm76WAxUYQ0ECHbKvJJkQvukIegQIAxAC,Greenport Bodrum,COMPLETED,20,2026-08-26T13:37:15Z,2026-08-26T13:37:15Z,
BOD105,İsolina Hotel,Güvercinlik,google_travel,https://www.google.com/travel/hotels/entity/ChkI2rPL1dHo1Yw4Gg0vZy8xMXN2amYyaGJfEAE?q=%C4%B0solina%20Hotel%20G%C3%BCvercinlik%20Bodrum&ts=CAAaGhIYEhIKBwjqDxAJGAcSBwjqDxAJGAgyAggCKgcKBToDVFJZ&ved=2ahUKEwiytvjim76WAxVQlHwGHZXGNkcQvukIegQIAxAC,İsolina Hotel,COMPLETED,20,2026-08-26T13:37:45Z,2026-08-26T13:37:45Z,
BOD106,La Blanche Island Bodrum,Güvercinlik,google_travel,https://www.google.com/travel/hotels/entity/ChkI4eCHteSeoocbGg0vZy8xMWI2ZDQwNTc3EAE?q=La%20Blanche%20Island%20Bodrum%20G%C3%BCvercinlik%20Bodrum&ved=2ahUKEwj3oo7qm76WAxVZBAYAHT2aPXsQvukIegQIAxAC&ts=CAAaGhIYEhIKBwjqDxAJGAcSBwjqDxAJGAgyAggCKgcKBToDVFJZ,La Blanche Island Bodrum,COMPLETED,11,2026-08-26T13:38:05Z,2026-08-26T13:38:05Z,
BOD107,Le Méridien Bodrum Beach Resort,Güvercinlik,google_travel,https://www.google.com/travel/hotels/entity/ChkIjZOUgv6r2M5FGg0vZy8xMWo4dnJwcjAwEAE?q=Le%20M%C3%A9ridien%20Bodrum%20Beach%20Resort%20G%C3%BCvercinlik%20Bodrum&ts=CAAaGhIYEhIKBwjqDxAJGAcSBwjqDxAJGAgyAggCKgcKBToDVFJZ&ved=2ahUKEwje3sDwm76WAxW7OgYAHaBPIiwQvukIegQIAxAC,Le Méridien Bodrum Beach Resort,COMPLETED,10,2026-08-26T13:38:48Z,2026-08-26T13:38:48Z,
BOD108,Lujo Hotel Bodrum,Güvercinlik,google_travel,https://www.google.com/travel/hotels/entity/ChkIi8Wuu6C7wvESGg0vZy8xMWZ5NTU3MTB2EAE?q=Lujo%20Hotel%20Bodrum%20G%C3%BCvercinlik%20Bodrum&ts=CAAaGhIYEhIKBwjqDxAJGAcSBwjqDxAJGAgyAggCKgIKAA&ved=2ahUKEwiP4u-EnL6WAxUECAYAHZ-9D3cQvukIegQIAxAC,Lujo Hotel Bodrum,COMPLETED,10,2026-08-26T13:39:28Z,2026-08-26T13:39:28Z,
BOD109,Oscar Seaside Hotel & Spa,Güvercinlik,google_travel,https://www.google.com/travel/hotels/entity/ChoIh_eat86k7YyVARoNL2cvMTFzdHliZmJoXxAB?q=Oscar%20Seaside%20Hotel%20%26%20Spa%20G%C3%BCvercinlik%20Bodrum&ts=CAAaGhIYEhIKBwjqDxAJGAcSBwjqDxAJGAgyAggCKgcKBToDVFJZ&ved=2ahUKEwiJlceMnL6WAxU8ekECHYoME5MQvukIegQIAxAC,Oscar Seaside Hotel & Spa,COMPLETED,20,2026-08-26T13:40:06Z,2026-08-26T13:40:06Z,
BOD111,Zena Hotel Bodrum,Güvercinlik,google_travel,https://www.google.com/travel/hotels/entity/ChkItK_FiY_Soc90Gg0vZy8xMWI2MzhuNno5EAE?q=Zena%20Hotel%20Bodrum%20G%C3%BCvercinlik%20Bodrum&ved=2ahUKEwiMyP6ZnL6WAxVOb0ECHew7Fu4QvukIegQIAxAC&ts=CAAaGhIYEhIKBwjqDxAJGAcSBwjqDxAJGAgyAggCKgcKBToDVFJZ,Zena Hotel Bodrum,COMPLETED,20,2026-08-26T13:40:45Z,2026-08-26T13:40:45Z,
BOD113,Kadıkale Resort,Kadıkalesi,google_travel,https://www.google.com/travel/hotels/entity/ChcI267av9v2hps2GgsvZy8xdGZkdmtjMBAB,Kadıkale Resort,VALID_ENTITY_NO_REVIEWS,0,2026-08-26T13:41:15Z,2026-08-26T13:41:15Z,
BOD116,Acropol Of Bodrum Beach Hotel - Restaurant,Ortakent-Yahşi,google_travel,https://www.google.com/travel/hotels/entity?q=Acropol%20Of%20Bodrum%20Beach%20Hotel%20%20%20Restaurant%20Ortakent%20Yah%C5%9Fi%20Bodrum&ved=2ahUKEwiazLvFnL6WAxXNcUECHZHjF48QvukIegUIAxC6Aw&ts=CAEaWwo9EjsKDS9nLzExajN3cmgweG06KkFjcm9wb2wgT2YgQm9kcnVtIEJlYWNoIEhvdGVsIC0gUmVzdGF1cmFudBIaEhQKBwjqDxAJGAcSBwjqDxAJGAgYATICCAIqBwoFOgNUUlk&rp=OAFIAg,Acropol Of Bodrum Beach Hotel - Restaurant · 204 sonuç,VALID_ENTITY_NO_REVIEWS,0,2026-08-26T13:41:52Z,2026-08-26T13:41:52Z,
BOD119,"Bodrum Suites Apart Otel, Ortakent - Yahşi",Ortakent-Yahşi,google_travel,https://www.google.com/travel/hotels/entity/ChgI7MOug7ORgqmWARoLL2cvMXhnYzB3cHcQAQ?q=Bodrum%20Suites%20Apart%20Otel%2C%20Ortakent%20%20%20Yah%C5%9Fi%20Ortakent%20Yah%C5%9Fi%20Bodrum&ved=2ahUKEwjCiKDhnL6WAxX_lHwGHRXjCUkQvukIegQIAxAC&ts=CAAaGhIYEhIKBwjqDxAJGAcSBwjqDxAJGAgyAggCKgIKAA,"Bodrum Suites Apart Otel, Ortakent - Yahşi",COMPLETED,10,2026-08-26T13:42:35Z,2026-08-26T13:42:35Z,
BOD120,Celeste Bella Luxury Hotel & Spa,Ortakent-Yahşi,google_travel,https://www.google.com/travel/hotels/entity/ChoIppOc87W0lb3MARoNL2cvMTFrYnozeXA3bRAB?q=Celeste%20Bella%20Luxury%20Hotel%20%26%20Spa%20Ortakent%20Yah%C5%9Fi%20Bodrum&ved=2ahUKEwiLwtHpnL6WAxXImXwGHSCrI08QvukIegQIAxAC&ts=CAAaGhIYEhIKBwjqDxAJGAcSBwjqDxAJGAgyAggCKgcKBToDVFJZ,Celeste Bella Luxury Hotel & Spa,COMPLETED,10,2026-08-26T13:43:07Z,2026-08-26T13:43:07Z,
BOD122,Florida Otel,Ortakent-Yahşi,google_travel,https://www.google.com/travel/hotels/entity/ChkIvZS0lqWeo9z2ARoML2cvMTEzZGc5MWg5EAE?q=Florida%20Otel%20Ortakent%20Yah%C5%9Fi%20Bodrum&ved=2ahUKEwiPzKT6nL6WAxW6OwYAHaONGRIQvukIegQIAxAC&ts=CAAaGhIYEhIKBwjqDxAJGAcSBwjqDxAJGAgyAggCKgcKBToDVFJZ,Florida Otel,COMPLETED,10,2026-08-26T13:43:42Z,2026-08-26T13:43:42Z,
BOD123,Hotel Marma Beach,Ortakent-Yahşi,google_travel,https://www.google.com/travel/hotels/entity/ChkI5qb0noHmrK5cGg0vZy8xMWNtX2h3c2Z3EAE?q=Hotel%20Marma%20Beach%20Ortakent%20Yah%C5%9Fi%20Bodrum&ts=CAAaGhIYEhIKBwjqDxAJGAcSBwjqDxAJGAgyAggCKgIKAA&ved=2ahUKEwjQ_pCBnb6WAxXSBwYAHbImEY8QvukIegQIAxAC,Hotel Marma Beach,COMPLETED,20,2026-08-26T13:44:11Z,2026-08-26T13:44:11Z,
BOD125,Kefi Beach Bodrum,Ortakent-Yahşi,google_travel,https://www.google.com/travel/hotels/entity/ChkIrYXbsuDe6uoGGg0vZy8xMWI2ZGZuazd2EAE?q=Kefi%20Beach%20Bodrum%20Ortakent%20Yah%C5%9Fi%20Bodrum&ved=2ahUKEwiGoJiQnb6WAxXQcEECHZd4EEwQvukIegQIAxAC&ts=CAAaGhIYEhIKBwjqDxAJGAcSBwjqDxAJGAgyAggCKgIKAA,Kefi Beach Bodrum,COMPLETED,20,2026-08-26T13:44:40Z,2026-08-26T13:44:40Z,
BOD126,Khai Hotel Bodrum,Ortakent-Yahşi,google_travel,https://www.google.com/travel/hotels/entity/ChoIjeq4lani94SRARoNL2cvMTFubjcwMXE2eBAB?q=Khai%20Hotel%20Bodrum%20Ortakent%20Yah%C5%9Fi%20Bodrum&ved=2ahUKEwimuaSXnb6WAxUeBwYAHb6YAFsQvukIegQIAxAC&ts=CAAaGhIYEhIKBwjqDxAJGAcSBwjqDxAJGAgyAggCKgcKBToDVFJZ,Khai Hotel Bodrum,COMPLETED,10,2026-08-26T13:45:10Z,2026-08-26T13:45:10Z,
BOD127,Kriss Hotel,Ortakent-Yahşi,google_travel,https://www.google.com/travel/hotels/entity/ChcI09aXptq55YVHGgsvZy8xdGRocGI2ORAB?q=Kriss%20Hotel%20Ortakent%20Yah%C5%9Fi%20Bodrum&ved=2ahUKEwinmZGxnb6WAxV4pnwGHSZ3BhAQvukIegQIAxAC&ts=CAAaGhIYEhIKBwjqDxAJGAcSBwjqDxAJGAgyAggCKgIKAA,Kriss Hotel,COMPLETED,20,2026-08-26T13:45:46Z,2026-08-26T13:45:46Z,
BOD128,Lugga Boutique Hotel & Beach,Ortakent-Yahşi,google_travel,https://www.google.com/travel/hotels/entity/ChoI4JP_1d-6pq7eARoNL2cvMTF0am56eG1tZBAB?q=Lugga%20Boutique%20Hotel%20%26%20Beach%20Ortakent%20Yah%C5%9Fi%20Bodrum&ved=2ahUKEwj9-ve4nb6WAxVihXwGHSlRADcQvukIegQIAxAC&ts=CAAaGhIYEhIKBwjqDxAJGAcSBwjqDxAJGAgyAggCKgcKBToDVFJZ,Lugga Boutique Hotel & Beach,COMPLETED,20,2026-08-26T13:46:09Z,2026-08-26T13:46:09Z,
BOD129,Meggs Bodrum,Ortakent-Yahşi,google_travel,https://www.google.com/travel/hotels/entity/ChkIhqayo5iKvu8VGg0vZy8xMWI2ZGZxcnFtEAE?q=Meggs%20Bodrum%20Ortakent%20Yah%C5%9Fi%20Bodrum&ts=CAAaGhIYEhIKBwjqDxAJGAcSBwjqDxAJGAgyAggCKgcKBToDVFJZ&ved=2ahUKEwini57Anb6WAxUeBwYAHb6YAFsQvukIegQIAxAC,Meggs Bodrum,COMPLETED,20,2026-08-26T13:46:51Z,2026-08-26T13:46:51Z,
BOD130,Petunya Beach Resort,Ortakent-Yahşi,google_travel,https://www.google.com/travel/hotels/entity/ChgI3cTnmfOBvJQTGgwvZy8xaGMzeTBkMGMQAQ?q=Petunya%20Beach%20Resort%20Ortakent%20Yah%C5%9Fi%20Bodrum&ved=2ahUKEwjgj5fHnb6WAxVEi3wGHT5JC3YQvukIegQIAxAC&ts=CAAaGhIYEhIKBwjqDxAJGAcSBwjqDxAJGAgyAggCKgIKAA,Petunya Beach Resort,COMPLETED,10,2026-08-26T13:47:25Z,2026-08-26T13:47:25Z,
BOD131,Regia Mare Beach Hotel Bodrum,Ortakent-Yahşi,google_travel,https://www.google.com/travel/hotels/entity/ChkIrbPiitil1K8MGg0vZy8xMXBjMXR6cjEyEAE?q=Regia%20Mare%20Beach%20Hotel%20Bodrum%20Ortakent%20Yah%C5%9Fi%20Bodrum&ts=CAAaGhIYEhIKBwjqDxAJGAcSBwjqDxAJGAgyAggCKgcKBToDVFJZ&ved=2ahUKEwinqNTOnb6WAxV0eUECHVpfBmQQvukIegQIAxAC,Regia Mare Beach Hotel Bodrum,COMPLETED,20,2026-08-26T13:48:06Z,2026-08-26T13:48:06Z,
BOD132,Viras Hotel & Beach,Ortakent-Yahşi,google_travel,https://www.google.com/travel/hotels/entity/ChcIu6ao1tGG6ZhsGgsvZy8xdjI3M3pxaBAB?q=Viras%20Hotel%20%26%20Beach%20Ortakent%20Yah%C5%9Fi%20Bodrum&ved=2ahUKEwino8bZnb6WAxUAcUECHXxeCAIQvukIegQIAxAC&ts=CAAaGhIYEhIKBwjqDxAJGAcSBwjqDxAJGAgyAggCKgcKBToDVFJZ,Viras Hotel & Beach,COMPLETED,20,2026-08-26T13:48:41Z,2026-08-26T13:48:41Z,
BOD133,Yahşi Beach Hotel & Restaurant,Ortakent-Yahşi,google_travel,https://www.google.com/travel/hotels/entity/ChgIurukzIj3q9hkGgwvZy8xMTNqMXQ2amoQAQ?q=Yah%C5%9Fi%20Beach%20Hotel%20%26%20Restaurant%20Ortakent%20Yah%C5%9Fi%20Bodrum&ved=2ahUKEwjnv-3ynb6WAxUECAYAHZ-9D3cQvukIegQIAxAC&ts=CAAaGhIYEhIKBwjqDxAJGAcSBwjqDxAJGAgyAggCKgIKAA,Yahşi Beach Hotel & Restaurant,COMPLETED,10,2026-08-26T13:49:04Z,2026-08-26T13:49:04Z,
BOD134,Yakamoz Otel,Ortakent-Yahşi,google_travel,https://www.google.com/travel/hotels/entity/ChoIsp7Rm-yqgfC2ARoNL2cvMTFnbWR5dzkwZBAB?q=Yakamoz%20Otel%20Ortakent%20Yah%C5%9Fi%20Bodrum&ts=CAAaGhIYEhIKBwjqDxAJGAcSBwjqDxAJGAgyAggCKgcKBToDVFJZ&ved=2ahUKEwiqheD6nb6WAxVIQkECHQurFJoQvukIegQIAxAC,Yakamoz Otel,COMPLETED,10,2026-08-26T13:49:38Z,2026-08-26T13:49:38Z,
BOD136,Zest Exclusive Hotel and Spa,Ortakent-Yahşi,google_travel,https://www.google.com/travel/hotels/entity/ChoIubvujcCOz-DMARoNL2cvMTFiNjNianFreRAB?q=Zest%20Exclusive%20Hotel%20and%20Spa%20Ortakent%20Yah%C5%9Fi%20Bodrum&ts=CAAaGhIYEhIKBwjqDxAJGAcSBwjqDxAJGAgyAggCKgcKBToDVFJZ&ved=2ahUKEwivq-6Jnr6WAxVUOAYAHbErFSUQvukIegQIAxAC,Zest Exclusive Hotel and Spa,COMPLETED,10,2026-08-26T13:50:15Z,2026-08-26T13:50:15Z,
BOD140,DoubleTree by Hilton Bodrum Işıl Club All-Inclusive Resort,Torba,google_travel,https://www.google.com/travel/hotels/entity/ChkI2-iu15q5kbcWGg0vZy8xMWpoOHgwcHY0EAE?q=DoubleTree%20by%20Hilton%20Bodrum%20I%C5%9F%C4%B1l%20Club%20All%20Inclusive%20Resort%20Torba%20Bodrum&ts=CAAaGhIYEhIKBwjqDxAJGAcSBwjqDxAJGAgyAggCKgcKBToDVFJZ&ved=2ahUKEwjUlqSpnr6WAxUQBwYAHYdwNFoQvukIegQIAxAC,DoubleTree by Hilton Bodrum Işıl Club All-Inclusive Resort,COMPLETED,10,2026-08-26T13:50:47Z,2026-08-26T13:50:47Z,
BOD143,Hotel Zeytinada,Torba,google_travel,https://www.google.com/travel/hotels/entity/ChcImdeM8b6Q57UNGgsvZy8xdGs1cW5tbBAB?q=Hotel%20Zeytinada%20Torba%20Bodrum&ts=CAAaGhIYEhIKBwjqDxAJGAcSBwjqDxAJGAgyAggCKgcKBToDVFJZ&ved=2ahUKEwi9t43Fnr6WAxXABQYAHdCYLG8QvukIegQIAxAC,Hotel Zeytinada,COMPLETED,10,2026-08-26T13:51:28Z,2026-08-26T13:51:28Z,
BOD145,Moyo Luxury Hotel & Beach,Torba,google_travel,https://www.google.com/travel/hotels/entity/ChoI2tv28brhtZ7_ARoNL2cvMTFmZ203c2czcBAB?q=Moyo%20Luxury%20Hotel%20%26%20Beach%20Torba%20Bodrum&ved=2ahUKEwij_8Panr6WAxXmZkECHYt_Ff8QvukIegQIAxAC&ts=CAAaGhIYEhIKBwjqDxAJGAcSBwjqDxAJGAgyAggCKgIKAA&ap=KigKEgnB3J8T-YlCQBGp3NIwsHU7QBISCfB6PCqkikJAEanc0qTgdjtA,Moyo Luxury Hotel & Beach,COMPLETED,20,2026-08-26T13:52:04Z,2026-08-26T13:52:04Z,
BOD146,Olivia Hotel,Torba,google_travel,https://www.google.com/travel/hotels/entity/ChgI5pTP-e-O0PtIGgwvZy8xaGM3a3IzcHQQAQ?q=Olivia%20Hotel%20Torba%20Bodrum&ved=2ahUKEwjpiIXinr6WAxXYLAYAHQiYBaYQvukIegQIAxAC&ts=CAAaGhIYEhIKBwjqDxAJGAcSBwjqDxAJGAgyAggCKgcKBToDVFJZ,Olivia Hotel,COMPLETED,20,2026-08-26T13:52:29Z,2026-08-26T13:52:29Z,
BOD147,Omar Hotel & Suites,Torba,google_travel,https://www.google.com/travel/hotels/entity/ChgInsrCgN2-jv2xARoLL2cvMXRmaHZfNzMQAQ?q=Omar%20Hotel%20%26%20Suites%20Torba%20Bodrum&ts=CAAaGhIYEhIKBwjqDxAJGAcSBwjqDxAJGAgyAggCKgcKBToDVFJZ&ved=2ahUKEwiV36zpnr6WAxWiOQYAHYDAHI4QvukIegQIAxAC,Omar Hotel & Suites,COMPLETED,10,2026-08-26T13:52:55Z,2026-08-26T13:52:55Z,
BOD148,Rixos Premium Bodrum,Torba,google_travel,https://www.google.com/travel/hotels/entity/ChgIs66GzsSM5PSHARoLL2cvMXR4MTJwZDMQAQ?q=Rixos%20Premium%20Bodrum%20Torba%20Bodrum&ved=2ahUKEwiIsdX1nr6WAxV2YkECHUKPNxIQvukIegQIAxAC&ts=CAAaGhIYEhIKBwjqDxAJGAcSBwjqDxAJGAgyAggCKgIKAA,Rixos Premium Bodrum,COMPLETED,20,2026-08-26T13:53:29Z,2026-08-26T13:53:29Z,
BOD150,Samara Hotel,Torba,google_travel,https://www.google.com/travel/hotels/entity/ChgI1qjkw_2X2LexARoLL2cvMXZxdDJicDUQAQ?q=Samara%20Hotel%20Torba%20Bodrum&ts=CAAaGhIYEhIKBwjqDxAJGAcSBwjqDxAJGAgyAggCKgcKBToDVFJZ&ved=2ahUKEwjp9qKNn76WAxXIKwYAHZBnFE8QvukIegQIAxAC,Samara Hotel,COMPLETED,20,2026-08-26T13:54:07Z,2026-08-26T13:54:07Z,
BOD152,"Susona Bodrum, LXR Hotels & Resorts",Torba,google_travel,https://www.google.com/travel/hotels/entity/ChkIgfXTtKuLypd6Gg0vZy8xMWZ0eGs5bng1EAE?q=Susona%20Bodrum%2C%20LXR%20Hotels%20%26%20Resorts%20Torba%20Bodrum&ved=2ahUKEwjlpcWgn76WAxVEi3wGHT5JC3YQvukIegQIAxAC&ts=CAAaGhIYEhIKBwjqDxAJGAcSBwjqDxAJGAgyAggCKgcKBToDVFJZ,"Susona Bodrum, LXR Hotels & Resorts",COMPLETED,20,2026-08-26T13:54:45Z,2026-08-26T13:54:45Z,
BOD153,The Oba Hotel,Torba,google_travel,https://www.google.com/travel/hotels/entity/ChkIwJfY9v-yi5BTGg0vZy8xMWw0bXpnNHpsEAE?q=The%20Oba%20Hotel%20Torba%20Bodrum&ts=CAAaGhIYEhIKBwjqDxAJGAcSBwjqDxAJGAgyAggCKgcKBToDVFJZ&ved=2ahUKEwjI19Wnn76WAxWJOQYAHSpSBBkQvukIegQIAxAC,The Oba Hotel,COMPLETED,10,2026-08-26T13:55:21Z,2026-08-26T13:55:21Z,
BOD155,Trend Life | Trendlife Hotels & Beach Club Bodrum Torba,Torba,google_travel,https://www.google.com/travel/hotels/entity/ChoI14f077b98uyAARoNL2cvMTFzeTNsbjZ4NRAB?q=Trend%20Life%20%7C%20Trendlife%20Hotels%20%26%20Beach%20Club%20Bodrum%20Torba%20Torba%20Bodrum&ved=2ahUKEwjO9r63n76WAxUECAYAHZ-9D3cQvukIegQIAxAC&ts=CAAaGhIYEhIKBwjqDxAJGAcSBwjqDxAJGAgyAggCKgIKAA,Trend Life | Trendlife Hotels & Beach Club Bodrum Torba,COMPLETED,10,2026-08-26T13:55:59Z,2026-08-26T13:55:59Z,
BOD156,Voyage Torba,Torba,google_travel,https://www.google.com/travel/hotels/entity/ChkIpfq3j7GzsqYDGg0vZy8xMXR0MHlzeHFoEAE?q=Voyage%20Torba%20Torba%20Bodrum&ts=CAAaGhIYEhIKBwjqDxAJGAcSBwjqDxAJGAgyAggCKgcKBToDVFJZ&ved=2ahUKEwi1_8u-n76WAxV9QEECHTAXHqwQvukIegQIAxAC,Voyage Torba,COMPLETED,10,2026-08-26T13:56:33Z,2026-08-26T13:56:33Z,
BOD161,MyElla Hotel Resort & Spa,Turgutreis,google_travel,https://www.google.com/travel/hotels/entity/ChoI-9CC1ZPs0P69ARoNL2cvMTFzejNyYm12ZhAB?q=MyElla%20Hotel%20Resort%20%26%20Spa%20Turgutreis%20Bodrum&ved=2ahUKEwjZ_MLvn76WAxVoh3wGHUiKCLMQvukIegQIAxAC&ts=CAAaGhIYEhIKBwjqDxAJGAcSBwjqDxAJGAgyAggCKgIKAA,MyElla Hotel Resort & Spa,COMPLETED,10,2026-08-26T13:57:15Z,2026-08-26T13:57:15Z,
BOD162,Rammos Managed by Dedeman,Turgutreis,google_travel,https://www.google.com/travel/hotels/entity/ChkIlKDmk5L7uYMzGg0vZy8xMXN3cGg2cWZ4EAE?q=Rammos%20Managed%20by%20Dedeman%20Turgutreis%20Bodrum&ved=2ahUKEwit3Nb2n76WAxVKRUECHfWaGioQvukIegQIAxAC&ts=CAAaGhIYEhIKBwjqDxAJGAcSBwjqDxAJGAgyAggCKgcKBToDVFJZ,Rammos Managed by Dedeman,COMPLETED,20,2026-08-26T13:57:57Z,2026-08-26T13:57:57Z,
BOD166,Divan Bodrum,Türkbükü,google_travel,https://www.google.com/travel/hotels/entity/ChcIk-_DgJbv8fJLGgsvZy8xdGQwal95YhAB?q=Divan%20Bodrum%20T%C3%BCrkb%C3%BCk%C3%BC%20Bodrum&ts=CAAaGhIYEhIKBwjqDxAJGAcSBwjqDxAJGAgyAggCKgcKBToDVFJZ&ved=2ahUKEwih_sCZoL6WAxXsakECHVPSOXkQvukIegQIAxAC,Divan Bodrum,COMPLETED,10,2026-08-26T13:58:50Z,2026-08-26T13:58:50Z,
BOD167,Elista Hotel & Spa,Türkbükü,google_travel,https://www.google.com/travel/hotels/entity/ChkIrvDMk_Pn0fkFGg0vZy8xMWRmdjVkcXBiEAE?q=Elista%20Hotel%20%26%20Spa%20T%C3%BCrkb%C3%BCk%C3%BC%20Bodrum&ts=CAAaGhIYEhIKBwjqDxAJGAcSBwjqDxAJGAgyAggCKgcKBToDVFJZ&ved=2ahUKEwiimKWhoL6WAxVKRUECHfWaGioQvukIegQIAxAC,Elista Hotel & Spa,COMPLETED,11,2026-08-26T13:59:32Z,2026-08-26T13:59:32Z,
BOD168,Kuum Hotel & SPA Bodrum,Türkbükü,google_travel,https://www.google.com/travel/hotels/entity/ChgIufGG67rR0566ARoLL2cvMXdmcDYyN2sQAQ?q=Kuum%20Hotel%20%26%20SPA%20Bodrum%20T%C3%BCrkb%C3%BCk%C3%BC%20Bodrum&ts=CAAaGhIYEhIKBwjqDxAJGAcSBwjqDxAJGAgyAggCKgcKBToDVFJZ&ved=2ahUKEwiw38-ooL6WAxWvoHwGHSu_GAkQvukIegQIAxAC,Kuum Hotel & SPA Bodrum,COMPLETED,20,2026-08-26T14:00:07Z,2026-08-26T14:00:07Z,
BOD169,MACAKIZI BODRUM,Türkbükü,google_travel,https://www.google.com/travel/hotels/entity/ChgIvOfB4Iu2jbDJARoLL2cvMXRoaDRyajgQAQ?q=MACAKIZI%20BODRUM%20T%C3%BCrkb%C3%BCk%C3%BC%20Bodrum&ved=2ahUKEwjZ0qaxoL6WAxVjg3wGHQE6LnYQvukIegQIAxAC&ts=CAAaGhIYEhIKBwjqDxAJGAcSBwjqDxAJGAgyAggCKgIKAA,MACAKIZI BODRUM,COMPLETED,10,2026-08-26T14:00:37Z,2026-08-26T14:00:37Z,
BOD171,4 reasons Hotel Yalikavak,Yalıkavak,google_travel,https://www.google.com/travel/hotels/entity/ChgI_N-CvdDJqZ-AARoLL2cvMXY4NXc1NzAQAQ?q=4%20reasons%20Hotel%20Yalikavak%20Yal%C4%B1kavak%20Bodrum&ts=CAAaGhIYEhIKBwjqDxAJGAcSBwjqDxAJGAgyAggCKgcKBToDVFJZ&ved=2ahUKEwiv_NzBoL6WAxXQOAYAHd-5JVkQvukIegQIAxAC,4 reasons Hotel Yalikavak,COMPLETED,20,2026-08-26T14:01:09Z,2026-08-26T14:01:09Z,
BOD180,MGallery The Bodrum Hotel Yalıkavak,Yalıkavak,google_travel,https://www.google.com/travel/hotels/entity/ChkI0Y20zKuUsdcQGg0vZy8xMXEycDg1OXQ1EAE?q=MGallery%20The%20Bodrum%20Hotel%20Yal%C4%B1kavak%20Yal%C4%B1kavak%20Bodrum&ts=CAAaGhIYEhIKBwjqDxAJGAcSBwjqDxAJGAgyAggCKgcKBToDVFJZ&ved=2ahUKEwji8viMob6WAxURd0ECHczVJfEQvukIegQIAxAC,MGallery The Bodrum Hotel Yalıkavak,COMPLETED,10,2026-08-26T14:01:32Z,2026-08-26T14:01:32Z,
BOD189,The Bodrum EDITION,Yalıkavak,google_travel,https://www.google.com/travel/hotels/entity/ChoIoYqzieyFytDiARoNL2cvMTFmNTRzNl9fcRAB?q=The%20Bodrum%20EDITION%20Yal%C4%B1kavak%20Bodrum&ts=CAAaGhIYEhIKBwjqDxAJGAcSBwjqDxAJGAgyAggCKgcKBToDVFJZ&ved=2ahUKEwjGmJDYob6WAxXibEECHY0vKLwQvukIegQIAxAC,The Bodrum EDITION,COMPLETED,20,2026-08-26T14:02:12Z,2026-08-26T14:02:12Z,
BOD190,The Sign Highlight Hotel,Yalıkavak,google_travel,https://www.google.com/travel/hotels/entity/ChkI-ZT7oNbT99w4Gg0vZy8xMXprdmpwOHMyEAE?q=The%20Sign%20Highlight%20Hotel%20Yal%C4%B1kavak%20Bodrum&ved=2ahUKEwjPnLDfob6WAxU_hnwGHRgHJykQvukIegQIAxAC&ts=CAAaGhIYEhIKBwjqDxAJGAcSBwjqDxAJGAgyAggCKgcKBToDVFJZ,The Sign Highlight Hotel,COMPLETED,20,2026-08-26T14:02:44Z,2026-08-26T14:02:44Z,
BOD191,Yalıkavak Marina Hotel by METT Collection,Yalıkavak,google_travel,https://www.google.com/travel/hotels/entity?q=Yal%C4%B1kavak%20Marina%20Hotel%20by%20METT%20Collection%20Yal%C4%B1kavak%20Bodrum&ved=2ahUKEwiz29Xqob6WAxU_BQYAHTAHGygQvukIegUIAxDfAw&ts=CAEaWwo9EjsKDS9nLzExdjBfdzlxYl86KllhbMSxa2F2YWsgTWFyaW5hIEhvdGVsIEJ5IE1ldHQgQ29sbGVjdGlvbhIaEhQKBwjqDxAJGAcSBwjqDxAJGAgYATICCAIqBwoFOgNUUlk&rp=OAFIAg,Yalıkavak Marina Hotel By Mett Collection · 354 sonuç,VALID_ENTITY_NO_REVIEWS,0,2026-08-26T14:03:16Z,2026-08-26T14:03:16Z,
BOD001,Aksoy Taş Ev,Akyarlar,google_travel,https://www.google.com/travel/hotels/entity/ChkIxM3gn6-Mx41DGg0vZy8xMXJuYl92MnZnEAE?q=Aksoy%20Ta%C5%9F%20Ev%20Akyarlar%20Bodrum&ved=2ahUKEwitl7jilb6WAxVUBgYAHS1tBGUQvukIegQIAxAC&ts=CAAaGhIYEhIKBwjqDxAJGAcSBwjqDxAJGAgyAggAKgIKAA,Aksoy Taş Ev,COMPLETED,8,2026-08-26T14:06:02Z,2026-08-26T14:06:02Z,
BOD002,Armonia Holiday Village & Spa,Akyarlar,google_travel,https://www.google.com/travel/hotels/entity/ChcIib6os8m5kedkGgsvZy8xdGdkd24xZBAB?q=Armonia%20Holiday%20Village%20%26%20Spa%20Akyarlar%20Bodrum&ved=2ahUKEwjt_JDplb6WAxV9QEECHTAXHqwQvukIegQIAxAC&ts=CAAaGhIYEhIKBwjqDxAJGAcSBwjqDxAJGAgyAggCKgIKAA,Armonia Holiday Village & Spa,VALID_ENTITY_NO_REVIEWS,0,2026-08-26T14:06:48Z,2026-08-26T14:06:48Z,
BOD003,ASPAT HOTEL BODRUM Beach Restaurant,Akyarlar,google_travel,https://www.google.com/travel/hotels/entity/ChkI_fH789a1ipI4Gg0vZy8xMXR4bDRma2tiEAE?q=ASPAT%20HOTEL%20BODRUM%20Beach%20Restaurant%20Akyarlar%20Bodrum&ved=2ahUKEwiuiazwlb6WAxXsakECHVPSOXkQvukIegQIAxAC&ts=CAAaGhIYEhIKBwjqDxAJGAcSBwjqDxAJGAgyAggCKgcKBToDVFJZ,ASPAT HOTEL BODRUM Beach Restaurant,COMPLETED,10,2026-08-26T14:07:29Z,2026-08-26T14:07:29Z,
BOD004,Bendis Beach Hotel,Akyarlar,google_travel,https://www.google.com/travel/hotels/entity/ChcI-p_dtL_R4bl3GgsvZy8xdGZyN2htMhAB?q=Bendis%20Beach%20Hotel%20Akyarlar%20Bodrum&ved=2ahUKEwjT-_z2lb6WAxXtZkECHZ0_DHgQvukIegQIAxAC&ts=CAAaGhIYEhIKBwjqDxAJGAcSBwjqDxAJGAgyAggCKgcKBToDVFJZ,Bendis Beach Hotel,VALID_ENTITY_NO_REVIEWS,0,2026-08-26T14:08:24Z,2026-08-26T14:08:24Z,
BOD005,ByAkkan,Akyarlar,google_travel,https://www.google.com/travel/hotels/entity/ChoI1N7IttjHkMeqARoNL2cvMTF0MzM5a3h4aBAB?q=ByAkkan%20Akyarlar%20Bodrum&ved=2ahUKEwjIr8_9lb6WAxVyIwYAHWzxDSAQvukIegQIAxAC&ts=CAAaGhIYEhIKBwjqDxAJGAcSBwjqDxAJGAgyAggCKgcKBToDVFJZ,ByAkkan,VALID_ENTITY_NO_REVIEWS,0,2026-08-26T14:09:05Z,2026-08-26T14:09:05Z,
BOD006,Club Marma Hotel,Akyarlar,google_travel,https://www.google.com/travel/hotels/entity/ChkIj8qbsqi-7bAUGg0vZy8xMXEyeWtoNF8yEAE?q=Club%20Marma%20Hotel%20Akyarlar%20Bodrum&ved=2ahUKEwj_yYuElr6WAxVRe0ECHVDNCIwQvukIegQIAxAC&ts=CAAaGhIYEhIKBwjqDxAJGAcSBwjqDxAJGAgyAggCKgIKAA,Club Marma Hotel,VALID_ENTITY_NO_REVIEWS,0,2026-08-26T14:09:37Z,2026-08-26T14:09:37Z,
BOD007,Kefaluka Resort,Akyarlar,google_travel,https://www.google.com/travel/hotels/entity/CgsIqP3Kl9GCnvv4ARAB,Kefaluka Resort,COMPLETED,10,2026-08-26T14:10:16Z,2026-08-26T14:10:16Z,
BOD008,LA BREZZA SUITE &HOTEL,Akyarlar,google_travel,https://www.google.com/travel/hotels/entity/ChoIuoenmK7E3fPtARoNL2cvMTFwNWxtMV9jcBAB,LA BREZZA SUITE &HOTEL,VALID_ENTITY_NO_REVIEWS,0,2026-08-26T14:12:21Z,2026-08-26T14:12:21Z,
BOD010,Mare Garden Hotel,Akyarlar,google_travel,https://www.google.com/travel/hotels/entity/ChoI46nXrt78--3mARoNL2cvMTFqOTJjZHdqZxAB?q=Mare%20Garden%20Hotel%20Akyarlar%20Bodrum&ved=2ahUKEwic3diRlr6WAxVjg3wGHQE6LnYQvukIegQIAxAC&ts=CAAaGhIYEhIKBwjqDxAJGAcSBwjqDxAJGAgyAggCKgcKBToDVFJZ,Mare Garden Hotel,VALID_ENTITY_NO_REVIEWS,0,2026-08-26T14:13:08Z,2026-08-26T14:13:08Z,
BOD011,"Radisson Collection Hotel, Bodrum",Akyarlar,google_travel,https://www.google.com/travel/hotels/entity/ChoI2P6A2dPx45zGARoNL2cvMTFwYzRzdmNoORAB?q=Radisson%20Collection%20Hotel%2C%20Bodrum%20Akyarlar%20Bodrum&ved=2ahUKEwjszO-Xlr6WAxXABQYAHdCYLG8QvukIegQIAxAC&ts=CAAaGhIYEhIKBwjqDxAJGAcSBwjqDxAJGAgyAggCKgcKBToDVFJZ,"Radisson Collection Hotel, Bodrum",VALID_ENTITY_NO_REVIEWS,0,2026-08-26T14:13:46Z,2026-08-26T14:13:46Z,
BOD012,Selectum Collection Bodrum,Akyarlar,google_travel,https://www.google.com/travel/hotels/entity/ChgI-abrn5G19OiAARoLL2cvMXRzcjVkZG4QAQ,Selectum Collection Bodrum,VALID_ENTITY_NO_REVIEWS,0,2026-08-26T14:14:22Z,2026-08-26T14:14:22Z,
BOD013,"Sentido Bellazure - Akyarlar, Bodrum / Turkey",Akyarlar,google_travel,https://www.google.com/travel/hotels/entity/ChkI89S85_60gP2gARoML2cvMXE2anpicjRqEAE,"Sentido Bellazure - Akyarlar, Bodrum / Turkey",COMPLETED,22,2026-08-26T14:15:01Z,2026-08-26T14:15:01Z,
BOD014,Suum Bodrum Hotel & Beach,Akyarlar,google_travel,https://www.google.com/travel/hotels/entity/ChkI-e2c7Lvi3so-Gg0vZy8xMXZscmIxNWZwEAE?q=Suum%20Bodrum%20Hotel%20%26%20Beach%20Akyarlar%20Bodrum&ts=CAAaGhIYEhIKBwjqDxAJGAcSBwjqDxAJGAgyAggCKgcKBToDVFJZ&ved=2ahUKEwjDy8-elr6WAxWJOQYAHSpSBBkQvukIegQIAxAC,Suum Bodrum Hotel & Beach,VALID_ENTITY_NO_REVIEWS,0,2026-08-26T14:16:45Z,2026-08-26T14:16:45Z,
BOD016,Xanadu Island,Akyarlar,google_travel,https://www.google.com/travel/hotels/entity/ChcIgv_kqOT446h4GgsvZy8xdGZsdjYzORAB?q=Xanadu%20Island%20Akyarlar%20Bodrum&ved=2ahUKEwjM05Gulr6WAxWJOQYAHSpSBBkQvukIegQIAxAC&ts=CAAaGhIYEhIKBwjqDxAJGAcSBwjqDxAJGAgyAggCKgIKAA,Xanadu Island,VALID_ENTITY_NO_REVIEWS,0,2026-08-26T14:17:28Z,2026-08-26T14:17:28Z,
BOD020,Bitez Risa Hotel,Bitez,google_travel,https://www.google.com/travel/hotels/entity/ChgIqLSo4o_E9rtUGgwvZy8xMXkwbmxzajUQAQ?q=Bitez%20Risa%20Hotel%20Bitez%20Bodrum&ts=CAAaGhIYEhIKBwjqDxAJGAcSBwjqDxAJGAgyAggCKgcKBToDVFJZ&ved=2ahUKEwiFk4DQlr6WAxVRe0ECHVDNCIwQvukIegQIAxAC,Bitez Risa Hotel,COMPLETED,30,2026-08-26T14:18:08Z,2026-08-26T14:18:08Z,
BOD021,"Caresse, a Luxury Collection Resort & Spa, Bodrum",Bitez,google_travel,https://www.google.com/travel/hotels/entity?q=Caresse%2C%20a%20Luxury%20Collection%20Resort%20%26%20Spa%2C%20Bodrum%20Bitez%20Bodrum&ved=2ahUKEwini8XWlr6WAxUWfUECHUCNEIAQvukIegUIAxDSAw&ts=CAEaNwoZEhcKDS9nLzExYnZfZGtzcHE6BkJvZHJ1bRIaEhQKBwjqDxAJGAcSBwjqDxAJGAgYATICCAIqBwoFOgNUUlk&rp=OAFIAg,"Caresse, A Luxury Collection Resort & Spa, Bodrum · 194 sonuç",VALID_ENTITY_NO_REVIEWS,0,2026-08-26T14:19:20Z,2026-08-26T14:19:20Z,
BOD024,HAKAN OTEL,Bitez,google_travel,https://www.google.com/travel/hotels/entity/ChcI4LLmvM7ss58xGgsvZy8xdGQ0NHA1NxAB?q=HAKAN%20OTEL%20Bitez%20Bodrum&ved=2ahUKEwjH76Pvlr6WAxXEUEECHRaaAcIQvukIegQIAxAC&ts=CAAaGhIYEhIKBwjqDxAJGAcSBwjqDxAJGAgyAggCKgcKBToDVFJZ,HAKAN OTEL,VALID_ENTITY_NO_REVIEWS,0,2026-08-26T14:20:01Z,2026-08-26T14:20:01Z,
BOD025,Halikarya Hotel & Restaurant Beach,Bitez,google_travel,https://www.google.com/travel/hotels/entity/ChkI6pWuqJPY-ZwEGg0vZy8xMXlnXzFkejZ5EAE?q=Halikarya%20Hotel%20%26%20Restaurant%20Beach%20Bitez%20Bodrum&ved=2ahUKEwiRzOv1lr6WAxXLdkECHR00OEEQvukIegQIAxAC&ts=CAAaGhIYEhIKBwjqDxAJGAcSBwjqDxAJGAgyAggCKgcKBToDVFJZ,Halikarya Hotel & Restaurant Beach,VALID_ENTITY_NO_REVIEWS,0,2026-08-26T14:20:36Z,2026-08-26T14:20:36Z,
BOD026,Manuela Otel Bitez,Bitez,google_travel,https://www.google.com/travel/hotels/entity/ChcI-qjp_pHNlqM9GgsvZy8xdGR2OF8zcRAB?q=Manuela%20Otel%20Bitez%20Bitez%20Bodrum&ts=CAAaGhIYEhIKBwjqDxAJGAcSBwjqDxAJGAgyAggCKgIKAA&ved=2ahUKEwiqx4L_lr6WAxU2fUECHaUZLGAQvukIegQIAxAC&ap=KigKEgl4sK3fJoNCQBFTmHQQXmE7QBISCWCjDhXSg0JAEVOYdISOYjtA,Manuela Otel Bitez,VALID_ENTITY_NO_REVIEWS,0,2026-08-26T14:21:12Z,2026-08-26T14:21:12Z,
BOD030,Natur Garden Hotel Bitez Bodrum,Bitez,google_travel,https://www.google.com/travel/hotels/entity/ChgI_YuOi7bAtqT2ARoLL2cvMXRkdDNmeWgQAQ?q=Natur%20Garden%20Hotel%20Bitez%20Bodrum%20Bitez%20Bodrum&ved=2ahUKEwicu8-hl76WAxUZlnwGHTIDEYQQvukIegQIAxAC&ts=CAAaGhIYEhIKBwjqDxAJGAcSBwjqDxAJGAgyAggCKgIKAA,Natur Garden Hotel Bitez Bodrum,VALID_ENTITY_NO_REVIEWS,0,2026-08-26T14:21:47Z,2026-08-26T14:21:47Z,
BOD031,Okaliptus Otel,Bitez,google_travel,https://www.google.com/travel/hotels/entity/ChcImKD7qd_k4OsZGgsvZy8xdHA2OHFfNhAB?q=Okaliptus%20Otel%20Bitez%20Bodrum&ved=2ahUKEwikzJWol76WAxWoAwYAHfHqA1MQvukIegQIAxAC&ts=CAAaGhIYEhIKBwjqDxAJGAcSBwjqDxAJGAgyAggCKgcKBToDVFJZ,Okaliptus Otel,VALID_ENTITY_NO_REVIEWS,0,2026-08-26T14:22:27Z,2026-08-26T14:22:27Z,
BOD032,Paloma Family Club Bitez,Bitez,google_travel,https://www.google.com/travel/hotels/entity/ChgIpr3nq9uz05WXARoLL2cvMXRuZGdtajEQAQ?q=Paloma%20Family%20Club%20Bitez%20Bitez%20Bodrum&ts=CAAaGhIYEhIKBwjqDxAJGAcSBwjqDxAJGAgyAggCKgcKBToDVFJZ&ved=2ahUKEwi03pKvl76WAxWqj3wGHX_GF08QvukIegQIAxAC,Paloma Family Club Bitez,COMPLETED,40,2026-08-26T14:23:06Z,2026-08-26T14:23:06Z,
BOD033,Ramada Resort by Wyndham Bodrum,Bitez,google_travel,https://www.google.com/travel/hotels/entity/ChcI_6azjs-vhudnGgsvZy8xdnBnajBfeRAB?q=Ramada%20Resort%20by%20Wyndham%20Bodrum%20Bitez%20Bodrum&ved=2ahUKEwjp_9K1l76WAxXmZkECHYt_Ff8QvukIegQIAxAC&ts=CAAaGhIYEhIKBwjqDxAJGAcSBwjqDxAJGAgyAggCKgcKBToDVFJZ,Ramada Resort by Wyndham Bodrum,COMPLETED,19,2026-08-26T14:24:33Z,2026-08-26T14:24:33Z,
BOD034,Çınar Butik Otel Bodrum,Bitez,google_travel,https://www.google.com/travel/hotels/entity/ChkIkpWL3r_aqPFYGg0vZy8xMXBrbHRreHgxEAE?q=%C3%87%C4%B1nar%20Butik%20Otel%20Bodrum%20Bitez%20Bodrum&ts=CAAaGhIYEhIKBwjqDxAJGAcSBwjqDxAJGAgyAggCKgcKBToDVFJZ&ved=2ahUKEwigxKu8l76WAxUrBQYAHeURI20QvukIegQIAxAC,Çınar Butik Otel Bodrum,VALID_ENTITY_NO_REVIEWS,0,2026-08-26T14:25:41Z,2026-08-26T14:25:41Z,
BOD036,Bodrium Hotel & SPA,Bodrum Merkez,google_travel,https://www.google.com/travel/hotels/entity/ChcIoPuags-X5e91GgsvZy8xdGQxMDhibhAB,Bodrium Hotel & SPA,VALID_ENTITY_NO_REVIEWS,0,2026-08-26T14:26:23Z,2026-08-26T14:26:23Z,
BOD043,METT Hotel & Beach Resort Bodrum,Bodrum Merkez,google_travel,https://www.google.com/travel/hotels/entity/CgoInJap_Zjz_rc_EAE,METT Hotel & Beach Resort Bodrum,VALID_ENTITY_NO_REVIEWS,0,2026-08-26T14:27:01Z,2026-08-26T14:27:01Z,
BOD045,Salmakis Resort & Spa,Bodrum Merkez,google_travel,https://www.google.com/travel/hotels/entity/ChgIhcWasvPa_bf0ARoLL2cvMXRjeTBfX2sQAQ,Salmakis Resort & Spa,COMPLETED,24,2026-08-26T14:29:11Z,2026-08-26T14:29:11Z,
BOD048,Babana Hotel,Göltürkbükü,google_travel,https://www.google.com/travel/hotels/entity/ChgIgNK0_4KY6YacARoLL2cvMXZsMGJua18QAQ?q=Babana%20Hotel%20G%C3%B6lt%C3%BCrkb%C3%BCk%C3%BC%20Bodrum&ved=2ahUKEwjQpLjlmL6WAxUyNAYAHVnoHX4QvukIegQIAxAC&ts=CAAaGhIYEhIKBwjqDxAJGAcSBwjqDxAJGAgyAggCKgcKBToDVFJZ,Babana Hotel,VALID_ENTITY_NO_REVIEWS,0,2026-08-26T14:30:31Z,2026-08-26T14:30:31Z,
BOD049,Casa Del Mar Bodrum,Göltürkbükü,google_travel,https://www.google.com/travel/hotels/entity/ChkIiayplb67m6cGGg0vZy8xMWo3eV9jOTZkEAE?q=Casa%20Del%20Mar%20Bodrum%20G%C3%B6lt%C3%BCrkb%C3%BCk%C3%BC%20Bodrum&ts=CAAaGhIYEhIKBwjqDxAJGAcSBwjqDxAJGAgyAggCKgcKBToDVFJZ&ved=2ahUKEwjok57umL6WAxW6OwYAHaONGRIQvukIegQIAxAC,Casa Del Mar Bodrum,COMPLETED,6,2026-08-26T14:31:08Z,2026-08-26T14:31:08Z,
BOD051,Faros Bodrum Hotel Göltürkbükü,Göltürkbükü,google_travel,https://www.google.com/travel/hotels/entity/ChkIw7-b487k1v8NGg0vZy8xMWY0bGh5NXY3EAE,Faros Bodrum Hotel Göltürkbükü,VALID_ENTITY_NO_REVIEWS,0,2026-08-26T14:32:02Z,2026-08-26T14:32:02Z,
BOD052,Flamm Bodrum,Göltürkbükü,google_travel,https://www.google.com/travel/hotels/entity/ChgInJybosXOnaMNGgwvZy8xMWdfYjNyOGgQAQ?q=Flamm%20Bodrum%20G%C3%B6lt%C3%BCrkb%C3%BCk%C3%BC%20Bodrum&ts=CAAaGhIYEhIKBwjqDxAJGAcSBwjqDxAJGAgyAggCKgcKBToDVFJZ&ved=2ahUKEwjqms2Mmb6WAxWqj3wGHX_GF08QvukIegQIAxAC,Flamm Bodrum,COMPLETED,49,2026-08-26T14:33:34Z,2026-08-26T14:33:34Z,
BOD054,Lavinya Maison,Göltürkbükü,google_travel,https://www.google.com/travel/hotels/entity/ChkIkdO_vraRyObAARoML2cvMTEzZnYybXpoEAE?q=Lavinya%20Maison%20G%C3%B6lt%C3%BCrkb%C3%BCk%C3%BC%20Bodrum&ved=2ahUKEwj73Micmb6WAxWLPQYAHU6NKEoQvukIegQIAxAC&ts=CAAaGhIYEhIKBwjqDxAJGAcSBwjqDxAJGAgyAggCKgIKAA,Lavinya Maison,VALID_ENTITY_NO_REVIEWS,0,2026-08-26T14:35:36Z,2026-08-26T14:35:36Z,
BOD055,Lavinya Otel Göltürkbükü,Göltürkbükü,google_travel,https://www.google.com/travel/hotels/entity/CgsIzujNwKKw17XYARAB,Lavinya Otel Göltürkbükü,VALID_ENTITY_NO_REVIEWS,0,2026-08-26T14:36:15Z,2026-08-26T14:36:15Z,
BOD056,"Mandarin Oriental, Bodrum",Göltürkbükü,google_travel,https://www.google.com/travel/hotels/entity/ChgI0ZWL5OHIovcnGgwvZy8xcTY3cF82NzgQAQ,"Mandarin Oriental, Bodrum",VALID_ENTITY_NO_REVIEWS,0,2026-08-26T14:36:48Z,2026-08-26T14:36:48Z,
BOD057,Selvi Bodrum,Göltürkbükü,google_travel,https://www.google.com/travel/hotels/entity/ChgIwemp-sDO7cQMGgwvZy8xMnE0dGc5X3oQAQ?q=Selvi%20Bodrum%20G%C3%B6lt%C3%BCrkb%C3%BCk%C3%BC%20Bodrum&ved=2ahUKEwiXs62jmb6WAxVkZUECHQD6KnsQvukIegQIAxAC&ts=CAAaGhIYEhIKBwjqDxAJGAcSBwjqDxAJGAgyAggCKgIKAA,Selvi Bodrum,COMPLETED,60,2026-08-26T14:38:37Z,2026-08-26T14:38:37Z,
BOD058,Bodrum Beach Resort,Gümbet,google_travel,https://www.google.com/travel/hotels/entity/ChgI6eX_zO-jka-3ARoLL2cvMXRqNXN5OGwQAQ,Bodrum Beach Resort.,VALID_ENTITY_NO_REVIEWS,0,2026-08-26T14:41:49Z,2026-08-26T14:41:49Z,
BOD059,Bodrum Hotel Baba,Gümbet,google_travel,https://www.google.com/travel/hotels/entity/CgoIp_uGjqeilrEjEAE,HOTEL BABA,WRONG_ENTITY,0,2026-08-26T14:42:26Z,2026-08-26T14:42:26Z,
BOD060,Club Shark Hotel,Gümbet,google_travel,https://www.google.com/travel/hotels/entity/ChgImcHF4_qzsKm5ARoLL2cvMXRkamxta2sQAQ?q=Club%20Shark%20Hotel%20G%C3%BCmbet%20Bodrum&ts=CAAaGhIYEhIKBwjqDxAJGAcSBwjqDxAJGAgyAggCKgcKBToDVFJZ&ved=2ahUKEwih6eCqmb6WAxXBaEECHSFvFZkQvukIegQIAxAC,Club Shark Hotel,COMPLETED,58,2026-08-26T14:42:35Z,2026-08-26T14:42:35Z,
BOD061,Gümbet Anıl Beach,Gümbet,google_travel,https://www.google.com/travel/hotels/entity/ChgI-8jIhJzX8relARoLL2cvMXRmZjBiXzYQAQ?q=G%C3%BCmbet%20An%C4%B1l%20Beach%20G%C3%BCmbet%20Bodrum&ved=2ahUKEwjnj7uxmb6WAxVEi3wGHT5JC3YQvukIegQIAxAC&ts=CAAaGhIYEhIKBwjqDxAJGAcSBwjqDxAJGAgyAggCKgIKAA,Gümbet Anıl Beach,COMPLETED,45,2026-08-26T14:44:14Z,2026-08-26T14:44:14Z,
BOD063,Jasmin Beach Hotel,Gümbet,google_travel,https://www.google.com/travel/hotels/entity/ChgIm7Skp6jayo0JGgwvZy8xaGRfZDR0MTkQAQ?q=Jasmin%20Beach%20Hotel%20G%C3%BCmbet%20Bodrum&ts=CAAaGhIYEhIKBwjqDxAJGAcSBwjqDxAJGAgyAggCKgcKBToDVFJZ&ved=2ahUKEwjUhqm_mb6WAxVRe0ECHVDNCIwQvukIegQIAxAC,Jasmin Beach Hotel,COMPLETED,10,2026-08-26T14:45:46Z,2026-08-26T14:45:46Z,
BOD064,Jasmin Elite Residence & Spa,Gümbet,google_travel,https://www.google.com/travel/hotels/entity/ChgIgZSIp_O8x3MaDS9nLzExZnh3c3pqeDAQAQ?q=Jasmin%20Elite%20Residence%20%26%20Spa%20G%C3%BCmbet%20Bodrum&ts=CAAaGhIYEhIKBwjqDxAJGAcSBwjqDxAJGAgyAggCKgcKBToDVFJZ&ved=2ahUKEwj5kpLGmb6WAxVkZUECHQD6KnsQvukIegQIAxAC,Jasmin Elite Residence & Spa,COMPLETED,9,2026-08-26T14:46:51Z,2026-08-26T14:46:51Z,
BOD065,Mirada Exclusive Bodrum,Gümbet,google_travel,https://www.google.com/travel/hotels/entity/ChoIsqH9xsjG_r-rARoNL2cvMTFzbXQ1YjNqNxAB,Mirada Exclusive Bodrum,VALID_ENTITY_NO_REVIEWS,0,2026-08-26T14:47:41Z,2026-08-26T14:47:41Z,
BOD066,Royal Asarlik Beach Hotel & Spa,Gümbet,google_travel,https://www.google.com/travel/hotels/entity/ChkI_76qtKi0wuyrARoML2cvMTJtOTFzNDl6EAE,Royal Asarlik Beach Hotel & Spa,VALID_ENTITY_NO_REVIEWS,0,2026-08-26T14:50:02Z,2026-08-26T14:50:02Z,
BOD067,Sami Beach Hotel,Gümbet,google_travel,https://www.google.com/travel/hotels/entity/ChkIx5-i2Nn1nZSQARoML2cvMTEzZHFwbTdwEAE?q=Sami%20Beach%20Hotel%20G%C3%BCmbet%20Bodrum&ts=CAAaGhIYEhIKBwjqDxAJGAcSBwjqDxAJGAgyAggCKgIKAA&ved=2ahUKEwjkiN_Mmb6WAxXBaEECHSFvFZkQvukIegQIAxAC,Sami Beach Hotel,COMPLETED,39,2026-08-26T14:50:43Z,2026-08-26T14:50:43Z,
BOD068,Selectum Colours Bodrum,Gümbet,google_travel,https://www.google.com/travel/hotels/entity/ChkIiavW48r20LIjGg0vZy8xMWZuNjFqcXI4EAE?q=Selectum%20Colours%20Bodrum%20G%C3%BCmbet%20Bodrum&ved=2ahUKEwjvuN3Tmb6WAxVEi3wGHT5JC3YQvukIegQIAxAC&ts=CAAaGhIYEhIKBwjqDxAJGAcSBwjqDxAJGAgyAggCKgcKBToDVFJZ,Selectum Colours Bodrum,VALID_ENTITY_NO_REVIEWS,0,2026-08-26T14:51:58Z,2026-08-26T14:51:58Z,
BOD070,The Luvi Hotel,Gümbet,google_travel,https://www.google.com/travel/hotels/entity/ChgI0OmIl_qunPTFARoLL2cvMXRzeXh2eWMQAQ,The Luvi Hotel,VALID_ENTITY_NO_REVIEWS,0,2026-08-26T14:52:39Z,2026-08-26T14:52:39Z,
BOD071,Tropicana Beach Hotel,Gümbet,google_travel,https://www.google.com/travel/hotels/entity/ChgIt8eM1NGWrOeJARoLL2cvMXRkcmhrdGsQAQ?q=Tropicana%20Beach%20Hotel%20G%C3%BCmbet%20Bodrum&ts=CAAaGhIYEhIKBwjqDxAJGAcSBwjqDxAJGAgyAggCKgcKBToDVFJZ&ved=2ahUKEwizr9_jmb6WAxVoh3wGHUiKCLMQvukIegQIAxAC,Tropicana Beach Hotel,COMPLETED,5,2026-08-26T14:53:41Z,2026-08-26T14:53:41Z,
BOD073,Arriba Apartment & Restaurant & Bungalows,Gümüşlük,google_travel,https://www.google.com/travel/hotels/entity/ChkItPHf3uPq-rBzGg0vZy8xMWI2ZHFiNmw5EAE?q=Arriba%20Apartment%20%26%20Restaurant%20%26%20Bungalows%20G%C3%BCm%C3%BC%C5%9Fl%C3%BCk%20Bodrum&ts=CAAaGhIYEhIKBwjqDxAJGAcSBwjqDxAJGAgyAggCKgcKBToDVFJZ&ved=2ahUKEwiDiJ_ymb6WAxUAWEECHaQdIG8QvukIegQIAxAC,Arriba Apartment & Restaurant & Bungalows,COMPLETED,6,2026-08-26T14:54:26Z,2026-08-26T14:54:26Z,
BOD074,Begonvil Gümüşlük,Gümüşlük,google_travel,https://www.google.com/travel/hotels/entity/ChoIy9G07sGTgtCOARoNL2cvMTF2NDhubGtkORAB?q=Begonvil%20G%C3%BCm%C3%BC%C5%9Fl%C3%BCk%20G%C3%BCm%C3%BC%C5%9Fl%C3%BCk%20Bodrum&ts=CAAaGhIYEhIKBwjqDxAJGAcSBwjqDxAJGAgyAggCKgcKBToDVFJZ&ved=2ahUKEwi_uPL6mb6WAxXEIQYAHYN4OBMQvukIegQIAxAC,Begonvil Gümüşlük,COMPLETED,8,2026-08-26T14:55:08Z,2026-08-26T14:55:08Z,
BOD077,Ladonia Hotels Zemda,Gümüşlük,google_travel,https://www.google.com/travel/hotels/entity/ChgI74a6--jat-CbARoLL2cvMXRkajFqa3EQAQ?q=Ladonia%20Hotels%20Zemda%20G%C3%BCm%C3%BC%C5%9Fl%C3%BCk%20Bodrum&ts=CAAaGhIYEhIKBwjqDxAJGAcSBwjqDxAJGAgyAggCKgcKBToDVFJZ&ved=2ahUKEwiI5bOXmr6WAxU2fUECHaUZLGAQvukIegQIAxAC,Ladonia Hotels Zemda,VALID_ENTITY_NO_REVIEWS,0,2026-08-26T14:56:11Z,2026-08-26T14:56:11Z,
BOD080,Myndos Oda & kahvalti,Gümüşlük,google_travel,https://www.google.com/travel/hotels/entity/ChgIqqvF8smdko4KGgwvZy8xaGY0bWRiel8QAQ?q=Myndos%20Oda%20%26%20kahvalti%20G%C3%BCm%C3%BC%C5%9Fl%C3%BCk%20Bodrum&ved=2ahUKEwjDypGumr6WAxWoAwYAHfHqA1MQvukIegQIAxAC&ts=CAAaGhIYEhIKBwjqDxAJGAcSBwjqDxAJGAgyAggCKgcKBToDVFJZ,Myndos Oda & kahvalti,VALID_ENTITY_NO_REVIEWS,0,2026-08-26T14:57:04Z,2026-08-26T14:57:04Z,
BOD086,Vega Aparts,Gümüşlük,google_travel,https://www.google.com/travel/hotels/entity/ChkIzdWl4u2Z7eoMGg0vZy8xMWNzMDR3cXk0EAE?q=Vega%20Aparts%20G%C3%BCm%C3%BC%C5%9Fl%C3%BCk%20Bodrum&ts=CAAaGhIYEhIKBwjqDxAJGAcSBwjqDxAJGAgyAggCKgcKBToDVFJZ&ved=2ahUKEwia8IHemr6WAxUsdUECHfFDK1cQvukIegQIAxAC,Vega Aparts,VALID_ENTITY_NO_REVIEWS,0,2026-08-26T14:57:38Z,2026-08-26T14:57:38Z,
BOD087,Wanderheaven Camping & Tiny House Bodrum,Gümüşlük,google_travel,https://www.google.com/travel/hotels/entity/ChkIvoT_1--qsqtmGg0vZy8xMWZ0MDN0NHdnEAE?q=Wanderheaven%20Camping%20%26%20Tiny%20House%20Bodrum%20G%C3%BCm%C3%BC%C5%9Fl%C3%BCk%20Bodrum&ts=CAAaGhIYEhIKBwjqDxAJGAcSBwjqDxAJGAgyAggCKgcKBToDVFJZ&ved=2ahUKEwj5gtjkmr6WAxUgQ0ECHbFvLoQQvukIegQIAxAC,Wanderheaven Camping & Tiny House Bodrum,VALID_ENTITY_NO_REVIEWS,0,2026-08-26T14:58:14Z,2026-08-26T14:58:14Z,
BOD088,Baia Bodrum Hotel,Gündoğan,google_travel,https://www.google.com/travel/hotels/entity/ChgIj8jCtfnP6LOWARoLL2cvMXRkXzdjbjUQAQ?q=Baia%20Bodrum%20Hotel%20G%C3%BCndo%C4%9Fan%20Bodrum&ts=CAAaGhIYEhIKBwjqDxAJGAcSBwjqDxAJGAgyAggCKgIKAA&ved=2ahUKEwjxspHrmr6WAxU2TEECHQgYJoEQvukIegQIAxAC,Baia Bodrum Hotel,VALID_ENTITY_NO_REVIEWS,0,2026-08-26T14:58:52Z,2026-08-26T14:58:52Z,
BOD089,Cape Bodrum Luxury Hotel & Beach,Gündoğan,google_travel,https://www.google.com/travel/hotels/entity/ChkIndCDzp2Bh5EDGg0vZy8xMWMza2RmYjN2EAE?q=Cape%20Bodrum%20Luxury%20Hotel%20%26%20Beach%20G%C3%BCndo%C4%9Fan%20Bodrum&ts=CAAaGhIYEhIKBwjqDxAJGAcSBwjqDxAJGAgyAggCKgcKBToDVFJZ&ved=2ahUKEwjF0Nnxmr6WAxUQBwYAHYdwNFoQvukIegQIAxAC,Cape Bodrum Luxury Hotel & Beach,VALID_ENTITY_NO_REVIEWS,0,2026-08-26T14:59:22Z,2026-08-26T14:59:22Z,
BOD090,Costa Farilya Special Class Hotel Bodrum,Gündoğan,google_travel,https://www.google.com/travel/hotels/entity/ChcImKDItNyxy7N-GgsvZy8xdG1jdjlqdxAB?q=Costa%20Farilya%20Special%20Class%20Hotel%20Bodrum%20G%C3%BCndo%C4%9Fan%20Bodrum&ved=2ahUKEwi_0cv4mr6WAxUvOAYAHSL-BWYQvukIegQIAxAC&ts=CAAaGhIYEhIKBwjqDxAJGAcSBwjqDxAJGAgyAggCKgcKBToDVFJZ,Costa Farilya Special Class Hotel Bodrum,VALID_ENTITY_NO_REVIEWS,0,2026-08-26T15:00:19Z,2026-08-26T15:00:19Z,
BOD095,Mivara Luxury Bodrum,Gündoğan,google_travel,https://www.google.com/travel/hotels/entity/ChkIx9HcjJLU4qBeGg0vZy8xMWI2ZHA3ODluEAE?q=Mivara%20Luxury%20Bodrum%20G%C3%BCndo%C4%9Fan%20Bodrum&ts=CAAaGhIYEhIKBwjqDxAJGAcSBwjqDxAJGAgyAggCKgcKBToDVFJZ&ved=2ahUKEwjj9sCcm76WAxXSBwYAHbImEY8QvukIegQIAxAC,Mivara Luxury Bodrum,VALID_ENTITY_NO_REVIEWS,0,2026-08-26T15:00:57Z,2026-08-26T15:00:57Z,
BOD096,Olira Boutique Hotel&SPA,Gündoğan,google_travel,https://www.google.com/travel/hotels/entity/ChcItYXzoL2fxOIXGgsvZy8xdGQ3d2N5NRAB?q=Olira%20Boutique%20Hotel%26SPA%20G%C3%BCndo%C4%9Fan%20Bodrum&ved=2ahUKEwjLtcKjm76WAxWqj3wGHX_GF08QvukIegQIAxAC&ts=CAAaGhIYEhIKBwjqDxAJGAcSBwjqDxAJGAgyAggCKgcKBToDVFJZ,Olira Boutique Hotel&SPA,VALID_ENTITY_NO_REVIEWS,0,2026-08-26T15:01:29Z,2026-08-26T15:01:29Z,
BOD098,Swissôtel Living Bodrum,Gündoğan,google_travel,https://www.google.com/travel/hotels/entity/ChkIlLOokvjigqA1Gg0vZy8xMXk1N2d3OTNfEAE?q=Swiss%C3%B4tel%20Living%20Bodrum%20G%C3%BCndo%C4%9Fan%20Bodrum&ts=CAAaGhIYEhIKBwjqDxAJGAcSBwjqDxAJGAgyAggCKgcKBToDVFJZ&ved=2ahUKEwibjaSym76WAxVWYEECHQU4LhQQvukIegQIAxAC,Swissôtel Living Bodrum,COMPLETED,10,2026-08-26T15:02:01Z,2026-08-26T15:02:01Z,
BOD099,Villa Oliva Butik Otel,Gündoğan,google_travel,https://www.google.com/travel/hotels/entity/ChkIkN7p8P39zesaGg0vZy8xMWY2NnRjNnRiEAE?q=Villa%20Oliva%20Butik%20Otel%20G%C3%BCndo%C4%9Fan%20Bodrum&ts=CAAaGhIYEhIKBwjqDxAJGAcSBwjqDxAJGAgyAggCKgcKBToDVFJZ&ved=2ahUKEwjr2Ii5m76WAxV8d0ECHWh-BvsQvukIegQIAxAC,Villa Oliva Butik Otel,VALID_ENTITY_NO_REVIEWS,0,2026-08-26T15:03:07Z,2026-08-26T15:03:07Z,
BOD101,Vita Bella Hotel Resort & Spa,Gündoğan,google_travel,https://www.google.com/travel/hotels/entity/ChkIneO864rglboNGg0vZy8xMWg1MjFfOWsxEAE?q=Vita%20Bella%20Hotel%20Resort%20%26%20Spa%20G%C3%BCndo%C4%9Fan%20Bodrum&ts=CAAaGhIYEhIKBwjqDxAJGAcSBwjqDxAJGAgyAggCKgcKBToDVFJZ&ved=2ahUKEwjQoqnHm76WAxV3SEECHWX1CgYQvukIegQIAxAC,Vita Bella Hotel Resort & Spa,COMPLETED,10,2026-08-26T15:03:45Z,2026-08-26T15:03:45Z,
BOD102,Akyalı Butik Hotel,Güvercinlik,google_travel,https://www.google.com/travel/hotels/entity/ChgIlbPGuuqElZ8jGgwvZy8xaGMyeXdwZjEQAQ?q=Akyal%C4%B1%20Butik%20Hotel%20G%C3%BCvercinlik%20Bodrum&ts=CAAaGhIYEhIKBwjqDxAJGAcSBwjqDxAJGAgyAggCKgcKBToDVFJZ&ved=2ahUKEwjVz4LOm76WAxUgQ0ECHbFvLoQQvukIegQIAxAC,Akyalı Butik Hotel,VALID_ENTITY_NO_REVIEWS,0,2026-08-26T15:04:25Z,2026-08-26T15:04:25Z,
BOD104,Greenport Bodrum,Güvercinlik,google_travel,https://www.google.com/travel/hotels/entity/ChkI6YHBsbyHrLJCGg0vZy8xMWNqazJ2OW52EAE?q=Greenport%20Bodrum%20G%C3%BCvercinlik%20Bodrum&ts=CAAaGhIYEhIKBwjqDxAJGAcSBwjqDxAJGAgyAggCKgcKBToDVFJZ&ved=2ahUKEwjjraDcm76WAxUYQ0ECHbKvJJkQvukIegQIAxAC,Greenport Bodrum,COMPLETED,7,2026-08-26T15:05:04Z,2026-08-26T15:05:04Z,
BOD105,İsolina Hotel,Güvercinlik,google_travel,https://www.google.com/travel/hotels/entity/ChkI2rPL1dHo1Yw4Gg0vZy8xMXN2amYyaGJfEAE?q=%C4%B0solina%20Hotel%20G%C3%BCvercinlik%20Bodrum&ts=CAAaGhIYEhIKBwjqDxAJGAcSBwjqDxAJGAgyAggCKgcKBToDVFJZ&ved=2ahUKEwiytvjim76WAxVQlHwGHZXGNkcQvukIegQIAxAC,İsolina Hotel,COMPLETED,22,2026-08-26T15:05:56Z,2026-08-26T15:05:56Z,
BOD106,La Blanche Island Bodrum,Güvercinlik,google_travel,https://www.google.com/travel/hotels/entity/ChkI4eCHteSeoocbGg0vZy8xMWI2ZDQwNTc3EAE?q=La%20Blanche%20Island%20Bodrum%20G%C3%BCvercinlik%20Bodrum&ved=2ahUKEwj3oo7qm76WAxVZBAYAHT2aPXsQvukIegQIAxAC&ts=CAAaGhIYEhIKBwjqDxAJGAcSBwjqDxAJGAgyAggCKgcKBToDVFJZ,La Blanche Island Bodrum,VALID_ENTITY_NO_REVIEWS,0,2026-08-26T15:06:51Z,2026-08-26T15:06:51Z,
BOD107,Le Méridien Bodrum Beach Resort,Güvercinlik,google_travel,https://www.google.com/travel/hotels/entity/ChkIjZOUgv6r2M5FGg0vZy8xMWo4dnJwcjAwEAE?q=Le%20M%C3%A9ridien%20Bodrum%20Beach%20Resort%20G%C3%BCvercinlik%20Bodrum&ts=CAAaGhIYEhIKBwjqDxAJGAcSBwjqDxAJGAgyAggCKgcKBToDVFJZ&ved=2ahUKEwje3sDwm76WAxW7OgYAHaBPIiwQvukIegQIAxAC,Le Méridien Bodrum Beach Resort,VALID_ENTITY_NO_REVIEWS,0,2026-08-26T15:08:32Z,2026-08-26T15:08:32Z,
BOD108,Lujo Hotel Bodrum,Güvercinlik,google_travel,https://www.google.com/travel/hotels/entity/ChkIi8Wuu6C7wvESGg0vZy8xMWZ5NTU3MTB2EAE?q=Lujo%20Hotel%20Bodrum%20G%C3%BCvercinlik%20Bodrum&ts=CAAaGhIYEhIKBwjqDxAJGAcSBwjqDxAJGAgyAggCKgIKAA&ved=2ahUKEwiP4u-EnL6WAxUECAYAHZ-9D3cQvukIegQIAxAC,Lujo Hotel Bodrum,VALID_ENTITY_NO_REVIEWS,0,2026-08-26T15:09:12Z,2026-08-26T15:09:12Z,
BOD109,Oscar Seaside Hotel & Spa,Güvercinlik,google_travel,https://www.google.com/travel/hotels/entity/ChoIh_eat86k7YyVARoNL2cvMTFzdHliZmJoXxAB?q=Oscar%20Seaside%20Hotel%20%26%20Spa%20G%C3%BCvercinlik%20Bodrum&ts=CAAaGhIYEhIKBwjqDxAJGAcSBwjqDxAJGAgyAggCKgcKBToDVFJZ&ved=2ahUKEwiJlceMnL6WAxU8ekECHYoME5MQvukIegQIAxAC,Oscar Seaside Hotel & Spa,COMPLETED,23,2026-08-26T15:09:58Z,2026-08-26T15:09:58Z,
BOD111,Zena Hotel Bodrum,Güvercinlik,google_travel,https://www.google.com/travel/hotels/entity/ChkItK_FiY_Soc90Gg0vZy8xMWI2MzhuNno5EAE?q=Zena%20Hotel%20Bodrum%20G%C3%BCvercinlik%20Bodrum&ved=2ahUKEwiMyP6ZnL6WAxVOb0ECHew7Fu4QvukIegQIAxAC&ts=CAAaGhIYEhIKBwjqDxAJGAcSBwjqDxAJGAgyAggCKgcKBToDVFJZ,Zena Hotel Bodrum,COMPLETED,10,2026-08-26T15:11:16Z,2026-08-26T15:11:16Z,
BOD113,Kadıkale Resort,Kadıkalesi,google_travel,https://www.google.com/travel/hotels/entity/ChcI267av9v2hps2GgsvZy8xdGZkdmtjMBAB,Kadıkale Resort,VALID_ENTITY_NO_REVIEWS,0,2026-08-26T15:12:13Z,2026-08-26T15:12:13Z,
BOD116,Acropol Of Bodrum Beach Hotel - Restaurant,Ortakent-Yahşi,google_travel,https://www.google.com/travel/hotels/entity?q=Acropol%20Of%20Bodrum%20Beach%20Hotel%20%20%20Restaurant%20Ortakent%20Yah%C5%9Fi%20Bodrum&ved=2ahUKEwiazLvFnL6WAxXNcUECHZHjF48QvukIegUIAxC6Aw&ts=CAEaWwo9EjsKDS9nLzExajN3cmgweG06KkFjcm9wb2wgT2YgQm9kcnVtIEJlYWNoIEhvdGVsIC0gUmVzdGF1cmFudBIaEhQKBwjqDxAJGAcSBwjqDxAJGAgYATICCAIqBwoFOgNUUlk&rp=OAFIAg,Acropol Of Bodrum Beach Hotel - Restaurant · 204 sonuç,VALID_ENTITY_NO_REVIEWS,0,2026-08-26T15:13:06Z,2026-08-26T15:13:06Z,
BOD119,"Bodrum Suites Apart Otel, Ortakent - Yahşi",Ortakent-Yahşi,google_travel,https://www.google.com/travel/hotels/entity/ChgI7MOug7ORgqmWARoLL2cvMXhnYzB3cHcQAQ?q=Bodrum%20Suites%20Apart%20Otel%2C%20Ortakent%20%20%20Yah%C5%9Fi%20Ortakent%20Yah%C5%9Fi%20Bodrum&ved=2ahUKEwjCiKDhnL6WAxX_lHwGHRXjCUkQvukIegQIAxAC&ts=CAAaGhIYEhIKBwjqDxAJGAcSBwjqDxAJGAgyAggCKgIKAA,"Bodrum Suites Apart Otel, Ortakent - Yahşi",VALID_ENTITY_NO_REVIEWS,0,2026-08-26T15:13:48Z,2026-08-26T15:13:48Z,
BOD120,Celeste Bella Luxury Hotel & Spa,Ortakent-Yahşi,google_travel,https://www.google.com/travel/hotels/entity/ChoIppOc87W0lb3MARoNL2cvMTFrYnozeXA3bRAB?q=Celeste%20Bella%20Luxury%20Hotel%20%26%20Spa%20Ortakent%20Yah%C5%9Fi%20Bodrum&ved=2ahUKEwiLwtHpnL6WAxXImXwGHSCrI08QvukIegQIAxAC&ts=CAAaGhIYEhIKBwjqDxAJGAcSBwjqDxAJGAgyAggCKgcKBToDVFJZ,Celeste Bella Luxury Hotel & Spa,VALID_ENTITY_NO_REVIEWS,0,2026-08-26T15:14:22Z,2026-08-26T15:14:22Z,
BOD122,Florida Otel,Ortakent-Yahşi,google_travel,https://www.google.com/travel/hotels/entity/ChkIvZS0lqWeo9z2ARoML2cvMTEzZGc5MWg5EAE?q=Florida%20Otel%20Ortakent%20Yah%C5%9Fi%20Bodrum&ved=2ahUKEwiPzKT6nL6WAxW6OwYAHaONGRIQvukIegQIAxAC&ts=CAAaGhIYEhIKBwjqDxAJGAcSBwjqDxAJGAgyAggCKgcKBToDVFJZ,Florida Otel,VALID_ENTITY_NO_REVIEWS,0,2026-08-26T15:14:57Z,2026-08-26T15:14:57Z,
BOD123,Hotel Marma Beach,Ortakent-Yahşi,google_travel,https://www.google.com/travel/hotels/entity/ChkI5qb0noHmrK5cGg0vZy8xMWNtX2h3c2Z3EAE?q=Hotel%20Marma%20Beach%20Ortakent%20Yah%C5%9Fi%20Bodrum&ts=CAAaGhIYEhIKBwjqDxAJGAcSBwjqDxAJGAgyAggCKgIKAA&ved=2ahUKEwjQ_pCBnb6WAxXSBwYAHbImEY8QvukIegQIAxAC,Hotel Marma Beach,COMPLETED,12,2026-08-26T15:15:26Z,2026-08-26T15:15:26Z,
BOD125,Kefi Beach Bodrum,Ortakent-Yahşi,google_travel,https://www.google.com/travel/hotels/entity/ChkIrYXbsuDe6uoGGg0vZy8xMWI2ZGZuazd2EAE?q=Kefi%20Beach%20Bodrum%20Ortakent%20Yah%C5%9Fi%20Bodrum&ved=2ahUKEwiGoJiQnb6WAxXQcEECHZd4EEwQvukIegQIAxAC&ts=CAAaGhIYEhIKBwjqDxAJGAcSBwjqDxAJGAgyAggCKgIKAA,Kefi Beach Bodrum,COMPLETED,10,2026-08-26T15:16:15Z,2026-08-26T15:16:15Z,
BOD126,Khai Hotel Bodrum,Ortakent-Yahşi,google_travel,https://www.google.com/travel/hotels/entity/ChoIjeq4lani94SRARoNL2cvMTFubjcwMXE2eBAB?q=Khai%20Hotel%20Bodrum%20Ortakent%20Yah%C5%9Fi%20Bodrum&ved=2ahUKEwimuaSXnb6WAxUeBwYAHb6YAFsQvukIegQIAxAC&ts=CAAaGhIYEhIKBwjqDxAJGAcSBwjqDxAJGAgyAggCKgcKBToDVFJZ,Khai Hotel Bodrum,VALID_ENTITY_NO_REVIEWS,0,2026-08-26T15:17:24Z,2026-08-26T15:17:24Z,
BOD127,Kriss Hotel,Ortakent-Yahşi,google_travel,https://www.google.com/travel/hotels/entity/ChcI09aXptq55YVHGgsvZy8xdGRocGI2ORAB?q=Kriss%20Hotel%20Ortakent%20Yah%C5%9Fi%20Bodrum&ved=2ahUKEwinmZGxnb6WAxV4pnwGHSZ3BhAQvukIegQIAxAC&ts=CAAaGhIYEhIKBwjqDxAJGAcSBwjqDxAJGAgyAggCKgIKAA,Kriss Hotel,COMPLETED,9,2026-08-26T15:18:00Z,2026-08-26T15:18:00Z,
BOD128,Lugga Boutique Hotel & Beach,Ortakent-Yahşi,google_travel,https://www.google.com/travel/hotels/entity/ChoI4JP_1d-6pq7eARoNL2cvMTF0am56eG1tZBAB?q=Lugga%20Boutique%20Hotel%20%26%20Beach%20Ortakent%20Yah%C5%9Fi%20Bodrum&ved=2ahUKEwj9-ve4nb6WAxVihXwGHSlRADcQvukIegQIAxAC&ts=CAAaGhIYEhIKBwjqDxAJGAcSBwjqDxAJGAgyAggCKgcKBToDVFJZ,Lugga Boutique Hotel & Beach,COMPLETED,67,2026-08-26T15:18:49Z,2026-08-26T15:18:49Z,
BOD129,Meggs Bodrum,Ortakent-Yahşi,google_travel,https://www.google.com/travel/hotels/entity/ChkIhqayo5iKvu8VGg0vZy8xMWI2ZGZxcnFtEAE?q=Meggs%20Bodrum%20Ortakent%20Yah%C5%9Fi%20Bodrum&ts=CAAaGhIYEhIKBwjqDxAJGAcSBwjqDxAJGAgyAggCKgcKBToDVFJZ&ved=2ahUKEwini57Anb6WAxUeBwYAHb6YAFsQvukIegQIAxAC,Meggs Bodrum,VALID_ENTITY_NO_REVIEWS,0,2026-08-26T15:21:28Z,2026-08-26T15:21:28Z,
BOD130,Petunya Beach Resort,Ortakent-Yahşi,google_travel,https://www.google.com/travel/hotels/entity/ChgI3cTnmfOBvJQTGgwvZy8xaGMzeTBkMGMQAQ?q=Petunya%20Beach%20Resort%20Ortakent%20Yah%C5%9Fi%20Bodrum&ved=2ahUKEwjgj5fHnb6WAxVEi3wGHT5JC3YQvukIegQIAxAC&ts=CAAaGhIYEhIKBwjqDxAJGAcSBwjqDxAJGAgyAggCKgIKAA,Petunya Beach Resort,VALID_ENTITY_NO_REVIEWS,0,2026-08-26T15:22:15Z,2026-08-26T15:22:15Z,
BOD131,Regia Mare Beach Hotel Bodrum,Ortakent-Yahşi,google_travel,https://www.google.com/travel/hotels/entity/ChkIrbPiitil1K8MGg0vZy8xMXBjMXR6cjEyEAE?q=Regia%20Mare%20Beach%20Hotel%20Bodrum%20Ortakent%20Yah%C5%9Fi%20Bodrum&ts=CAAaGhIYEhIKBwjqDxAJGAcSBwjqDxAJGAgyAggCKgcKBToDVFJZ&ved=2ahUKEwinqNTOnb6WAxV0eUECHVpfBmQQvukIegQIAxAC,Regia Mare Beach Hotel Bodrum,VALID_ENTITY_NO_REVIEWS,0,2026-08-26T15:22:58Z,2026-08-26T15:22:58Z,
BOD132,Viras Hotel & Beach,Ortakent-Yahşi,google_travel,https://www.google.com/travel/hotels/entity/ChcIu6ao1tGG6ZhsGgsvZy8xdjI3M3pxaBAB?q=Viras%20Hotel%20%26%20Beach%20Ortakent%20Yah%C5%9Fi%20Bodrum&ved=2ahUKEwino8bZnb6WAxUAcUECHXxeCAIQvukIegQIAxAC&ts=CAAaGhIYEhIKBwjqDxAJGAcSBwjqDxAJGAgyAggCKgcKBToDVFJZ,Viras Hotel & Beach,COMPLETED,2,2026-08-26T15:23:48Z,2026-08-26T15:23:48Z,
BOD133,Yahşi Beach Hotel & Restaurant,Ortakent-Yahşi,google_travel,https://www.google.com/travel/hotels/entity/ChgIurukzIj3q9hkGgwvZy8xMTNqMXQ2amoQAQ?q=Yah%C5%9Fi%20Beach%20Hotel%20%26%20Restaurant%20Ortakent%20Yah%C5%9Fi%20Bodrum&ved=2ahUKEwjnv-3ynb6WAxUECAYAHZ-9D3cQvukIegQIAxAC&ts=CAAaGhIYEhIKBwjqDxAJGAcSBwjqDxAJGAgyAggCKgIKAA,Yahşi Beach Hotel & Restaurant,VALID_ENTITY_NO_REVIEWS,0,2026-08-26T15:24:40Z,2026-08-26T15:24:40Z,
BOD134,Yakamoz Otel,Ortakent-Yahşi,google_travel,https://www.google.com/travel/hotels/entity/ChoIsp7Rm-yqgfC2ARoNL2cvMTFnbWR5dzkwZBAB?q=Yakamoz%20Otel%20Ortakent%20Yah%C5%9Fi%20Bodrum&ts=CAAaGhIYEhIKBwjqDxAJGAcSBwjqDxAJGAgyAggCKgcKBToDVFJZ&ved=2ahUKEwiqheD6nb6WAxVIQkECHQurFJoQvukIegQIAxAC,Yakamoz Otel,VALID_ENTITY_NO_REVIEWS,0,2026-08-26T15:25:14Z,2026-08-26T15:25:14Z,
BOD136,Zest Exclusive Hotel and Spa,Ortakent-Yahşi,google_travel,https://www.google.com/travel/hotels/entity/ChoIubvujcCOz-DMARoNL2cvMTFiNjNianFreRAB?q=Zest%20Exclusive%20Hotel%20and%20Spa%20Ortakent%20Yah%C5%9Fi%20Bodrum&ts=CAAaGhIYEhIKBwjqDxAJGAcSBwjqDxAJGAgyAggCKgcKBToDVFJZ&ved=2ahUKEwivq-6Jnr6WAxVUOAYAHbErFSUQvukIegQIAxAC,Zest Exclusive Hotel and Spa,VALID_ENTITY_NO_REVIEWS,0,2026-08-26T15:25:51Z,2026-08-26T15:25:51Z,
BOD140,DoubleTree by Hilton Bodrum Işıl Club All-Inclusive Resort,Torba,google_travel,https://www.google.com/travel/hotels/entity/ChkI2-iu15q5kbcWGg0vZy8xMWpoOHgwcHY0EAE?q=DoubleTree%20by%20Hilton%20Bodrum%20I%C5%9F%C4%B1l%20Club%20All%20Inclusive%20Resort%20Torba%20Bodrum&ts=CAAaGhIYEhIKBwjqDxAJGAcSBwjqDxAJGAgyAggCKgcKBToDVFJZ&ved=2ahUKEwjUlqSpnr6WAxUQBwYAHYdwNFoQvukIegQIAxAC,DoubleTree by Hilton Bodrum Işıl Club All-Inclusive Resort,VALID_ENTITY_NO_REVIEWS,0,2026-08-26T15:26:24Z,2026-08-26T15:26:24Z,
BOD143,Hotel Zeytinada,Torba,google_travel,https://www.google.com/travel/hotels/entity/ChcImdeM8b6Q57UNGgsvZy8xdGs1cW5tbBAB?q=Hotel%20Zeytinada%20Torba%20Bodrum&ts=CAAaGhIYEhIKBwjqDxAJGAcSBwjqDxAJGAgyAggCKgcKBToDVFJZ&ved=2ahUKEwi9t43Fnr6WAxXABQYAHdCYLG8QvukIegQIAxAC,Hotel Zeytinada,VALID_ENTITY_NO_REVIEWS,0,2026-08-26T15:27:05Z,2026-08-26T15:27:05Z,
BOD145,Moyo Luxury Hotel & Beach,Torba,google_travel,https://www.google.com/travel/hotels/entity/ChoI2tv28brhtZ7_ARoNL2cvMTFmZ203c2czcBAB?q=Moyo%20Luxury%20Hotel%20%26%20Beach%20Torba%20Bodrum&ved=2ahUKEwij_8Panr6WAxXmZkECHYt_Ff8QvukIegQIAxAC&ts=CAAaGhIYEhIKBwjqDxAJGAcSBwjqDxAJGAgyAggCKgIKAA&ap=KigKEgnB3J8T-YlCQBGp3NIwsHU7QBISCfB6PCqkikJAEanc0qTgdjtA,Moyo Luxury Hotel & Beach,COMPLETED,9,2026-08-26T15:27:41Z,2026-08-26T15:27:41Z,
BOD146,Olivia Hotel,Torba,google_travel,https://www.google.com/travel/hotels/entity/ChgI5pTP-e-O0PtIGgwvZy8xaGM3a3IzcHQQAQ?q=Olivia%20Hotel%20Torba%20Bodrum&ved=2ahUKEwjpiIXinr6WAxXYLAYAHQiYBaYQvukIegQIAxAC&ts=CAAaGhIYEhIKBwjqDxAJGAcSBwjqDxAJGAgyAggCKgcKBToDVFJZ,Olivia Hotel,COMPLETED,24,2026-08-26T15:28:31Z,2026-08-26T15:28:31Z,
BOD147,Omar Hotel & Suites,Torba,google_travel,https://www.google.com/travel/hotels/entity/ChgInsrCgN2-jv2xARoLL2cvMXRmaHZfNzMQAQ?q=Omar%20Hotel%20%26%20Suites%20Torba%20Bodrum&ts=CAAaGhIYEhIKBwjqDxAJGAcSBwjqDxAJGAgyAggCKgcKBToDVFJZ&ved=2ahUKEwiV36zpnr6WAxWiOQYAHYDAHI4QvukIegQIAxAC,Omar Hotel & Suites,VALID_ENTITY_NO_REVIEWS,0,2026-08-26T15:29:41Z,2026-08-26T15:29:41Z,
BOD148,Rixos Premium Bodrum,Torba,google_travel,https://www.google.com/travel/hotels/entity/ChgIs66GzsSM5PSHARoLL2cvMXR4MTJwZDMQAQ?q=Rixos%20Premium%20Bodrum%20Torba%20Bodrum&ved=2ahUKEwiIsdX1nr6WAxV2YkECHUKPNxIQvukIegQIAxAC&ts=CAAaGhIYEhIKBwjqDxAJGAcSBwjqDxAJGAgyAggCKgIKAA,Rixos Premium Bodrum,VALID_ENTITY_NO_REVIEWS,0,2026-08-26T15:30:15Z,2026-08-26T15:30:15Z,
BOD150,Samara Hotel,Torba,google_travel,https://www.google.com/travel/hotels/entity/ChgI1qjkw_2X2LexARoLL2cvMXZxdDJicDUQAQ?q=Samara%20Hotel%20Torba%20Bodrum&ts=CAAaGhIYEhIKBwjqDxAJGAcSBwjqDxAJGAgyAggCKgcKBToDVFJZ&ved=2ahUKEwjp9qKNn76WAxXIKwYAHZBnFE8QvukIegQIAxAC,Samara Hotel,VALID_ENTITY_NO_REVIEWS,0,2026-08-26T15:31:09Z,2026-08-26T15:31:09Z,
BOD152,"Susona Bodrum, LXR Hotels & Resorts",Torba,google_travel,https://www.google.com/travel/hotels/entity/ChkIgfXTtKuLypd6Gg0vZy8xMWZ0eGs5bng1EAE?q=Susona%20Bodrum%2C%20LXR%20Hotels%20%26%20Resorts%20Torba%20Bodrum&ved=2ahUKEwjlpcWgn76WAxVEi3wGHT5JC3YQvukIegQIAxAC&ts=CAAaGhIYEhIKBwjqDxAJGAcSBwjqDxAJGAgyAggCKgcKBToDVFJZ,"Susona Bodrum, LXR Hotels & Resorts",VALID_ENTITY_NO_REVIEWS,0,2026-08-26T15:32:03Z,2026-08-26T15:32:03Z,
BOD153,The Oba Hotel,Torba,google_travel,https://www.google.com/travel/hotels/entity/ChkIwJfY9v-yi5BTGg0vZy8xMWw0bXpnNHpsEAE?q=The%20Oba%20Hotel%20Torba%20Bodrum&ts=CAAaGhIYEhIKBwjqDxAJGAcSBwjqDxAJGAgyAggCKgcKBToDVFJZ&ved=2ahUKEwjI19Wnn76WAxWJOQYAHSpSBBkQvukIegQIAxAC,The Oba Hotel,VALID_ENTITY_NO_REVIEWS,0,2026-08-26T15:33:24Z,2026-08-26T15:33:24Z,
BOD155,Trend Life | Trendlife Hotels & Beach Club Bodrum Torba,Torba,google_travel,https://www.google.com/travel/hotels/entity/ChoI14f077b98uyAARoNL2cvMTFzeTNsbjZ4NRAB?q=Trend%20Life%20%7C%20Trendlife%20Hotels%20%26%20Beach%20Club%20Bodrum%20Torba%20Torba%20Bodrum&ved=2ahUKEwjO9r63n76WAxUECAYAHZ-9D3cQvukIegQIAxAC&ts=CAAaGhIYEhIKBwjqDxAJGAcSBwjqDxAJGAgyAggCKgIKAA,Trend Life | Trendlife Hotels & Beach Club Bodrum Torba,VALID_ENTITY_NO_REVIEWS,0,2026-08-26T15:34:35Z,2026-08-26T15:34:35Z,
BOD156,Voyage Torba,Torba,google_travel,https://www.google.com/travel/hotels/entity/ChkIpfq3j7GzsqYDGg0vZy8xMXR0MHlzeHFoEAE?q=Voyage%20Torba%20Torba%20Bodrum&ts=CAAaGhIYEhIKBwjqDxAJGAcSBwjqDxAJGAgyAggCKgcKBToDVFJZ&ved=2ahUKEwi1_8u-n76WAxV9QEECHTAXHqwQvukIegQIAxAC,Voyage Torba,VALID_ENTITY_NO_REVIEWS,0,2026-08-26T15:35:09Z,2026-08-26T15:35:09Z,
BOD161,MyElla Hotel Resort & Spa,Turgutreis,google_travel,https://www.google.com/travel/hotels/entity/ChoI-9CC1ZPs0P69ARoNL2cvMTFzejNyYm12ZhAB?q=MyElla%20Hotel%20Resort%20%26%20Spa%20Turgutreis%20Bodrum&ved=2ahUKEwjZ_MLvn76WAxVoh3wGHUiKCLMQvukIegQIAxAC&ts=CAAaGhIYEhIKBwjqDxAJGAcSBwjqDxAJGAgyAggCKgIKAA,MyElla Hotel Resort & Spa,VALID_ENTITY_NO_REVIEWS,0,2026-08-26T15:35:48Z,2026-08-26T15:35:48Z,
BOD162,Rammos Managed by Dedeman,Turgutreis,google_travel,https://www.google.com/travel/hotels/entity/ChkIlKDmk5L7uYMzGg0vZy8xMXN3cGg2cWZ4EAE?q=Rammos%20Managed%20by%20Dedeman%20Turgutreis%20Bodrum&ved=2ahUKEwit3Nb2n76WAxVKRUECHfWaGioQvukIegQIAxAC&ts=CAAaGhIYEhIKBwjqDxAJGAcSBwjqDxAJGAgyAggCKgcKBToDVFJZ,Rammos Managed by Dedeman,VALID_ENTITY_NO_REVIEWS,0,2026-08-26T15:36:30Z,2026-08-26T15:36:30Z,
BOD166,Divan Bodrum,Türkbükü,google_travel,https://www.google.com/travel/hotels/entity/ChcIk-_DgJbv8fJLGgsvZy8xdGQwal95YhAB?q=Divan%20Bodrum%20T%C3%BCrkb%C3%BCk%C3%BC%20Bodrum&ts=CAAaGhIYEhIKBwjqDxAJGAcSBwjqDxAJGAgyAggCKgcKBToDVFJZ&ved=2ahUKEwih_sCZoL6WAxXsakECHVPSOXkQvukIegQIAxAC,Divan Bodrum,VALID_ENTITY_NO_REVIEWS,0,2026-08-26T15:37:11Z,2026-08-26T15:37:11Z,
BOD167,Elista Hotel & Spa,Türkbükü,google_travel,https://www.google.com/travel/hotels/entity/ChkIrvDMk_Pn0fkFGg0vZy8xMWRmdjVkcXBiEAE?q=Elista%20Hotel%20%26%20Spa%20T%C3%BCrkb%C3%BCk%C3%BC%20Bodrum&ts=CAAaGhIYEhIKBwjqDxAJGAcSBwjqDxAJGAgyAggCKgcKBToDVFJZ&ved=2ahUKEwiimKWhoL6WAxVKRUECHfWaGioQvukIegQIAxAC,Elista Hotel & Spa,VALID_ENTITY_NO_REVIEWS,0,2026-08-26T15:37:56Z,2026-08-26T15:37:56Z,
BOD168,Kuum Hotel & SPA Bodrum,Türkbükü,google_travel,https://www.google.com/travel/hotels/entity/ChgIufGG67rR0566ARoLL2cvMXdmcDYyN2sQAQ?q=Kuum%20Hotel%20%26%20SPA%20Bodrum%20T%C3%BCrkb%C3%BCk%C3%BC%20Bodrum&ts=CAAaGhIYEhIKBwjqDxAJGAcSBwjqDxAJGAgyAggCKgcKBToDVFJZ&ved=2ahUKEwiw38-ooL6WAxWvoHwGHSu_GAkQvukIegQIAxAC,Kuum Hotel & SPA Bodrum,VALID_ENTITY_NO_REVIEWS,0,2026-08-26T15:38:31Z,2026-08-26T15:38:31Z,
BOD169,MACAKIZI BODRUM,Türkbükü,google_travel,https://www.google.com/travel/hotels/entity/ChgIvOfB4Iu2jbDJARoLL2cvMXRoaDRyajgQAQ?q=MACAKIZI%20BODRUM%20T%C3%BCrkb%C3%BCk%C3%BC%20Bodrum&ved=2ahUKEwjZ0qaxoL6WAxVjg3wGHQE6LnYQvukIegQIAxAC&ts=CAAaGhIYEhIKBwjqDxAJGAcSBwjqDxAJGAgyAggCKgIKAA,MACAKIZI BODRUM,VALID_ENTITY_NO_REVIEWS,0,2026-08-26T15:39:13Z,2026-08-26T15:39:13Z,
BOD171,4 reasons Hotel Yalikavak,Yalıkavak,google_travel,https://www.google.com/travel/hotels/entity/ChgI_N-CvdDJqZ-AARoLL2cvMXY4NXc1NzAQAQ?q=4%20reasons%20Hotel%20Yalikavak%20Yal%C4%B1kavak%20Bodrum&ts=CAAaGhIYEhIKBwjqDxAJGAcSBwjqDxAJGAgyAggCKgcKBToDVFJZ&ved=2ahUKEwiv_NzBoL6WAxXQOAYAHd-5JVkQvukIegQIAxAC,4 reasons Hotel Yalikavak,COMPLETED,13,2026-08-26T15:39:51Z,2026-08-26T15:39:51Z,
BOD180,MGallery The Bodrum Hotel Yalıkavak,Yalıkavak,google_travel,https://www.google.com/travel/hotels/entity/ChkI0Y20zKuUsdcQGg0vZy8xMXEycDg1OXQ1EAE?q=MGallery%20The%20Bodrum%20Hotel%20Yal%C4%B1kavak%20Yal%C4%B1kavak%20Bodrum&ts=CAAaGhIYEhIKBwjqDxAJGAcSBwjqDxAJGAgyAggCKgcKBToDVFJZ&ved=2ahUKEwji8viMob6WAxURd0ECHczVJfEQvukIegQIAxAC,MGallery The Bodrum Hotel Yalıkavak,VALID_ENTITY_NO_REVIEWS,0,2026-08-26T15:40:52Z,2026-08-26T15:40:52Z,
BOD189,The Bodrum EDITION,Yalıkavak,google_travel,https://www.google.com/travel/hotels/entity/ChoIoYqzieyFytDiARoNL2cvMTFmNTRzNl9fcRAB?q=The%20Bodrum%20EDITION%20Yal%C4%B1kavak%20Bodrum&ts=CAAaGhIYEhIKBwjqDxAJGAcSBwjqDxAJGAgyAggCKgcKBToDVFJZ&ved=2ahUKEwjGmJDYob6WAxXibEECHY0vKLwQvukIegQIAxAC,The Bodrum EDITION,COMPLETED,13,2026-08-26T15:41:36Z,2026-08-26T15:41:36Z,
BOD190,The Sign Highlight Hotel,Yalıkavak,google_travel,https://www.google.com/travel/hotels/entity/ChkI-ZT7oNbT99w4Gg0vZy8xMXprdmpwOHMyEAE?q=The%20Sign%20Highlight%20Hotel%20Yal%C4%B1kavak%20Bodrum&ved=2ahUKEwjPnLDfob6WAxU_hnwGHRgHJykQvukIegQIAxAC&ts=CAAaGhIYEhIKBwjqDxAJGAcSBwjqDxAJGAgyAggCKgcKBToDVFJZ,The Sign Highlight Hotel,VALID_ENTITY_NO_REVIEWS,0,2026-08-26T15:42:57Z,2026-08-26T15:42:57Z,
BOD191,Yalıkavak Marina Hotel by METT Collection,Yalıkavak,google_travel,https://www.google.com/travel/hotels/entity?q=Yal%C4%B1kavak%20Marina%20Hotel%20by%20METT%20Collection%20Yal%C4%B1kavak%20Bodrum&ved=2ahUKEwiz29Xqob6WAxU_BQYAHTAHGygQvukIegUIAxDfAw&ts=CAEaWwo9EjsKDS9nLzExdjBfdzlxYl86KllhbMSxa2F2YWsgTWFyaW5hIEhvdGVsIEJ5IE1ldHQgQ29sbGVjdGlvbhIaEhQKBwjqDxAJGAcSBwjqDxAJGAgYATICCAIqBwoFOgNUUlk&rp=OAFIAg,Yalıkavak Marina Hotel By Mett Collection · 354 sonuç,VALID_ENTITY_NO_REVIEWS,0,2026-08-26T15:45:12Z,2026-08-26T15:45:12Z,
BOD002,Armonia Holiday Village & Spa,Akyarlar,trip,https://www.trip.com/hotels/bodrum-hotel-detail-3448104/armonia-holiday-village-and-spa-all-inclusive/,Armonia Holiday Village & Spa,VALID_ENTITY_NO_REVIEWS,0,2026-08-26T16:55:16Z,2026-08-26T16:55:16Z,
BOD004,Bendis Beach Hotel,Akyarlar,trip,https://www.trip.com/hotels/akyarlar-mahallesi-hotel-detail-4416296/bendis-beach-hotel/,Bendis Beach Hotel,VALID_ENTITY_NO_REVIEWS,0,2026-08-26T16:55:51Z,2026-08-26T16:55:51Z,
BOD007,Kefaluka Resort,Akyarlar,trip,https://www.trip.com/hotels/bodrum-hotel-detail-9894522/kefaluka-resort-ultra-all-inclusive/,Kefaluka Resort,VALID_ENTITY_NO_REVIEWS,0,2026-08-26T16:56:28Z,2026-08-26T16:56:28Z,
BOD010,Mare Garden Hotel,Akyarlar,trip,https://us.trip.com/hotels/bodrum-hotel-detail-60107472/mare-garden-hotel/,Mare Garden Hotel,VALID_ENTITY_NO_REVIEWS,0,2026-08-26T16:57:05Z,2026-08-26T16:57:05Z,
BOD011,"Radisson Collection Hotel, Bodrum",Akyarlar,trip,https://uk.trip.com/hotels/bodrum-hotel-detail-75487192/radisson-collection-hotel-bodrum/,"Radisson Collection Hotel, Bodrum",VALID_ENTITY_NO_REVIEWS,0,2026-08-26T16:57:33Z,2026-08-26T16:57:33Z,
BOD012,Selectum Collection Bodrum,Akyarlar,trip,https://www.trip.com/hotels/bodrum-hotel-detail-7877878/selectum-collection-bodrum/,Selectum Collection Bodrum,VALID_ENTITY_NO_REVIEWS,0,2026-08-26T16:58:11Z,2026-08-26T16:58:11Z,
BOD013,"Sentido Bellazure - Akyarlar, Bodrum / Turkey",Akyarlar,trip,https://uk.trip.com/hotels/bodrum-hotel-detail-10720331/sentido-bellazure-all-inclusive/,Bellazure Hotel,VALID_ENTITY_NO_REVIEWS,0,2026-08-26T16:58:48Z,2026-08-26T16:58:48Z,
BOD014,Suum Bodrum Hotel & Beach,Akyarlar,trip,https://us.trip.com/hotels/bodrum-hotel-detail-116725989/suum-bodrum-hotel-beach/,SUUM BODRUM HOTEL & BEACH,VALID_ENTITY_NO_REVIEWS,0,2026-08-26T16:59:36Z,2026-08-26T16:59:36Z,
BOD016,Xanadu Island,Akyarlar,trip,https://www.trip.com/hotels/akyarlar-mahallesi-hotel-detail-17508018/xanadu-island-hotel/,Xanadu Island,VALID_ENTITY_NO_REVIEWS,0,2026-08-26T17:00:11Z,2026-08-26T17:00:11Z,
BOD051,Faros Bodrum Hotel Göltürkbükü,Göltürkbükü,trip,https://ae.trip.com/hotels/golturkbuku-hotel-detail-17200888/faros-bodrum-ex-villa-kilic-hotel/,Faros Hotel Bodrum - Special Category,COMPLETED,11,2026-08-26T17:00:46Z,2026-08-26T17:00:46Z,
BOD055,Lavinya Otel Göltürkbükü,Göltürkbükü,trip,https://www.trip.com/hotels/golturkbuku-hotel-detail-4067437/lavinya-otel/,Lavinya Otel,COMPLETED,11,2026-08-26T17:01:18Z,2026-08-26T17:01:18Z,
BOD056,"Mandarin Oriental, Bodrum",Göltürkbükü,trip,https://www.trip.com/hotels/bodrum-hotel-detail-1661001/mandarin-oriental-bodrum/,"Mandarin Oriental, Bodrum",VALID_ENTITY_NO_REVIEWS,0,2026-08-26T17:01:53Z,2026-08-26T17:01:53Z,
BOD058,Bodrum Beach Resort,Gümbet,trip,https://us.trip.com/hotels/gumbet-hotel-detail-4057730/bodrum-beach-resort/,Bodrum Beach Resort,VALID_ENTITY_NO_REVIEWS,0,2026-08-26T17:02:30Z,2026-08-26T17:02:30Z,
BOD059,Bodrum Hotel Baba,Gümbet,trip,https://ae.trip.com/hotels/gumbet-hotel-detail-7138850/hotel-baba-all-inclusive/,Hotel Baba,COMPLETED,11,2026-08-26T17:03:03Z,2026-08-26T17:03:03Z,
BOD071,Tropicana Beach Hotel,Gümbet,trip,https://my.trip.com/hotels/gumbet-hotel-detail-3139968/tropicana-beach/,Tropicana Beach,MANUAL_ACTION_REQUIRED,0,2026-08-26T17:03:39Z,2026-08-26T17:03:39Z,Yorum kartlari bulunamadi. Sayfa insan dogrulamasi gosteriyor veya Trip.com sayfa yapisini degistirmis olabilir.
BOD072,VERY CHIC BODRUM,Gümbet,trip,https://uk.trip.com/hotels/bodrum-hotel-detail-3448155/very-chic-bodrum-adult-only/,Very Chic Bodrum Adult Only,COMPLETED,11,2026-08-26T17:04:50Z,2026-08-26T17:04:50Z,
BOD073,Arriba Apartment & Restaurant & Bungalows,Gümüşlük,trip,https://www.trip.com/hotels/gumusluk-hotel-detail-96123030/arriba-apart-bungalow-restaurant/,Arriba Apart Bungalow Restaurant,COMPLETED,7,2026-08-26T17:05:26Z,2026-08-26T17:05:26Z,
BOD074,Begonvil Gümüşlük,Gümüşlük,trip,https://www.trip.com/hotels/gumusluk-hotel-detail-127410335/begonvil-gmlk/,BEGONVİL GÜMÜŞLÜK,VALID_ENTITY_NO_REVIEWS,0,2026-08-26T17:06:01Z,2026-08-26T17:06:01Z,
BOD076,Gümüşlük No3,Gümüşlük,trip,https://www.trip.com/hotels/gumusluk-hotel-detail-109836085/gumusluk-no3/,Gumusluk No3,COMPLETED,1,2026-08-26T17:06:29Z,2026-08-26T17:06:29Z,
BOD078,Liman Hotel Gümüslük (Adult only),Gümüşlük,trip,https://www.trip.com/hotels/bodrum-hotel-detail-79101381/liman-hotel-gmslk-adult-only/,Liman Hotel Gümüslük - Adult Only,VALID_ENTITY_NO_REVIEWS,0,2026-08-26T17:07:11Z,2026-08-26T17:07:11Z,
BOD002,Armonia Holiday Village & Spa,Akyarlar,trip,https://www.trip.com/hotels/bodrum-hotel-detail-3448104/armonia-holiday-village-and-spa-all-inclusive/,Armonia Holiday Village & Spa,VALID_ENTITY_NO_REVIEWS,0,2026-08-26T17:08:55Z,2026-08-26T17:08:55Z,
BOD004,Bendis Beach Hotel,Akyarlar,trip,https://www.trip.com/hotels/akyarlar-mahallesi-hotel-detail-4416296/bendis-beach-hotel/,Bendis Beach Hotel,VALID_ENTITY_NO_REVIEWS,0,2026-08-26T17:09:31Z,2026-08-26T17:09:31Z,
BOD007,Kefaluka Resort,Akyarlar,trip,https://www.trip.com/hotels/bodrum-hotel-detail-9894522/kefaluka-resort-ultra-all-inclusive/,Kefaluka Resort,VALID_ENTITY_NO_REVIEWS,0,2026-08-26T17:10:08Z,2026-08-26T17:10:08Z,
BOD010,Mare Garden Hotel,Akyarlar,trip,https://us.trip.com/hotels/bodrum-hotel-detail-60107472/mare-garden-hotel/,Mare Garden Hotel,VALID_ENTITY_NO_REVIEWS,0,2026-08-26T17:10:43Z,2026-08-26T17:10:43Z,
BOD011,"Radisson Collection Hotel, Bodrum",Akyarlar,trip,https://uk.trip.com/hotels/bodrum-hotel-detail-75487192/radisson-collection-hotel-bodrum/,"Radisson Collection Hotel, Bodrum",VALID_ENTITY_NO_REVIEWS,0,2026-08-26T17:11:09Z,2026-08-26T17:11:09Z,
BOD012,Selectum Collection Bodrum,Akyarlar,trip,https://www.trip.com/hotels/bodrum-hotel-detail-7877878/selectum-collection-bodrum/,Selectum Collection Bodrum,VALID_ENTITY_NO_REVIEWS,0,2026-08-26T17:11:47Z,2026-08-26T17:11:47Z,
BOD013,"Sentido Bellazure - Akyarlar, Bodrum / Turkey",Akyarlar,trip,https://uk.trip.com/hotels/bodrum-hotel-detail-10720331/sentido-bellazure-all-inclusive/,Bellazure Hotel,VALID_ENTITY_NO_REVIEWS,0,2026-08-26T17:12:21Z,2026-08-26T17:12:21Z,
BOD014,Suum Bodrum Hotel & Beach,Akyarlar,trip,https://us.trip.com/hotels/bodrum-hotel-detail-116725989/suum-bodrum-hotel-beach/,SUUM BODRUM HOTEL & BEACH,VALID_ENTITY_NO_REVIEWS,0,2026-08-26T17:13:12Z,2026-08-26T17:13:12Z,
BOD016,Xanadu Island,Akyarlar,trip,https://www.trip.com/hotels/akyarlar-mahallesi-hotel-detail-17508018/xanadu-island-hotel/,Xanadu Island,VALID_ENTITY_NO_REVIEWS,0,2026-08-26T17:13:47Z,2026-08-26T17:13:47Z,
BOD051,Faros Bodrum Hotel Göltürkbükü,Göltürkbükü,trip,https://ae.trip.com/hotels/golturkbuku-hotel-detail-17200888/faros-bodrum-ex-villa-kilic-hotel/,Faros Hotel Bodrum - Special Category,VALID_ENTITY_NO_REVIEWS,0,2026-08-26T17:14:24Z,2026-08-26T17:14:24Z,
BOD055,Lavinya Otel Göltürkbükü,Göltürkbükü,trip,https://www.trip.com/hotels/golturkbuku-hotel-detail-4067437/lavinya-otel/,Lavinya Otel,VALID_ENTITY_NO_REVIEWS,0,2026-08-26T17:14:58Z,2026-08-26T17:14:58Z,
BOD056,"Mandarin Oriental, Bodrum",Göltürkbükü,trip,https://www.trip.com/hotels/bodrum-hotel-detail-1661001/mandarin-oriental-bodrum/,"Mandarin Oriental, Bodrum",VALID_ENTITY_NO_REVIEWS,0,2026-08-26T17:15:28Z,2026-08-26T17:15:28Z,
BOD058,Bodrum Beach Resort,Gümbet,trip,https://us.trip.com/hotels/gumbet-hotel-detail-4057730/bodrum-beach-resort/,Bodrum Beach Resort,VALID_ENTITY_NO_REVIEWS,0,2026-08-26T17:16:06Z,2026-08-26T17:16:06Z,
BOD059,Bodrum Hotel Baba,Gümbet,trip,https://ae.trip.com/hotels/gumbet-hotel-detail-7138850/hotel-baba-all-inclusive/,Hotel Baba,VALID_ENTITY_NO_REVIEWS,0,2026-08-26T17:16:41Z,2026-08-26T17:16:41Z,
BOD071,Tropicana Beach Hotel,Gümbet,trip,https://my.trip.com/hotels/gumbet-hotel-detail-3139968/tropicana-beach/,Tropicana Beach,MANUAL_ACTION_REQUIRED,0,2026-08-26T17:17:14Z,2026-08-26T17:17:14Z,Yorum kartlari bulunamadi. Sayfa insan dogrulamasi gosteriyor veya Trip.com sayfa yapisini degistirmis olabilir.
BOD072,VERY CHIC BODRUM,Gümbet,trip,https://uk.trip.com/hotels/bodrum-hotel-detail-3448155/very-chic-bodrum-adult-only/,Very Chic Bodrum Adult Only,VALID_ENTITY_NO_REVIEWS,0,2026-08-26T17:18:26Z,2026-08-26T17:18:26Z,
BOD073,Arriba Apartment & Restaurant & Bungalows,Gümüşlük,trip,https://www.trip.com/hotels/gumusluk-hotel-detail-96123030/arriba-apart-bungalow-restaurant/,Arriba Apart Bungalow Restaurant,COMPLETED,3,2026-08-26T17:19:02Z,2026-08-26T17:19:02Z,
BOD074,Begonvil Gümüşlük,Gümüşlük,trip,https://www.trip.com/hotels/gumusluk-hotel-detail-127410335/begonvil-gmlk/,BEGONVİL GÜMÜŞLÜK,VALID_ENTITY_NO_REVIEWS,0,2026-08-26T17:20:07Z,2026-08-26T17:20:07Z,
BOD076,Gümüşlük No3,Gümüşlük,trip,https://www.trip.com/hotels/gumusluk-hotel-detail-109836085/gumusluk-no3/,Gumusluk No3,VALID_ENTITY_NO_REVIEWS,0,2026-08-26T17:20:32Z,2026-08-26T17:20:32Z,
BOD078,Liman Hotel Gümüslük (Adult only),Gümüşlük,trip,https://www.trip.com/hotels/bodrum-hotel-detail-79101381/liman-hotel-gmslk-adult-only/,Liman Hotel Gümüslük - Adult Only,VALID_ENTITY_NO_REVIEWS,0,2026-08-26T17:21:15Z,2026-08-26T17:21:15Z,
BOD002,Armonia Holiday Village & Spa,Akyarlar,policies_trip,https://www.trip.com/hotels/bodrum-hotel-detail-3448104/armonia-holiday-village-and-spa-all-inclusive/,,SKIPPED_RESUME,0,2026-08-26T17:22:33Z,2026-08-26T17:22:33Z,
BOD004,Bendis Beach Hotel,Akyarlar,policies_trip,https://www.trip.com/hotels/akyarlar-mahallesi-hotel-detail-4416296/bendis-beach-hotel/,,SKIPPED_RESUME,0,2026-08-26T17:22:33Z,2026-08-26T17:22:33Z,
BOD007,Kefaluka Resort,Akyarlar,policies_trip,https://www.trip.com/hotels/bodrum-hotel-detail-9894522/kefaluka-resort-ultra-all-inclusive/,,SKIPPED_RESUME,0,2026-08-26T17:22:33Z,2026-08-26T17:22:33Z,
BOD010,Mare Garden Hotel,Akyarlar,policies_trip,https://us.trip.com/hotels/bodrum-hotel-detail-60107472/mare-garden-hotel/,,SKIPPED_RESUME,0,2026-08-26T17:22:33Z,2026-08-26T17:22:33Z,
BOD011,"Radisson Collection Hotel, Bodrum",Akyarlar,policies_trip,https://uk.trip.com/hotels/bodrum-hotel-detail-75487192/radisson-collection-hotel-bodrum/,,SKIPPED_RESUME,0,2026-08-26T17:22:33Z,2026-08-26T17:22:33Z,
BOD012,Selectum Collection Bodrum,Akyarlar,policies_trip,https://www.trip.com/hotels/bodrum-hotel-detail-7877878/selectum-collection-bodrum/,,SKIPPED_RESUME,0,2026-08-26T17:22:33Z,2026-08-26T17:22:33Z,
BOD013,"Sentido Bellazure - Akyarlar, Bodrum / Turkey",Akyarlar,policies_trip,https://uk.trip.com/hotels/bodrum-hotel-detail-10720331/sentido-bellazure-all-inclusive/,,SKIPPED_RESUME,0,2026-08-26T17:22:33Z,2026-08-26T17:22:33Z,
BOD014,Suum Bodrum Hotel & Beach,Akyarlar,policies_trip,https://us.trip.com/hotels/bodrum-hotel-detail-116725989/suum-bodrum-hotel-beach/,,SKIPPED_RESUME,0,2026-08-26T17:22:33Z,2026-08-26T17:22:33Z,
BOD016,Xanadu Island,Akyarlar,policies_trip,https://www.trip.com/hotels/akyarlar-mahallesi-hotel-detail-17508018/xanadu-island-hotel/,,SKIPPED_RESUME,0,2026-08-26T17:22:33Z,2026-08-26T17:22:33Z,
BOD051,Faros Bodrum Hotel Göltürkbükü,Göltürkbükü,policies_trip,https://ae.trip.com/hotels/golturkbuku-hotel-detail-17200888/faros-bodrum-ex-villa-kilic-hotel/,Faros Hotel Bodrum - Special Category,PARTIAL,1,2026-08-26T17:22:33Z,2026-08-26T17:22:33Z,"missing fields: cıkıs_saati, hizmet_hayvanları"
BOD055,Lavinya Otel Göltürkbükü,Göltürkbükü,policies_trip,https://www.trip.com/hotels/golturkbuku-hotel-detail-4067437/lavinya-otel/,Lavinya Otel,PARTIAL,1,2026-08-26T17:23:22Z,2026-08-26T17:23:22Z,"missing fields: giris_saati, cıkıs_saati"
BOD056,"Mandarin Oriental, Bodrum",Göltürkbükü,policies_trip,https://www.trip.com/hotels/bodrum-hotel-detail-1661001/mandarin-oriental-bodrum/,,SKIPPED_RESUME,0,2026-08-26T17:24:39Z,2026-08-26T17:24:39Z,
BOD058,Bodrum Beach Resort,Gümbet,policies_trip,https://us.trip.com/hotels/gumbet-hotel-detail-4057730/bodrum-beach-resort/,,SKIPPED_RESUME,0,2026-08-26T17:24:39Z,2026-08-26T17:24:39Z,
BOD059,Bodrum Hotel Baba,Gümbet,policies_trip,https://ae.trip.com/hotels/gumbet-hotel-detail-7138850/hotel-baba-all-inclusive/,Hotel Baba,PARTIAL,1,2026-08-26T17:24:39Z,2026-08-26T17:24:39Z,"missing fields: cıkıs_saati, hizmet_hayvanları"
BOD071,Tropicana Beach Hotel,Gümbet,policies_trip,https://my.trip.com/hotels/gumbet-hotel-detail-3139968/tropicana-beach/,,PAGE_ERROR,0,2026-08-26T17:25:27Z,2026-08-26T17:25:27Z,Message:
BOD072,VERY CHIC BODRUM,Gümbet,policies_trip,https://uk.trip.com/hotels/bodrum-hotel-detail-3448155/very-chic-bodrum-adult-only/,Very Chic Bodrum Adult Only,PARTIAL,1,2026-08-26T17:26:03Z,2026-08-26T17:26:03Z,"missing fields: cıkıs_saati, bebek_ve_ek_yatak, kahvalti"
BOD073,Arriba Apartment & Restaurant & Bungalows,Gümüşlük,policies_trip,https://www.trip.com/hotels/gumusluk-hotel-detail-96123030/arriba-apart-bungalow-restaurant/,Arriba Apart Bungalow Restaurant,PARTIAL,1,2026-08-26T17:26:51Z,2026-08-26T17:26:51Z,missing fields: hizmet_hayvanları
BOD074,Begonvil Gümüşlük,Gümüşlük,policies_trip,https://www.trip.com/hotels/gumusluk-hotel-detail-127410335/begonvil-gmlk/,,SKIPPED_RESUME,0,2026-08-26T17:27:07Z,2026-08-26T17:27:07Z,
BOD076,Gümüşlük No3,Gümüşlük,policies_trip,https://www.trip.com/hotels/gumusluk-hotel-detail-109836085/gumusluk-no3/,,SKIPPED_RESUME,0,2026-08-26T17:27:07Z,2026-08-26T17:27:07Z,
BOD078,Liman Hotel Gümüslük (Adult only),Gümüşlük,policies_trip,https://www.trip.com/hotels/bodrum-hotel-detail-79101381/liman-hotel-gmslk-adult-only/,,SKIPPED_RESUME,0,2026-08-26T17:27:07Z,2026-08-26T17:27:07Z,
BOD002,Armonia Holiday Village & Spa,Akyarlar,trip,https://www.trip.com/hotels/bodrum-hotel-detail-3448104/armonia-holiday-village-and-spa-all-inclusive/,Armonia Holiday Village & Spa,VALID_ENTITY,0,2026-08-26T22:16:50Z,2026-08-26T22:16:50Z,
BOD003,ASPAT HOTEL BODRUM Beach Restaurant,Akyarlar,trip,https://www.trip.com/hotels/detail/?hotelId=106791418,Aspat Hotel Bodrum - Beach Restaurant,VALID_ENTITY,0,2026-08-26T22:16:59Z,2026-08-26T22:16:59Z,
BOD004,Bendis Beach Hotel,Akyarlar,trip,https://www.trip.com/hotels/akyarlar-mahallesi-hotel-detail-4416296/bendis-beach-hotel/,Bendis Beach Hotel,VALID_ENTITY,0,2026-08-26T22:17:10Z,2026-08-26T22:17:10Z,
BOD007,Kefaluka Resort,Akyarlar,trip,https://www.trip.com/hotels/bodrum-hotel-detail-9894522/kefaluka-resort-ultra-all-inclusive/,Kefaluka Resort,VALID_ENTITY,0,2026-08-26T22:17:19Z,2026-08-26T22:17:19Z,
BOD008,LA BREZZA SUITE &HOTEL,Akyarlar,trip,https://www.trip.com/hotels/detail/?hotelId=4057611,La Brezza Suite & Hotel,VALID_ENTITY,0,2026-08-26T22:17:27Z,2026-08-26T22:17:27Z,
BOD010,Mare Garden Hotel,Akyarlar,trip,https://us.trip.com/hotels/bodrum-hotel-detail-60107472/mare-garden-hotel/,Mare Garden Hotel,VALID_ENTITY,0,2026-08-26T22:17:39Z,2026-08-26T22:17:39Z,
BOD011,"Radisson Collection Hotel, Bodrum",Akyarlar,trip,https://uk.trip.com/hotels/bodrum-hotel-detail-75487192/radisson-collection-hotel-bodrum/,"Radisson Collection Hotel, Bodrum",VALID_ENTITY,0,2026-08-26T22:17:49Z,2026-08-26T22:17:49Z,
BOD012,Selectum Collection Bodrum,Akyarlar,trip,https://www.trip.com/hotels/bodrum-hotel-detail-7877878/selectum-collection-bodrum/,Selectum Collection Bodrum,VALID_ENTITY,0,2026-08-26T22:18:01Z,2026-08-26T22:18:01Z,
BOD013,"Sentido Bellazure - Akyarlar, Bodrum / Turkey",Akyarlar,trip,https://uk.trip.com/hotels/bodrum-hotel-detail-10720331/sentido-bellazure-all-inclusive/,Bellazure Hotel,VALID_ENTITY,0,2026-08-26T22:18:10Z,2026-08-26T22:18:10Z,
BOD014,Suum Bodrum Hotel & Beach,Akyarlar,trip,https://us.trip.com/hotels/bodrum-hotel-detail-116725989/suum-bodrum-hotel-beach/,SUUM BODRUM HOTEL & BEACH,VALID_ENTITY,0,2026-08-26T22:18:19Z,2026-08-26T22:18:19Z,
BOD016,Xanadu Island,Akyarlar,trip,https://www.trip.com/hotels/akyarlar-mahallesi-hotel-detail-17508018/xanadu-island-hotel/,Xanadu Island,VALID_ENTITY,0,2026-08-26T22:18:30Z,2026-08-26T22:18:30Z,
BOD017,Ambrosia Otel Beach & Spa,Bitez,trip,https://www.trip.com/hotels/detail/?hotelId=3448116,Ambrosia Hotel Beach & Spa,NAME_REVIEW_REQUIRED,0,2026-08-26T22:18:39Z,2026-08-26T22:18:39Z,
BOD020,Bitez Risa Hotel,Bitez,trip,https://www.trip.com/hotels/detail/?hotelId=3457591,Bitez Risa Hotel,VALID_ENTITY,0,2026-08-26T22:18:50Z,2026-08-26T22:18:50Z,
BOD021,"Caresse, a Luxury Collection Resort & Spa, Bodrum",Bitez,trip,https://www.trip.com/hotels/detail/?hotelId=3799303,"Caresse, a Luxury Collection Resort & Spa, Bodrum",VALID_ENTITY,0,2026-08-26T22:18:59Z,2026-08-26T22:18:59Z,
BOD025,Halikarya Hotel & Restaurant Beach,Bitez,trip,https://www.trip.com/hotels/detail/?hotelId=133162789,Halikarya Hotel & Restaurant Beach,VALID_ENTITY,0,2026-08-26T22:19:07Z,2026-08-26T22:19:07Z,
BOD029,Mumu Bodrum Hotel,Bitez,trip,https://www.trip.com/hotels/detail/?hotelId=119015660,Mumu Bodrum Hotel,VALID_ENTITY,0,2026-08-26T22:19:15Z,2026-08-26T22:19:15Z,
BOD031,Okaliptus Otel,Bitez,trip,https://www.trip.com/hotels/detail/?hotelId=5420290,Okaliptus Otel,VALID_ENTITY,0,2026-08-26T22:19:24Z,2026-08-26T22:19:24Z,
BOD033,Ramada Resort by Wyndham Bodrum,Bitez,trip,https://www.trip.com/hotels/detail/?hotelId=2504739,Ramada Resort by Wyndham Bodrum,VALID_ENTITY,0,2026-08-26T22:19:32Z,2026-08-26T22:19:32Z,
BOD036,Bodrium Hotel & SPA,Bodrum Merkez,trip,https://www.trip.com/hotels/detail/?hotelId=3053057,Bodrium Hotel & Spa,VALID_ENTITY,0,2026-08-26T22:19:41Z,2026-08-26T22:19:41Z,
BOD041,La Quinta by Wyndham Bodrum,Bodrum Merkez,trip,https://www.trip.com/hotels/detail/?hotelId=3112073,La Quinta by Wyndham Bodrum,VALID_ENTITY,0,2026-08-26T22:19:49Z,2026-08-26T22:19:49Z,
BOD043,METT Hotel & Beach Resort Bodrum,Bodrum Merkez,trip,https://www.trip.com/hotels/detail/?hotelId=9664001,METT Hotel & Beach Resort Bodrum,VALID_ENTITY,0,2026-08-26T22:19:58Z,2026-08-26T22:19:58Z,
BOD045,Salmakis Resort & Spa,Bodrum Merkez,trip,https://www.trip.com/hotels/detail/?hotelId=2564875,Salmakis Resort & Spa,VALID_ENTITY,0,2026-08-26T22:20:09Z,2026-08-26T22:20:09Z,
BOD048,Babana Hotel,Göltürkbükü,trip,https://www.trip.com/hotels/detail/?hotelId=3444382,Babana Hotel,VALID_ENTITY,0,2026-08-26T22:20:18Z,2026-08-26T22:20:18Z,
BOD051,Faros Bodrum Hotel Göltürkbükü,Göltürkbükü,trip,https://ae.trip.com/hotels/golturkbuku-hotel-detail-17200888/faros-bodrum-ex-villa-kilic-hotel/,Faros Hotel Bodrum - Special Category,VALID_ENTITY,0,2026-08-26T22:20:27Z,2026-08-26T22:20:27Z,
BOD055,Lavinya Otel Göltürkbükü,Göltürkbükü,trip,https://www.trip.com/hotels/golturkbuku-hotel-detail-4067437/lavinya-otel/,Lavinya Otel,VALID_ENTITY,0,2026-08-26T22:20:38Z,2026-08-26T22:20:38Z,
BOD056,"Mandarin Oriental, Bodrum",Göltürkbükü,trip,https://www.trip.com/hotels/bodrum-hotel-detail-1661001/mandarin-oriental-bodrum/,"Mandarin Oriental, Bodrum",VALID_ENTITY,0,2026-08-26T22:20:46Z,2026-08-26T22:20:46Z,
BOD058,Bodrum Beach Resort,Gümbet,trip,https://us.trip.com/hotels/gumbet-hotel-detail-4057730/bodrum-beach-resort/,Bodrum Beach Resort,VALID_ENTITY,0,2026-08-26T22:20:57Z,2026-08-26T22:20:57Z,
BOD059,Bodrum Hotel Baba,Gümbet,trip,https://ae.trip.com/hotels/gumbet-hotel-detail-7138850/hotel-baba-all-inclusive/,Hotel Baba,VALID_ENTITY,0,2026-08-26T22:21:08Z,2026-08-26T22:21:08Z,
BOD060,Club Shark Hotel,Gümbet,trip,https://www.trip.com/hotels/detail/?hotelId=3110682,Club Shark Hotel,VALID_ENTITY,0,2026-08-26T22:21:19Z,2026-08-26T22:21:19Z,
BOD061,Gümbet Anıl Beach,Gümbet,trip,https://www.trip.com/hotels/detail/?hotelId=3139941,Gumbet Anil Beach,VALID_ENTITY,0,2026-08-26T22:21:30Z,2026-08-26T22:21:30Z,
BOD064,Jasmin Elite Residence & Spa,Gümbet,trip,https://www.trip.com/hotels/detail/?hotelId=10734986,Jasmin Elite Residence & Spa,VALID_ENTITY,0,2026-08-26T22:21:38Z,2026-08-26T22:21:38Z,
BOD065,Mirada Exclusive Bodrum,Gümbet,trip,https://www.trip.com/hotels/detail/?hotelId=96677392,Mirada Exclusive Bodrum,VALID_ENTITY,0,2026-08-26T22:21:49Z,2026-08-26T22:21:49Z,
BOD066,Royal Asarlik Beach Hotel & Spa,Gümbet,trip,https://www.trip.com/hotels/detail/?hotelId=4373993,Royal Asarlik Beach Hotel,NAME_REVIEW_REQUIRED,0,2026-08-26T22:22:01Z,2026-08-26T22:22:01Z,
BOD068,Selectum Colours Bodrum,Gümbet,trip,https://www.trip.com/hotels/detail/?hotelId=10718129,Selectum Colours Bodrum,VALID_ENTITY,0,2026-08-26T22:22:12Z,2026-08-26T22:22:12Z,
BOD071,Tropicana Beach Hotel,Gümbet,trip,https://my.trip.com/hotels/gumbet-hotel-detail-3139968/tropicana-beach/,Tropicana Beach,NAME_REVIEW_REQUIRED,0,2026-08-26T22:22:22Z,2026-08-26T22:22:22Z,
BOD072,VERY CHIC BODRUM,Gümbet,trip,https://uk.trip.com/hotels/bodrum-hotel-detail-3448155/very-chic-bodrum-adult-only/,Very Chic Bodrum Adult Only,VALID_ENTITY,0,2026-08-26T22:22:31Z,2026-08-26T22:22:31Z,
BOD073,Arriba Apartment & Restaurant & Bungalows,Gümüşlük,trip,https://www.trip.com/hotels/gumusluk-hotel-detail-96123030/arriba-apart-bungalow-restaurant/,Arriba Apart Bungalow Restaurant,VALID_ENTITY,0,2026-08-26T22:22:41Z,2026-08-26T22:22:41Z,
BOD074,Begonvil Gümüşlük,Gümüşlük,trip,https://www.trip.com/hotels/gumusluk-hotel-detail-127410335/begonvil-gmlk/,BEGONVİL GÜMÜŞLÜK,VALID_ENTITY,0,2026-08-26T22:22:52Z,2026-08-26T22:22:52Z,
BOD076,Gümüşlük No3,Gümüşlük,trip,https://www.trip.com/hotels/gumusluk-hotel-detail-109836085/gumusluk-no3/,Gumusluk No3,VALID_ENTITY,0,2026-08-26T22:23:01Z,2026-08-26T22:23:01Z,
BOD078,Liman Hotel Gümüslük (Adult only),Gümüşlük,trip,https://www.trip.com/hotels/bodrum-hotel-detail-79101381/liman-hotel-gmslk-adult-only/,Liman Hotel Gümüslük - Adult Only,VALID_ENTITY,0,2026-08-26T22:23:09Z,2026-08-26T22:23:09Z,
BOD081,Oda Bodrum Gümüşlük,Gümüşlük,trip,https://www.trip.com/hotels/detail/?hotelId=45808524,Oda Bodrum Gümüşlük,VALID_ENTITY,0,2026-08-26T22:23:18Z,2026-08-26T22:23:18Z,
BOD082,Otel Gümüşlük,Gümüşlük,trip,https://www.trip.com/hotels/detail/?hotelId=10621542,Hotel Gumusluk,NAME_REVIEW_REQUIRED,0,2026-08-26T22:23:28Z,2026-08-26T22:23:28Z,
BOD085,Paradise Gümüşlük,Gümüşlük,trip,https://www.trip.com/hotels/detail/?hotelId=47296921,Paradise Gumusluk,VALID_ENTITY,0,2026-08-26T22:23:39Z,2026-08-26T22:23:39Z,
BOD086,Vega Aparts,Gümüşlük,trip,https://www.trip.com/hotels/detail/?hotelId=6158557,Vega Aparts,VALID_ENTITY,0,2026-08-26T22:23:48Z,2026-08-26T22:23:48Z,
BOD088,Baia Bodrum Hotel,Gündoğan,trip,https://www.trip.com/hotels/detail/?hotelId=4389371,Baia Bodrum Hotel,VALID_ENTITY,0,2026-08-26T22:23:58Z,2026-08-26T22:23:58Z,
BOD089,Cape Bodrum Luxury Hotel & Beach,Gündoğan,trip,https://www.trip.com/hotels/detail/?hotelId=4046304,Cape Bodrum Luxury Hotel & Beach,VALID_ENTITY,0,2026-08-26T22:24:09Z,2026-08-26T22:24:09Z,
BOD090,Costa Farilya Special Class Hotel Bodrum,Gündoğan,trip,https://www.trip.com/hotels/detail/?hotelId=3451304,Costa Farilya Special Class Hotel Bodrum,VALID_ENTITY,0,2026-08-26T22:24:18Z,2026-08-26T22:24:18Z,
BOD091,Gündoğan Suites,Gündoğan,trip,https://www.trip.com/hotels/detail/?hotelId=119308463,Gündoğan Suites,VALID_ENTITY,0,2026-08-26T22:24:26Z,2026-08-26T22:24:26Z,
BOD095,Mivara Luxury Bodrum,Gündoğan,trip,https://www.trip.com/hotels/detail/?hotelId=5943823,Mivara Luxury Bodrum,VALID_ENTITY,0,2026-08-26T22:24:35Z,2026-08-26T22:24:35Z,
BOD096,Olira Boutique Hotel&SPA,Gündoğan,trip,https://www.trip.com/hotels/detail/?hotelId=4057640,Olira Boutique Hotel&Spa,VALID_ENTITY,0,2026-08-26T22:24:45Z,2026-08-26T22:24:45Z,
BOD097,OLİVE TREE HOTEL,Gündoğan,trip,https://www.trip.com/hotels/detail/?hotelId=1052156,Olive Tree Hotel,VALID_ENTITY,0,2026-08-26T22:24:54Z,2026-08-26T22:24:54Z,
BOD100,Villa Rustica Hotel,Gündoğan,trip,https://www.trip.com/hotels/detail/?hotelId=3802712,Villa Rustica Hotel,VALID_ENTITY,0,2026-08-26T22:25:02Z,2026-08-26T22:25:02Z,
BOD106,La Blanche Island Bodrum,Güvercinlik,trip,https://www.trip.com/hotels/detail/?hotelId=3444509,La Blanche Island Bodrum,VALID_ENTITY,0,2026-08-26T22:25:11Z,2026-08-26T22:25:11Z,
BOD107,Le Méridien Bodrum Beach Resort,Güvercinlik,trip,https://www.trip.com/hotels/detail/?hotelId=9032904,Le Méridien Bodrum Beach Resort,VALID_ENTITY,0,2026-08-26T22:25:19Z,2026-08-26T22:25:19Z,
BOD108,Lujo Hotel Bodrum,Güvercinlik,trip,https://www.trip.com/hotels/detail/?hotelId=21877526,Lujo Hotel Bodrum,VALID_ENTITY,0,2026-08-26T22:25:30Z,2026-08-26T22:25:30Z,
BOD110,Titanic Luxury Collection Bodrum,Güvercinlik,trip,https://www.trip.com/hotels/detail/?hotelId=5798293,Titanic Luxury Collection Bodrum,VALID_ENTITY,0,2026-08-26T22:25:41Z,2026-08-26T22:25:41Z,
BOD111,Zena Hotel Bodrum,Güvercinlik,trip,https://www.trip.com/hotels/detail/?hotelId=3803347,Zena Hotel Bodrum,VALID_ENTITY,0,2026-08-26T22:25:51Z,2026-08-26T22:25:51Z,
BOD112,Azure By Yelken Hotel,Kadıkalesi,trip,https://www.trip.com/hotels/detail/?hotelId=5273989,Azure by Yelken Hotel,VALID_ENTITY,0,2026-08-26T22:26:02Z,2026-08-26T22:26:02Z,
BOD115,Yasmin Bodrum Resort,Kadıkalesi,trip,https://www.trip.com/hotels/detail/?hotelId=3443397,Yasmin Bodrum Resort,VALID_ENTITY,0,2026-08-26T22:26:13Z,2026-08-26T22:26:13Z,
BOD118,Amfora Hotel,Ortakent-Yahşi,trip,https://www.trip.com/hotels/detail/?hotelId=9921726,Amfora Hotel,VALID_ENTITY,0,2026-08-26T22:26:21Z,2026-08-26T22:26:21Z,
BOD120,Celeste Bella Luxury Hotel & Spa,Ortakent-Yahşi,trip,https://www.trip.com/hotels/detail/?hotelId=97245574,Celeste Bella Luxury Hotel & Spa,VALID_ENTITY,0,2026-08-26T22:26:30Z,2026-08-26T22:26:30Z,
BOD121,Eskiyalı Otel,Ortakent-Yahşi,trip,https://www.trip.com/hotels/detail/?hotelId=112161757,Eskiyali Otel,VALID_ENTITY,0,2026-08-26T22:26:38Z,2026-08-26T22:26:38Z,
BOD122,Florida Otel,Ortakent-Yahşi,trip,https://www.trip.com/hotels/detail/?hotelId=2774346,Florida Hotel,NAME_REVIEW_REQUIRED,0,2026-08-26T22:26:46Z,2026-08-26T22:26:46Z,
BOD124,Irmak Boutique Hotel,Ortakent-Yahşi,trip,https://www.trip.com/hotels/detail/?hotelId=91276298,Irmak Boutique Hotel,VALID_ENTITY,0,2026-08-26T22:26:57Z,2026-08-26T22:26:57Z,
BOD126,Khai Hotel Bodrum,Ortakent-Yahşi,trip,https://www.trip.com/hotels/detail/?hotelId=80934091,Khai Hotel Bodrum,VALID_ENTITY,0,2026-08-26T22:27:09Z,2026-08-26T22:27:09Z,
BOD128,Lugga Boutique Hotel & Beach,Ortakent-Yahşi,trip,https://www.trip.com/hotels/detail/?hotelId=10724805,Lugga Boutique Hotel & Beach,VALID_ENTITY,0,2026-08-26T22:27:20Z,2026-08-26T22:27:20Z,
BOD130,Petunya Beach Resort,Ortakent-Yahşi,trip,https://www.trip.com/hotels/detail/?hotelId=3458968,Petunya Beach Resort,VALID_ENTITY,0,2026-08-26T22:27:28Z,2026-08-26T22:27:28Z,
BOD131,Regia Mare Beach Hotel Bodrum,Ortakent-Yahşi,trip,https://www.trip.com/hotels/detail/?hotelId=9433726,Regia Mare Beach Hotel Bodrum,VALID_ENTITY,0,2026-08-26T22:27:40Z,2026-08-26T22:27:40Z,
BOD134,Yakamoz Otel,Ortakent-Yahşi,trip,https://www.trip.com/hotels/detail/?hotelId=65110826,Yakamoz Otel,VALID_ENTITY,0,2026-08-26T22:27:51Z,2026-08-26T22:27:51Z,
BOD136,Zest Exclusive Hotel and Spa,Ortakent-Yahşi,trip,https://www.trip.com/hotels/detail/?hotelId=3799633,Zest Exclusive Hotel & Spa,NAME_REVIEW_REQUIRED,0,2026-08-26T22:28:01Z,2026-08-26T22:28:01Z,
BOD140,DoubleTree by Hilton Bodrum Işıl Club All-Inclusive Resort,Torba,trip,https://www.trip.com/hotels/detail/?hotelId=3054529,DoubleTree by Hilton Bodrum Isil Club Ultra All Inclusive Resort,NAME_REVIEW_REQUIRED,0,2026-08-26T22:28:12Z,2026-08-26T22:28:12Z,
BOD141,DUJA BODRUM,Torba,trip,https://www.trip.com/hotels/detail/?hotelId=2510330,Duja Bodrum,VALID_ENTITY,0,2026-08-26T22:28:20Z,2026-08-26T22:28:20Z,
BOD144,Mira Suites,Torba,trip,https://www.trip.com/hotels/detail/?hotelId=29994665,Mira Suites,VALID_ENTITY,0,2026-08-26T22:28:31Z,2026-08-26T22:28:31Z,
BOD147,Omar Hotel & Suites,Torba,trip,https://www.trip.com/hotels/detail/?hotelId=7169366,Omar Hotel & Suites,VALID_ENTITY,0,2026-08-26T22:28:40Z,2026-08-26T22:28:40Z,
BOD151,Sarpedor Boutique Hotel & SPA,Torba,trip,https://www.trip.com/hotels/detail/?hotelId=3799376,Sarpedor Boutique Hotel,NAME_REVIEW_REQUIRED,0,2026-08-26T22:28:50Z,2026-08-26T22:28:50Z,
BOD152,"Susona Bodrum, LXR Hotels & Resorts",Torba,trip,https://www.trip.com/hotels/detail/?hotelId=5798277,"Susona Bodrum, LXR Hotels & Resorts",VALID_ENTITY,0,2026-08-26T22:28:59Z,2026-08-26T22:28:59Z,
BOD158,Arin Resort Bodrum,Turgutreis,trip,https://www.trip.com/hotels/detail/?hotelId=3139952,Arin Resort Bodrum,VALID_ENTITY,0,2026-08-26T22:29:09Z,2026-08-26T22:29:09Z,
BOD162,Rammos Managed by Dedeman,Turgutreis,trip,https://www.trip.com/hotels/detail/?hotelId=91593909,Rammos Managed By Dedeman,VALID_ENTITY,0,2026-08-26T22:29:20Z,2026-08-26T22:29:20Z,
BOD165,Caja by Maxx Royal,Türkbükü,trip,https://www.trip.com/hotels/detail/?hotelId=96121165,Caja by Maxx Royal,VALID_ENTITY,0,2026-08-26T22:29:29Z,2026-08-26T22:29:29Z,
BOD167,Elista Hotel & Spa,Türkbükü,trip,https://www.trip.com/hotels/detail/?hotelId=10538097,Elista Hotel & Spa,VALID_ENTITY,0,2026-08-26T22:29:37Z,2026-08-26T22:29:37Z,
BOD170,No:81 Hotel,Türkbükü,trip,https://www.trip.com/hotels/detail/?hotelId=6276090,No81 Hotel,NAME_REVIEW_REQUIRED,0,2026-08-26T22:29:45Z,2026-08-26T22:29:45Z,
BOD172,Ailla Yalıkavak,Yalıkavak,trip,https://www.trip.com/hotels/detail/?hotelId=112828271,Ailla Yalikavak,VALID_ENTITY,0,2026-08-26T22:29:57Z,2026-08-26T22:29:57Z,
BOD173,Allium Bodrum Resort & Spa,Yalıkavak,trip,https://www.trip.com/hotels/detail/?hotelId=11135278,Allium Bodrum Resort & Spa,VALID_ENTITY,0,2026-08-26T22:30:07Z,2026-08-26T22:30:07Z,
BOD174,Arts Hotel Bodrum Yalıkavak,Yalıkavak,trip,https://www.trip.com/hotels/detail/?hotelId=42368994,Arts Hotel Bodrum Yalikavak,VALID_ENTITY,0,2026-08-26T22:30:18Z,2026-08-26T22:30:18Z,
BOD175,Avantgarde Refined Hotel | Yalıkavak,Yalıkavak,trip,https://www.trip.com/hotels/detail/?hotelId=3123466,Avantgarde Refined Yalıkavak,NAME_REVIEW_REQUIRED,0,2026-08-26T22:30:27Z,2026-08-26T22:30:27Z,
BOD177,Delta Hotels By Marriott Bodrum,Yalıkavak,trip,https://www.trip.com/hotels/detail/?hotelId=6521445,Delta Hotels by Marriott Bodrum,VALID_ENTITY,0,2026-08-26T22:30:38Z,2026-08-26T22:30:38Z,
BOD180,MGallery The Bodrum Hotel Yalıkavak,Yalıkavak,trip,https://www.trip.com/hotels/detail/?hotelId=78104128,MGallery the Bodrum Hotel Yalikavak,VALID_ENTITY,0,2026-08-26T22:30:46Z,2026-08-26T22:30:46Z,
BOD181,Palmalife Bodrum Resort & Spa,Yalıkavak,trip,https://www.trip.com/hotels/detail/?hotelId=65110502,Palmalife Bodrum Resort & Spa,VALID_ENTITY,0,2026-08-26T22:30:57Z,2026-08-26T22:30:57Z,
BOD183,Ruins Luxury Resort,Yalıkavak,trip,https://www.trip.com/hotels/detail/?hotelId=134861180,Ruins Luxury Resort,VALID_ENTITY,0,2026-08-26T22:31:05Z,2026-08-26T22:31:05Z,
BOD184,Sea Palm Otel -YALIKAVAK,Yalıkavak,trip,https://www.trip.com/hotels/detail/?hotelId=67104006,Sea Palm Otel Yalıkavak,VALID_ENTITY,0,2026-08-26T22:31:16Z,2026-08-26T22:31:16Z,
BOD186,Sirene Luxury Hotel Bodrum,Yalıkavak,trip,https://www.trip.com/hotels/detail/?hotelId=3794461,Sirene Luxury Hotel Bodrum,VALID_ENTITY,0,2026-08-26T22:31:25Z,2026-08-26T22:31:25Z,
BOD187,Spektr Boutique Hotel Yalikavak,Yalıkavak,trip,https://www.trip.com/hotels/detail/?hotelId=10742914,Spektr Boutique Hotel Yalikavak,VALID_ENTITY,0,2026-08-26T22:31:35Z,2026-08-26T22:31:35Z,
BOD189,The Bodrum EDITION,Yalıkavak,trip,https://www.trip.com/hotels/detail/?hotelId=21867636,The Bodrum EDITION,VALID_ENTITY,0,2026-08-26T22:31:46Z,2026-08-26T22:31:46Z,
BOD190,The Sign Highlight Hotel,Yalıkavak,trip,https://www.trip.com/hotels/detail/?hotelId=4061754,The Sign Highlight Hotel,VALID_ENTITY,0,2026-08-26T22:31:57Z,2026-08-26T22:31:57Z,
BOD191,Yalıkavak Marina Hotel by METT Collection,Yalıkavak,trip,https://www.trip.com/hotels/detail/?hotelId=3802803,Yalıkavak Marina Hotel by METT Collection,VALID_ENTITY,0,2026-08-26T22:32:08Z,2026-08-26T22:32:08Z,
BOD192,Yalıpark Beach Hotel,Yalıkavak,trip,https://www.trip.com/hotels/detail/?hotelId=9866550,Yalipark Beach Hotel,VALID_ENTITY,0,2026-08-26T22:32:18Z,2026-08-26T22:32:18Z,
BOD002,Armonia Holiday Village & Spa,Akyarlar,trip,https://www.trip.com/hotels/bodrum-hotel-detail-3448104/armonia-holiday-village-and-spa-all-inclusive/,Armonia Holiday Village & Spa,VALID_ENTITY,0,2026-08-26T22:37:17Z,2026-08-26T22:37:17Z,
BOD003,ASPAT HOTEL BODRUM Beach Restaurant,Akyarlar,trip,https://www.trip.com/hotels/detail/?hotelId=106791418,Aspat Hotel Bodrum - Beach Restaurant,VALID_ENTITY,0,2026-08-26T22:37:29Z,2026-08-26T22:37:29Z,
BOD004,Bendis Beach Hotel,Akyarlar,trip,https://www.trip.com/hotels/akyarlar-mahallesi-hotel-detail-4416296/bendis-beach-hotel/,Bendis Beach Hotel,VALID_ENTITY,0,2026-08-26T22:37:40Z,2026-08-26T22:37:40Z,
BOD007,Kefaluka Resort,Akyarlar,trip,https://www.trip.com/hotels/bodrum-hotel-detail-9894522/kefaluka-resort-ultra-all-inclusive/,Kefaluka Resort,VALID_ENTITY,0,2026-08-26T22:37:51Z,2026-08-26T22:37:51Z,
BOD008,LA BREZZA SUITE &HOTEL,Akyarlar,trip,https://www.trip.com/hotels/detail/?hotelId=4057611,La Brezza Suite & Hotel,VALID_ENTITY,0,2026-08-26T22:37:59Z,2026-08-26T22:37:59Z,
BOD010,Mare Garden Hotel,Akyarlar,trip,https://us.trip.com/hotels/bodrum-hotel-detail-60107472/mare-garden-hotel/,Mare Garden Hotel,VALID_ENTITY,0,2026-08-26T22:38:10Z,2026-08-26T22:38:10Z,
BOD011,"Radisson Collection Hotel, Bodrum",Akyarlar,trip,https://uk.trip.com/hotels/bodrum-hotel-detail-75487192/radisson-collection-hotel-bodrum/,"Radisson Collection Hotel, Bodrum",VALID_ENTITY,0,2026-08-26T22:38:20Z,2026-08-26T22:38:20Z,
BOD012,Selectum Collection Bodrum,Akyarlar,trip,https://www.trip.com/hotels/bodrum-hotel-detail-7877878/selectum-collection-bodrum/,Selectum Collection Bodrum,VALID_ENTITY,0,2026-08-26T22:38:30Z,2026-08-26T22:38:30Z,
BOD013,"Sentido Bellazure - Akyarlar, Bodrum / Turkey",Akyarlar,trip,https://uk.trip.com/hotels/bodrum-hotel-detail-10720331/sentido-bellazure-all-inclusive/,Bellazure Hotel,VALID_ENTITY,0,2026-08-26T22:38:39Z,2026-08-26T22:38:39Z,
BOD014,Suum Bodrum Hotel & Beach,Akyarlar,trip,https://us.trip.com/hotels/bodrum-hotel-detail-116725989/suum-bodrum-hotel-beach/,SUUM BODRUM HOTEL & BEACH,VALID_ENTITY,0,2026-08-26T22:38:49Z,2026-08-26T22:38:49Z,
BOD016,Xanadu Island,Akyarlar,trip,https://www.trip.com/hotels/akyarlar-mahallesi-hotel-detail-17508018/xanadu-island-hotel/,Xanadu Island,VALID_ENTITY,0,2026-08-26T22:38:59Z,2026-08-26T22:38:59Z,
BOD017,Ambrosia Otel Beach & Spa,Bitez,trip,https://www.trip.com/hotels/detail/?hotelId=3448116,Ambrosia Hotel Beach & Spa,VALID_ENTITY,0,2026-08-26T22:39:10Z,2026-08-26T22:39:10Z,
BOD020,Bitez Risa Hotel,Bitez,trip,https://www.trip.com/hotels/detail/?hotelId=3457591,Bitez Risa Hotel,VALID_ENTITY,0,2026-08-26T22:39:19Z,2026-08-26T22:39:19Z,
BOD021,"Caresse, a Luxury Collection Resort & Spa, Bodrum",Bitez,trip,https://www.trip.com/hotels/detail/?hotelId=3799303,"Caresse, a Luxury Collection Resort & Spa, Bodrum",VALID_ENTITY,0,2026-08-26T22:39:27Z,2026-08-26T22:39:27Z,
BOD025,Halikarya Hotel & Restaurant Beach,Bitez,trip,https://www.trip.com/hotels/detail/?hotelId=133162789,Halikarya Hotel & Restaurant Beach,VALID_ENTITY,0,2026-08-26T22:39:39Z,2026-08-26T22:39:39Z,
BOD029,Mumu Bodrum Hotel,Bitez,trip,https://www.trip.com/hotels/detail/?hotelId=119015660,Mumu Bodrum Hotel,VALID_ENTITY,0,2026-08-26T22:39:49Z,2026-08-26T22:39:49Z,
BOD031,Okaliptus Otel,Bitez,trip,https://www.trip.com/hotels/detail/?hotelId=5420290,Okaliptus Otel,VALID_ENTITY,0,2026-08-26T22:39:58Z,2026-08-26T22:39:58Z,
BOD033,Ramada Resort by Wyndham Bodrum,Bitez,trip,https://www.trip.com/hotels/detail/?hotelId=2504739,Ramada Resort by Wyndham Bodrum,VALID_ENTITY,0,2026-08-26T22:40:08Z,2026-08-26T22:40:08Z,
BOD036,Bodrium Hotel & SPA,Bodrum Merkez,trip,https://www.trip.com/hotels/detail/?hotelId=3053057,Bodrium Hotel & Spa,VALID_ENTITY,0,2026-08-26T22:40:17Z,2026-08-26T22:40:17Z,
BOD041,La Quinta by Wyndham Bodrum,Bodrum Merkez,trip,https://www.trip.com/hotels/detail/?hotelId=3112073,La Quinta by Wyndham Bodrum,VALID_ENTITY,0,2026-08-26T22:40:28Z,2026-08-26T22:40:28Z,
BOD043,METT Hotel & Beach Resort Bodrum,Bodrum Merkez,trip,https://www.trip.com/hotels/detail/?hotelId=9664001,METT Hotel & Beach Resort Bodrum,VALID_ENTITY,0,2026-08-26T22:40:36Z,2026-08-26T22:40:36Z,
BOD045,Salmakis Resort & Spa,Bodrum Merkez,trip,https://www.trip.com/hotels/detail/?hotelId=2564875,Salmakis Resort & Spa,VALID_ENTITY,0,2026-08-26T22:40:45Z,2026-08-26T22:40:45Z,
BOD048,Babana Hotel,Göltürkbükü,trip,https://www.trip.com/hotels/detail/?hotelId=3444382,Babana Hotel,VALID_ENTITY,0,2026-08-26T22:40:57Z,2026-08-26T22:40:57Z,
BOD051,Faros Bodrum Hotel Göltürkbükü,Göltürkbükü,trip,https://ae.trip.com/hotels/golturkbuku-hotel-detail-17200888/faros-bodrum-ex-villa-kilic-hotel/,Faros Hotel Bodrum - Special Category,VALID_ENTITY,0,2026-08-26T22:41:07Z,2026-08-26T22:41:07Z,
BOD055,Lavinya Otel Göltürkbükü,Göltürkbükü,trip,https://www.trip.com/hotels/golturkbuku-hotel-detail-4067437/lavinya-otel/,Lavinya Otel,VALID_ENTITY,0,2026-08-26T22:41:16Z,2026-08-26T22:41:16Z,
BOD056,"Mandarin Oriental, Bodrum",Göltürkbükü,trip,https://www.trip.com/hotels/bodrum-hotel-detail-1661001/mandarin-oriental-bodrum/,"Mandarin Oriental, Bodrum",VALID_ENTITY,0,2026-08-26T22:41:27Z,2026-08-26T22:41:27Z,
BOD058,Bodrum Beach Resort,Gümbet,trip,https://us.trip.com/hotels/gumbet-hotel-detail-4057730/bodrum-beach-resort/,Bodrum Beach Resort,VALID_ENTITY,0,2026-08-26T22:41:38Z,2026-08-26T22:41:38Z,
BOD059,Bodrum Hotel Baba,Gümbet,trip,https://ae.trip.com/hotels/gumbet-hotel-detail-7138850/hotel-baba-all-inclusive/,Hotel Baba,VALID_ENTITY,0,2026-08-26T22:41:49Z,2026-08-26T22:41:49Z,
BOD060,Club Shark Hotel,Gümbet,trip,https://www.trip.com/hotels/detail/?hotelId=3110682,Club Shark Hotel,VALID_ENTITY,0,2026-08-26T22:41:58Z,2026-08-26T22:41:58Z,
BOD061,Gümbet Anıl Beach,Gümbet,trip,https://www.trip.com/hotels/detail/?hotelId=3139941,Gumbet Anil Beach,VALID_ENTITY,0,2026-08-26T22:42:08Z,2026-08-26T22:42:08Z,
BOD064,Jasmin Elite Residence & Spa,Gümbet,trip,https://www.trip.com/hotels/detail/?hotelId=10734986,Jasmin Elite Residence & Spa,VALID_ENTITY,0,2026-08-26T22:42:17Z,2026-08-26T22:42:17Z,
BOD065,Mirada Exclusive Bodrum,Gümbet,trip,https://www.trip.com/hotels/detail/?hotelId=96677392,Mirada Exclusive Bodrum,VALID_ENTITY,0,2026-08-26T22:42:28Z,2026-08-26T22:42:28Z,
BOD066,Royal Asarlik Beach Hotel & Spa,Gümbet,trip,https://www.trip.com/hotels/detail/?hotelId=4373993,Royal Asarlik Beach Hotel,VALID_ENTITY,0,2026-08-26T22:42:36Z,2026-08-26T22:42:36Z,
BOD068,Selectum Colours Bodrum,Gümbet,trip,https://www.trip.com/hotels/detail/?hotelId=10718129,Selectum Colours Bodrum,VALID_ENTITY,0,2026-08-26T22:42:44Z,2026-08-26T22:42:44Z,
BOD071,Tropicana Beach Hotel,Gümbet,trip,https://my.trip.com/hotels/gumbet-hotel-detail-3139968/tropicana-beach/,Tropicana Beach,VALID_ENTITY,0,2026-08-26T22:42:53Z,2026-08-26T22:42:53Z,
BOD072,VERY CHIC BODRUM,Gümbet,trip,https://uk.trip.com/hotels/bodrum-hotel-detail-3448155/very-chic-bodrum-adult-only/,Very Chic Bodrum Adult Only,VALID_ENTITY,0,2026-08-26T22:43:04Z,2026-08-26T22:43:04Z,
BOD073,Arriba Apartment & Restaurant & Bungalows,Gümüşlük,trip,https://www.trip.com/hotels/gumusluk-hotel-detail-96123030/arriba-apart-bungalow-restaurant/,Arriba Apart Bungalow Restaurant,VALID_ENTITY,0,2026-08-26T22:43:12Z,2026-08-26T22:43:12Z,
BOD074,Begonvil Gümüşlük,Gümüşlük,trip,https://www.trip.com/hotels/gumusluk-hotel-detail-127410335/begonvil-gmlk/,BEGONVİL GÜMÜŞLÜK,VALID_ENTITY,0,2026-08-26T22:43:21Z,2026-08-26T22:43:21Z,
BOD076,Gümüşlük No3,Gümüşlük,trip,https://www.trip.com/hotels/gumusluk-hotel-detail-109836085/gumusluk-no3/,Gumusluk No3,VALID_ENTITY,0,2026-08-26T22:43:31Z,2026-08-26T22:43:31Z,
BOD078,Liman Hotel Gümüslük (Adult only),Gümüşlük,trip,https://www.trip.com/hotels/bodrum-hotel-detail-79101381/liman-hotel-gmslk-adult-only/,Liman Hotel Gümüslük - Adult Only,VALID_ENTITY,0,2026-08-26T22:43:42Z,2026-08-26T22:43:42Z,
BOD081,Oda Bodrum Gümüşlük,Gümüşlük,trip,https://www.trip.com/hotels/detail/?hotelId=45808524,Oda Bodrum Gümüşlük,VALID_ENTITY,0,2026-08-26T22:43:53Z,2026-08-26T22:43:53Z,
BOD082,Otel Gümüşlük,Gümüşlük,trip,https://www.trip.com/hotels/detail/?hotelId=10621542,Hotel Gumusluk,VALID_ENTITY,0,2026-08-26T22:44:04Z,2026-08-26T22:44:04Z,
BOD085,Paradise Gümüşlük,Gümüşlük,trip,https://www.trip.com/hotels/detail/?hotelId=47296921,Paradise Gumusluk,VALID_ENTITY,0,2026-08-26T22:44:12Z,2026-08-26T22:44:12Z,
BOD086,Vega Aparts,Gümüşlük,trip,https://www.trip.com/hotels/detail/?hotelId=6158557,Vega Aparts,VALID_ENTITY,0,2026-08-26T22:44:21Z,2026-08-26T22:44:21Z,
BOD088,Baia Bodrum Hotel,Gündoğan,trip,https://www.trip.com/hotels/detail/?hotelId=4389371,Baia Bodrum Hotel,VALID_ENTITY,0,2026-08-26T22:44:29Z,2026-08-26T22:44:29Z,
BOD089,Cape Bodrum Luxury Hotel & Beach,Gündoğan,trip,https://www.trip.com/hotels/detail/?hotelId=4046304,Cape Bodrum Luxury Hotel & Beach,VALID_ENTITY,0,2026-08-26T22:44:40Z,2026-08-26T22:44:40Z,
BOD090,Costa Farilya Special Class Hotel Bodrum,Gündoğan,trip,https://www.trip.com/hotels/detail/?hotelId=3451304,Costa Farilya Special Class Hotel Bodrum,VALID_ENTITY,0,2026-08-26T22:44:51Z,2026-08-26T22:44:51Z,
BOD091,Gündoğan Suites,Gündoğan,trip,https://www.trip.com/hotels/detail/?hotelId=119308463,Gündoğan Suites,VALID_ENTITY,0,2026-08-26T22:45:02Z,2026-08-26T22:45:02Z,
BOD095,Mivara Luxury Bodrum,Gündoğan,trip,https://www.trip.com/hotels/detail/?hotelId=5943823,Mivara Luxury Bodrum,VALID_ENTITY,0,2026-08-26T22:45:11Z,2026-08-26T22:45:11Z,
BOD096,Olira Boutique Hotel&SPA,Gündoğan,trip,https://www.trip.com/hotels/detail/?hotelId=4057640,Olira Boutique Hotel&Spa,VALID_ENTITY,0,2026-08-26T22:45:22Z,2026-08-26T22:45:22Z,
BOD097,OLİVE TREE HOTEL,Gündoğan,trip,https://www.trip.com/hotels/detail/?hotelId=1052156,Olive Tree Hotel,VALID_ENTITY,0,2026-08-26T22:45:33Z,2026-08-26T22:45:33Z,
BOD100,Villa Rustica Hotel,Gündoğan,trip,https://www.trip.com/hotels/detail/?hotelId=3802712,Villa Rustica Hotel,VALID_ENTITY,0,2026-08-26T22:45:41Z,2026-08-26T22:45:41Z,
BOD106,La Blanche Island Bodrum,Güvercinlik,trip,https://www.trip.com/hotels/detail/?hotelId=3444509,La Blanche Island Bodrum,VALID_ENTITY,0,2026-08-26T22:45:50Z,2026-08-26T22:45:50Z,
BOD107,Le Méridien Bodrum Beach Resort,Güvercinlik,trip,https://www.trip.com/hotels/detail/?hotelId=9032904,Le Méridien Bodrum Beach Resort,VALID_ENTITY,0,2026-08-26T22:45:58Z,2026-08-26T22:45:58Z,
BOD108,Lujo Hotel Bodrum,Güvercinlik,trip,https://www.trip.com/hotels/detail/?hotelId=21877526,Lujo Hotel Bodrum,VALID_ENTITY,0,2026-08-26T22:46:09Z,2026-08-26T22:46:09Z,
BOD110,Titanic Luxury Collection Bodrum,Güvercinlik,trip,https://www.trip.com/hotels/detail/?hotelId=5798293,Titanic Luxury Collection Bodrum,VALID_ENTITY,0,2026-08-26T22:46:20Z,2026-08-26T22:46:20Z,
BOD111,Zena Hotel Bodrum,Güvercinlik,trip,https://www.trip.com/hotels/detail/?hotelId=3803347,Zena Hotel Bodrum,VALID_ENTITY,0,2026-08-26T22:46:31Z,2026-08-26T22:46:31Z,
BOD112,Azure By Yelken Hotel,Kadıkalesi,trip,https://www.trip.com/hotels/detail/?hotelId=5273989,Azure by Yelken Hotel,VALID_ENTITY,0,2026-08-26T22:46:42Z,2026-08-26T22:46:42Z,
BOD115,Yasmin Bodrum Resort,Kadıkalesi,trip,https://www.trip.com/hotels/detail/?hotelId=3443397,Yasmin Bodrum Resort,VALID_ENTITY,0,2026-08-26T22:46:50Z,2026-08-26T22:46:50Z,
BOD118,Amfora Hotel,Ortakent-Yahşi,trip,https://www.trip.com/hotels/detail/?hotelId=9921726,Amfora Hotel,VALID_ENTITY,0,2026-08-26T22:46:59Z,2026-08-26T22:46:59Z,
BOD120,Celeste Bella Luxury Hotel & Spa,Ortakent-Yahşi,trip,https://www.trip.com/hotels/detail/?hotelId=97245574,Celeste Bella Luxury Hotel & Spa,VALID_ENTITY,0,2026-08-26T22:47:07Z,2026-08-26T22:47:07Z,
BOD121,Eskiyalı Otel,Ortakent-Yahşi,trip,https://www.trip.com/hotels/detail/?hotelId=112161757,Eskiyali Otel,VALID_ENTITY,0,2026-08-26T22:47:18Z,2026-08-26T22:47:18Z,
BOD122,Florida Otel,Ortakent-Yahşi,trip,https://www.trip.com/hotels/detail/?hotelId=2774346,Florida Hotel,VALID_ENTITY,0,2026-08-26T22:47:29Z,2026-08-26T22:47:29Z,
BOD124,Irmak Boutique Hotel,Ortakent-Yahşi,trip,https://www.trip.com/hotels/detail/?hotelId=91276298,Irmak Boutique Hotel,VALID_ENTITY,0,2026-08-26T22:47:40Z,2026-08-26T22:47:40Z,
BOD126,Khai Hotel Bodrum,Ortakent-Yahşi,trip,https://www.trip.com/hotels/detail/?hotelId=80934091,Khai Hotel Bodrum,VALID_ENTITY,0,2026-08-26T22:47:52Z,2026-08-26T22:47:52Z,
BOD128,Lugga Boutique Hotel & Beach,Ortakent-Yahşi,trip,https://www.trip.com/hotels/detail/?hotelId=10724805,Lugga Boutique Hotel & Beach,VALID_ENTITY,0,2026-08-26T22:48:00Z,2026-08-26T22:48:00Z,
BOD130,Petunya Beach Resort,Ortakent-Yahşi,trip,https://www.trip.com/hotels/detail/?hotelId=3458968,Petunya Beach Resort,VALID_ENTITY,0,2026-08-26T22:48:08Z,2026-08-26T22:48:08Z,
BOD131,Regia Mare Beach Hotel Bodrum,Ortakent-Yahşi,trip,https://www.trip.com/hotels/detail/?hotelId=9433726,Regia Mare Beach Hotel Bodrum,VALID_ENTITY,0,2026-08-26T22:48:19Z,2026-08-26T22:48:19Z,
BOD134,Yakamoz Otel,Ortakent-Yahşi,trip,https://www.trip.com/hotels/detail/?hotelId=65110826,Yakamoz Otel,VALID_ENTITY,0,2026-08-26T22:48:28Z,2026-08-26T22:48:28Z,
BOD136,Zest Exclusive Hotel and Spa,Ortakent-Yahşi,trip,https://www.trip.com/hotels/detail/?hotelId=3799633,Zest Exclusive Hotel & Spa,VALID_ENTITY,0,2026-08-26T22:48:38Z,2026-08-26T22:48:38Z,
BOD140,DoubleTree by Hilton Bodrum Işıl Club All-Inclusive Resort,Torba,trip,https://www.trip.com/hotels/detail/?hotelId=3054529,DoubleTree by Hilton Bodrum Isil Club Ultra All Inclusive Resort,VALID_ENTITY,0,2026-08-26T22:48:49Z,2026-08-26T22:48:49Z,
BOD141,DUJA BODRUM,Torba,trip,https://www.trip.com/hotels/detail/?hotelId=2510330,Duja Bodrum,VALID_ENTITY,0,2026-08-26T22:49:00Z,2026-08-26T22:49:00Z,
BOD144,Mira Suites,Torba,trip,https://www.trip.com/hotels/detail/?hotelId=29994665,Mira Suites,VALID_ENTITY,0,2026-08-26T22:49:09Z,2026-08-26T22:49:09Z,
BOD147,Omar Hotel & Suites,Torba,trip,https://www.trip.com/hotels/detail/?hotelId=7169366,Omar Hotel & Suites,VALID_ENTITY,0,2026-08-26T22:49:22Z,2026-08-26T22:49:22Z,
BOD151,Sarpedor Boutique Hotel & SPA,Torba,trip,https://www.trip.com/hotels/detail/?hotelId=3799376,Sarpedor Boutique Hotel,VALID_ENTITY,0,2026-08-26T22:49:33Z,2026-08-26T22:49:33Z,
BOD152,"Susona Bodrum, LXR Hotels & Resorts",Torba,trip,https://www.trip.com/hotels/detail/?hotelId=5798277,"Susona Bodrum, LXR Hotels & Resorts",VALID_ENTITY,0,2026-08-26T22:49:44Z,2026-08-26T22:49:44Z,
BOD158,Arin Resort Bodrum,Turgutreis,trip,https://www.trip.com/hotels/detail/?hotelId=3139952,Arin Resort Bodrum,VALID_ENTITY,0,2026-08-26T22:49:55Z,2026-08-26T22:49:55Z,
BOD162,Rammos Managed by Dedeman,Turgutreis,trip,https://www.trip.com/hotels/detail/?hotelId=91593909,Rammos Managed By Dedeman,VALID_ENTITY,0,2026-08-26T22:50:06Z,2026-08-26T22:50:06Z,
BOD165,Caja by Maxx Royal,Türkbükü,trip,https://www.trip.com/hotels/detail/?hotelId=96121165,Caja by Maxx Royal,VALID_ENTITY,0,2026-08-26T22:50:17Z,2026-08-26T22:50:17Z,
BOD167,Elista Hotel & Spa,Türkbükü,trip,https://www.trip.com/hotels/detail/?hotelId=10538097,Elista Hotel & Spa,VALID_ENTITY,0,2026-08-26T22:50:28Z,2026-08-26T22:50:28Z,
BOD170,No:81 Hotel,Türkbükü,trip,https://www.trip.com/hotels/detail/?hotelId=6276090,No81 Hotel,VALID_ENTITY,0,2026-08-26T22:50:39Z,2026-08-26T22:50:39Z,
BOD172,Ailla Yalıkavak,Yalıkavak,trip,https://www.trip.com/hotels/detail/?hotelId=112828271,Ailla Yalikavak,VALID_ENTITY,0,2026-08-26T22:50:50Z,2026-08-26T22:50:50Z,
BOD173,Allium Bodrum Resort & Spa,Yalıkavak,trip,https://www.trip.com/hotels/detail/?hotelId=11135278,Allium Bodrum Resort & Spa,VALID_ENTITY,0,2026-08-26T22:51:00Z,2026-08-26T22:51:00Z,
BOD174,Arts Hotel Bodrum Yalıkavak,Yalıkavak,trip,https://www.trip.com/hotels/detail/?hotelId=42368994,Arts Hotel Bodrum Yalikavak,VALID_ENTITY,0,2026-08-26T22:51:09Z,2026-08-26T22:51:09Z,
BOD175,Avantgarde Refined Hotel | Yalıkavak,Yalıkavak,trip,https://www.trip.com/hotels/detail/?hotelId=3123466,Avantgarde Refined Yalıkavak,VALID_ENTITY,0,2026-08-26T22:51:17Z,2026-08-26T22:51:17Z,
BOD177,Delta Hotels By Marriott Bodrum,Yalıkavak,trip,https://www.trip.com/hotels/detail/?hotelId=6521445,Delta Hotels by Marriott Bodrum,VALID_ENTITY,0,2026-08-26T22:51:28Z,2026-08-26T22:51:28Z,
BOD180,MGallery The Bodrum Hotel Yalıkavak,Yalıkavak,trip,https://www.trip.com/hotels/detail/?hotelId=78104128,MGallery the Bodrum Hotel Yalikavak,VALID_ENTITY,0,2026-08-26T22:51:36Z,2026-08-26T22:51:36Z,
BOD181,Palmalife Bodrum Resort & Spa,Yalıkavak,trip,https://www.trip.com/hotels/detail/?hotelId=65110502,Palmalife Bodrum Resort & Spa,VALID_ENTITY,0,2026-08-26T22:51:45Z,2026-08-26T22:51:45Z,
BOD183,Ruins Luxury Resort,Yalıkavak,trip,https://www.trip.com/hotels/detail/?hotelId=134861180,Ruins Luxury Resort,VALID_ENTITY,0,2026-08-26T22:51:56Z,2026-08-26T22:51:56Z,
BOD184,Sea Palm Otel -YALIKAVAK,Yalıkavak,trip,https://www.trip.com/hotels/detail/?hotelId=67104006,Sea Palm Otel Yalıkavak,VALID_ENTITY,0,2026-08-26T22:52:07Z,2026-08-26T22:52:07Z,
BOD186,Sirene Luxury Hotel Bodrum,Yalıkavak,trip,https://www.trip.com/hotels/detail/?hotelId=3794461,Sirene Luxury Hotel Bodrum,VALID_ENTITY,0,2026-08-26T22:52:16Z,2026-08-26T22:52:16Z,
BOD187,Spektr Boutique Hotel Yalikavak,Yalıkavak,trip,https://www.trip.com/hotels/detail/?hotelId=10742914,Spektr Boutique Hotel Yalikavak,VALID_ENTITY,0,2026-08-26T22:52:26Z,2026-08-26T22:52:26Z,
BOD189,The Bodrum EDITION,Yalıkavak,trip,https://www.trip.com/hotels/detail/?hotelId=21867636,The Bodrum EDITION,VALID_ENTITY,0,2026-08-26T22:52:37Z,2026-08-26T22:52:37Z,
BOD190,The Sign Highlight Hotel,Yalıkavak,trip,https://www.trip.com/hotels/detail/?hotelId=4061754,The Sign Highlight Hotel,VALID_ENTITY,0,2026-08-26T22:52:48Z,2026-08-26T22:52:48Z,
BOD191,Yalıkavak Marina Hotel by METT Collection,Yalıkavak,trip,https://www.trip.com/hotels/detail/?hotelId=3802803,Yalıkavak Marina Hotel by METT Collection,VALID_ENTITY,0,2026-08-26T22:52:57Z,2026-08-26T22:52:57Z,
BOD192,Yalıpark Beach Hotel,Yalıkavak,trip,https://www.trip.com/hotels/detail/?hotelId=9866550,Yalipark Beach Hotel,VALID_ENTITY,0,2026-08-26T22:53:07Z,2026-08-26T22:53:07Z,
BOD002,Armonia Holiday Village & Spa,Akyarlar,trip,https://www.trip.com/hotels/bodrum-hotel-detail-3448104/armonia-holiday-village-and-spa-all-inclusive/,Armonia Holiday Village & Spa,VALID_ENTITY_NO_REVIEWS,0,2026-08-26T22:53:37Z,2026-08-26T22:53:37Z,
BOD003,ASPAT HOTEL BODRUM Beach Restaurant,Akyarlar,trip,https://www.trip.com/hotels/detail/?hotelId=106791418,Aspat Hotel Bodrum - Beach Restaurant,COMPLETED,20,2026-08-26T22:54:11Z,2026-08-26T22:54:11Z,
BOD004,Bendis Beach Hotel,Akyarlar,trip,https://www.trip.com/hotels/akyarlar-mahallesi-hotel-detail-4416296/bendis-beach-hotel/,Bendis Beach Hotel,VALID_ENTITY_NO_REVIEWS,0,2026-08-26T22:54:48Z,2026-08-26T22:54:48Z,
BOD007,Kefaluka Resort,Akyarlar,trip,https://www.trip.com/hotels/bodrum-hotel-detail-9894522/kefaluka-resort-ultra-all-inclusive/,Kefaluka Resort,VALID_ENTITY_NO_REVIEWS,0,2026-08-26T22:55:24Z,2026-08-26T22:55:24Z,
BOD008,LA BREZZA SUITE &HOTEL,Akyarlar,trip,https://www.trip.com/hotels/detail/?hotelId=4057611,La Brezza Suite & Hotel,COMPLETED,11,2026-08-26T22:56:00Z,2026-08-26T22:56:00Z,
BOD010,Mare Garden Hotel,Akyarlar,trip,https://us.trip.com/hotels/bodrum-hotel-detail-60107472/mare-garden-hotel/,Mare Garden Hotel,VALID_ENTITY_NO_REVIEWS,0,2026-08-26T22:56:37Z,2026-08-26T22:56:37Z,
BOD011,"Radisson Collection Hotel, Bodrum",Akyarlar,trip,https://uk.trip.com/hotels/bodrum-hotel-detail-75487192/radisson-collection-hotel-bodrum/,"Radisson Collection Hotel, Bodrum",VALID_ENTITY_NO_REVIEWS,0,2026-08-26T22:57:04Z,2026-08-26T22:57:04Z,
BOD012,Selectum Collection Bodrum,Akyarlar,trip,https://www.trip.com/hotels/bodrum-hotel-detail-7877878/selectum-collection-bodrum/,Selectum Collection Bodrum,VALID_ENTITY_NO_REVIEWS,0,2026-08-26T22:57:40Z,2026-08-26T22:57:40Z,
BOD013,"Sentido Bellazure - Akyarlar, Bodrum / Turkey",Akyarlar,trip,https://uk.trip.com/hotels/bodrum-hotel-detail-10720331/sentido-bellazure-all-inclusive/,Bellazure Hotel,VALID_ENTITY_NO_REVIEWS,0,2026-08-26T22:58:13Z,2026-08-26T22:58:13Z,
BOD014,Suum Bodrum Hotel & Beach,Akyarlar,trip,https://us.trip.com/hotels/bodrum-hotel-detail-116725989/suum-bodrum-hotel-beach/,SUUM BODRUM HOTEL & BEACH,VALID_ENTITY_NO_REVIEWS,0,2026-08-26T22:58:44Z,2026-08-26T22:58:44Z,
BOD016,Xanadu Island,Akyarlar,trip,https://www.trip.com/hotels/akyarlar-mahallesi-hotel-detail-17508018/xanadu-island-hotel/,Xanadu Island,VALID_ENTITY_NO_REVIEWS,0,2026-08-26T22:59:18Z,2026-08-26T22:59:18Z,
BOD017,Ambrosia Otel Beach & Spa,Bitez,trip,https://www.trip.com/hotels/detail/?hotelId=3448116,Ambrosia Hotel Beach & Spa,COMPLETED,20,2026-08-26T22:59:56Z,2026-08-26T22:59:56Z,
BOD020,Bitez Risa Hotel,Bitez,trip,https://www.trip.com/hotels/detail/?hotelId=3457591,Bitez Risa Hotel,COMPLETED,20,2026-08-26T23:00:33Z,2026-08-26T23:00:33Z,
BOD021,"Caresse, a Luxury Collection Resort & Spa, Bodrum",Bitez,trip,https://www.trip.com/hotels/detail/?hotelId=3799303,"Caresse, a Luxury Collection Resort & Spa, Bodrum",COMPLETED,20,2026-08-26T23:01:10Z,2026-08-26T23:01:10Z,
BOD025,Halikarya Hotel & Restaurant Beach,Bitez,trip,https://www.trip.com/hotels/detail/?hotelId=133162789,Halikarya Hotel & Restaurant Beach,COMPLETED,20,2026-08-26T23:01:49Z,2026-08-26T23:01:49Z,
BOD029,Mumu Bodrum Hotel,Bitez,trip,https://www.trip.com/hotels/detail/?hotelId=119015660,Mumu Bodrum Hotel,COMPLETED,19,2026-08-26T23:02:30Z,2026-08-26T23:02:30Z,
BOD031,Okaliptus Otel,Bitez,trip,https://www.trip.com/hotels/detail/?hotelId=5420290,Okaliptus Otel,COMPLETED,20,2026-08-26T23:03:12Z,2026-08-26T23:03:12Z,
BOD033,Ramada Resort by Wyndham Bodrum,Bitez,trip,https://www.trip.com/hotels/detail/?hotelId=2504739,Ramada Resort by Wyndham Bodrum,COMPLETED,20,2026-08-26T23:03:50Z,2026-08-26T23:03:50Z,
BOD036,Bodrium Hotel & SPA,Bodrum Merkez,trip,https://www.trip.com/hotels/detail/?hotelId=3053057,Bodrium Hotel & Spa,COMPLETED,20,2026-08-26T23:04:27Z,2026-08-26T23:04:27Z,
BOD041,La Quinta by Wyndham Bodrum,Bodrum Merkez,trip,https://www.trip.com/hotels/detail/?hotelId=3112073,La Quinta by Wyndham Bodrum,COMPLETED,20,2026-08-26T23:05:05Z,2026-08-26T23:05:05Z,
BOD043,METT Hotel & Beach Resort Bodrum,Bodrum Merkez,trip,https://www.trip.com/hotels/detail/?hotelId=9664001,METT Hotel & Beach Resort Bodrum,COMPLETED,20,2026-08-26T23:05:44Z,2026-08-26T23:05:44Z,
BOD045,Salmakis Resort & Spa,Bodrum Merkez,trip,https://www.trip.com/hotels/detail/?hotelId=2564875,Salmakis Resort & Spa,COMPLETED,20,2026-08-26T23:06:22Z,2026-08-26T23:06:22Z,
BOD048,Babana Hotel,Göltürkbükü,trip,https://www.trip.com/hotels/detail/?hotelId=3444382,Babana Hotel,COMPLETED,12,2026-08-26T23:07:02Z,2026-08-26T23:07:02Z,
BOD051,Faros Bodrum Hotel Göltürkbükü,Göltürkbükü,trip,https://ae.trip.com/hotels/golturkbuku-hotel-detail-17200888/faros-bodrum-ex-villa-kilic-hotel/,Faros Hotel Bodrum - Special Category,VALID_ENTITY_NO_REVIEWS,0,2026-08-26T23:07:39Z,2026-08-26T23:07:39Z,
BOD055,Lavinya Otel Göltürkbükü,Göltürkbükü,trip,https://www.trip.com/hotels/golturkbuku-hotel-detail-4067437/lavinya-otel/,Lavinya Otel,VALID_ENTITY_NO_REVIEWS,0,2026-08-26T23:08:18Z,2026-08-26T23:08:18Z,
BOD056,"Mandarin Oriental, Bodrum",Göltürkbükü,trip,https://www.trip.com/hotels/bodrum-hotel-detail-1661001/mandarin-oriental-bodrum/,"Mandarin Oriental, Bodrum",VALID_ENTITY_NO_REVIEWS,0,2026-08-26T23:08:51Z,2026-08-26T23:08:51Z,
BOD058,Bodrum Beach Resort,Gümbet,trip,https://us.trip.com/hotels/gumbet-hotel-detail-4057730/bodrum-beach-resort/,Bodrum Beach Resort,VALID_ENTITY_NO_REVIEWS,0,2026-08-26T23:09:27Z,2026-08-26T23:09:27Z,
BOD059,Bodrum Hotel Baba,Gümbet,trip,https://ae.trip.com/hotels/gumbet-hotel-detail-7138850/hotel-baba-all-inclusive/,Hotel Baba,VALID_ENTITY_NO_REVIEWS,0,2026-08-26T23:10:02Z,2026-08-26T23:10:02Z,
BOD060,Club Shark Hotel,Gümbet,trip,https://www.trip.com/hotels/detail/?hotelId=3110682,Club Shark Hotel,COMPLETED,20,2026-08-26T23:10:37Z,2026-08-26T23:10:37Z,
BOD061,Gümbet Anıl Beach,Gümbet,trip,https://www.trip.com/hotels/detail/?hotelId=3139941,Gumbet Anil Beach,COMPLETED,20,2026-08-26T23:11:12Z,2026-08-26T23:11:12Z,
BOD064,Jasmin Elite Residence & Spa,Gümbet,trip,https://www.trip.com/hotels/detail/?hotelId=10734986,Jasmin Elite Residence & Spa,COMPLETED,20,2026-08-26T23:11:49Z,2026-08-26T23:11:49Z,
BOD065,Mirada Exclusive Bodrum,Gümbet,trip,https://www.trip.com/hotels/detail/?hotelId=96677392,Mirada Exclusive Bodrum,COMPLETED,20,2026-08-26T23:12:28Z,2026-08-26T23:12:28Z,
BOD066,Royal Asarlik Beach Hotel & Spa,Gümbet,trip,https://www.trip.com/hotels/detail/?hotelId=4373993,Royal Asarlik Beach Hotel,COMPLETED,20,2026-08-26T23:13:06Z,2026-08-26T23:13:06Z,
BOD068,Selectum Colours Bodrum,Gümbet,trip,https://www.trip.com/hotels/detail/?hotelId=10718129,Selectum Colours Bodrum,COMPLETED,20,2026-08-26T23:13:43Z,2026-08-26T23:13:43Z,
BOD071,Tropicana Beach Hotel,Gümbet,trip,https://my.trip.com/hotels/gumbet-hotel-detail-3139968/tropicana-beach/,Tropicana Beach,MANUAL_ACTION_REQUIRED,0,2026-08-26T23:14:19Z,2026-08-26T23:14:19Z,Yorum kartlari bulunamadi. Sayfa insan dogrulamasi gosteriyor veya Trip.com sayfa yapisini degistirmis olabilir.
BOD072,VERY CHIC BODRUM,Gümbet,trip,https://uk.trip.com/hotels/bodrum-hotel-detail-3448155/very-chic-bodrum-adult-only/,Very Chic Bodrum Adult Only,VALID_ENTITY_NO_REVIEWS,0,2026-08-26T23:15:29Z,2026-08-26T23:15:29Z,
BOD073,Arriba Apartment & Restaurant & Bungalows,Gümüşlük,trip,https://www.trip.com/hotels/gumusluk-hotel-detail-96123030/arriba-apart-bungalow-restaurant/,Arriba Apart Bungalow Restaurant,VALID_ENTITY_NO_REVIEWS,0,2026-08-26T23:16:05Z,2026-08-26T23:16:05Z,
BOD074,Begonvil Gümüşlük,Gümüşlük,trip,https://www.trip.com/hotels/gumusluk-hotel-detail-127410335/begonvil-gmlk/,BEGONVİL GÜMÜŞLÜK,VALID_ENTITY_NO_REVIEWS,0,2026-08-26T23:16:37Z,2026-08-26T23:16:37Z,
BOD076,Gümüşlük No3,Gümüşlük,trip,https://www.trip.com/hotels/gumusluk-hotel-detail-109836085/gumusluk-no3/,Gumusluk No3,VALID_ENTITY_NO_REVIEWS,0,2026-08-26T23:17:04Z,2026-08-26T23:17:04Z,
BOD078,Liman Hotel Gümüslük (Adult only),Gümüşlük,trip,https://www.trip.com/hotels/bodrum-hotel-detail-79101381/liman-hotel-gmslk-adult-only/,Liman Hotel Gümüslük - Adult Only,VALID_ENTITY_NO_REVIEWS,0,2026-08-26T23:17:46Z,2026-08-26T23:17:46Z,
BOD081,Oda Bodrum Gümüşlük,Gümüşlük,trip,https://www.trip.com/hotels/detail/?hotelId=45808524,Oda Bodrum Gümüşlük,COMPLETED,20,2026-08-26T23:18:21Z,2026-08-26T23:18:21Z,
BOD082,Otel Gümüşlük,Gümüşlük,trip,https://www.trip.com/hotels/detail/?hotelId=10621542,Hotel Gumusluk,COMPLETED,18,2026-08-26T23:18:56Z,2026-08-26T23:18:56Z,
BOD085,Paradise Gümüşlük,Gümüşlük,trip,https://www.trip.com/hotels/detail/?hotelId=47296921,Paradise Gumusluk,COMPLETED,12,2026-08-26T23:19:35Z,2026-08-26T23:19:35Z,
BOD086,Vega Aparts,Gümüşlük,trip,https://www.trip.com/hotels/detail/?hotelId=6158557,Vega Aparts,COMPLETED,20,2026-08-26T23:20:13Z,2026-08-26T23:20:13Z,
BOD088,Baia Bodrum Hotel,Gündoğan,trip,https://www.trip.com/hotels/detail/?hotelId=4389371,Baia Bodrum Hotel,COMPLETED,20,2026-08-26T23:20:49Z,2026-08-26T23:20:49Z,
BOD089,Cape Bodrum Luxury Hotel & Beach,Gündoğan,trip,https://www.trip.com/hotels/detail/?hotelId=4046304,Cape Bodrum Luxury Hotel & Beach,COMPLETED,20,2026-08-26T23:21:27Z,2026-08-26T23:21:27Z,
BOD090,Costa Farilya Special Class Hotel Bodrum,Gündoğan,trip,https://www.trip.com/hotels/detail/?hotelId=3451304,Costa Farilya Special Class Hotel Bodrum,COMPLETED,20,2026-08-26T23:22:05Z,2026-08-26T23:22:05Z,
BOD091,Gündoğan Suites,Gündoğan,trip,https://www.trip.com/hotels/detail/?hotelId=119308463,Gündoğan Suites,COMPLETED,6,2026-08-26T23:22:42Z,2026-08-26T23:22:42Z,
BOD095,Mivara Luxury Bodrum,Gündoğan,trip,https://www.trip.com/hotels/detail/?hotelId=5943823,Mivara Luxury Bodrum,COMPLETED,20,2026-08-26T23:23:11Z,2026-08-26T23:23:11Z,
BOD096,Olira Boutique Hotel&SPA,Gündoğan,trip,https://www.trip.com/hotels/detail/?hotelId=4057640,Olira Boutique Hotel&Spa,COMPLETED,20,2026-08-26T23:23:49Z,2026-08-26T23:23:49Z,
BOD097,OLİVE TREE HOTEL,Gündoğan,trip,https://www.trip.com/hotels/detail/?hotelId=1052156,Olive Tree Hotel,COMPLETED,11,2026-08-26T23:24:25Z,2026-08-26T23:24:25Z,
BOD100,Villa Rustica Hotel,Gündoğan,trip,https://www.trip.com/hotels/detail/?hotelId=3802712,Villa Rustica Hotel,COMPLETED,8,2026-08-26T23:25:02Z,2026-08-26T23:25:02Z,
BOD106,La Blanche Island Bodrum,Güvercinlik,trip,https://www.trip.com/hotels/detail/?hotelId=3444509,La Blanche Island Bodrum,COMPLETED,20,2026-08-26T23:25:31Z,2026-08-26T23:25:31Z,
BOD107,Le Méridien Bodrum Beach Resort,Güvercinlik,trip,https://www.trip.com/hotels/detail/?hotelId=9032904,Le Méridien Bodrum Beach Resort,COMPLETED,20,2026-08-26T23:26:09Z,2026-08-26T23:26:09Z,
BOD108,Lujo Hotel Bodrum,Güvercinlik,trip,https://www.trip.com/hotels/detail/?hotelId=21877526,Lujo Hotel Bodrum,COMPLETED,20,2026-08-26T23:26:46Z,2026-08-26T23:26:46Z,
BOD110,Titanic Luxury Collection Bodrum,Güvercinlik,trip,https://www.trip.com/hotels/detail/?hotelId=5798293,Titanic Luxury Collection Bodrum,COMPLETED,20,2026-08-26T23:27:23Z,2026-08-26T23:27:23Z,
BOD111,Zena Hotel Bodrum,Güvercinlik,trip,https://www.trip.com/hotels/detail/?hotelId=3803347,Zena Hotel Bodrum,COMPLETED,9,2026-08-26T23:27:59Z,2026-08-26T23:27:59Z,
BOD112,Azure By Yelken Hotel,Kadıkalesi,trip,https://www.trip.com/hotels/detail/?hotelId=5273989,Azure by Yelken Hotel,COMPLETED,20,2026-08-26T23:28:31Z,2026-08-26T23:28:31Z,
BOD115,Yasmin Bodrum Resort,Kadıkalesi,trip,https://www.trip.com/hotels/detail/?hotelId=3443397,Yasmin Bodrum Resort,COMPLETED,20,2026-08-26T23:29:12Z,2026-08-26T23:29:12Z,
BOD118,Amfora Hotel,Ortakent-Yahşi,trip,https://www.trip.com/hotels/detail/?hotelId=9921726,Amfora Hotel,COMPLETED,10,2026-08-26T23:29:49Z,2026-08-26T23:29:49Z,
BOD120,Celeste Bella Luxury Hotel & Spa,Ortakent-Yahşi,trip,https://www.trip.com/hotels/detail/?hotelId=97245574,Celeste Bella Luxury Hotel & Spa,COMPLETED,20,2026-08-26T23:30:18Z,2026-08-26T23:30:18Z,
BOD121,Eskiyalı Otel,Ortakent-Yahşi,trip,https://www.trip.com/hotels/detail/?hotelId=112161757,Eskiyali Otel,MANUAL_ACTION_REQUIRED,0,2026-08-26T23:30:54Z,2026-08-26T23:30:54Z,Yorum kartlari bulunamadi. Sayfa insan dogrulamasi gosteriyor veya Trip.com sayfa yapisini degistirmis olabilir.
BOD122,Florida Otel,Ortakent-Yahşi,trip,https://www.trip.com/hotels/detail/?hotelId=2774346,Florida Hotel,COMPLETED,11,2026-08-26T23:32:03Z,2026-08-26T23:32:03Z,
BOD124,Irmak Boutique Hotel,Ortakent-Yahşi,trip,https://www.trip.com/hotels/detail/?hotelId=91276298,Irmak Boutique Hotel,COMPLETED,6,2026-08-26T23:32:40Z,2026-08-26T23:32:40Z,
BOD126,Khai Hotel Bodrum,Ortakent-Yahşi,trip,https://www.trip.com/hotels/detail/?hotelId=80934091,Khai Hotel Bodrum,COMPLETED,20,2026-08-26T23:33:08Z,2026-08-26T23:33:08Z,
BOD128,Lugga Boutique Hotel & Beach,Ortakent-Yahşi,trip,https://www.trip.com/hotels/detail/?hotelId=10724805,Lugga Boutique Hotel & Beach,COMPLETED,20,2026-08-26T23:33:47Z,2026-08-26T23:33:47Z,
BOD130,Petunya Beach Resort,Ortakent-Yahşi,trip,https://www.trip.com/hotels/detail/?hotelId=3458968,Petunya Beach Resort,COMPLETED,20,2026-08-26T23:34:25Z,2026-08-26T23:34:25Z,
BOD131,Regia Mare Beach Hotel Bodrum,Ortakent-Yahşi,trip,https://www.trip.com/hotels/detail/?hotelId=9433726,Regia Mare Beach Hotel Bodrum,COMPLETED,20,2026-08-26T23:35:03Z,2026-08-26T23:35:03Z,
BOD134,Yakamoz Otel,Ortakent-Yahşi,trip,https://www.trip.com/hotels/detail/?hotelId=65110826,Yakamoz Otel,COMPLETED,18,2026-08-26T23:35:40Z,2026-08-26T23:35:40Z,
BOD136,Zest Exclusive Hotel and Spa,Ortakent-Yahşi,trip,https://www.trip.com/hotels/detail/?hotelId=3799633,Zest Exclusive Hotel & Spa,COMPLETED,20,2026-08-26T23:36:17Z,2026-08-26T23:36:17Z,
BOD140,DoubleTree by Hilton Bodrum Işıl Club All-Inclusive Resort,Torba,trip,https://www.trip.com/hotels/detail/?hotelId=3054529,DoubleTree by Hilton Bodrum Isil Club Ultra All Inclusive Resort,COMPLETED,20,2026-08-26T23:36:54Z,2026-08-26T23:36:54Z,
BOD141,DUJA BODRUM,Torba,trip,https://www.trip.com/hotels/detail/?hotelId=2510330,Duja Bodrum,COMPLETED,20,2026-08-26T23:37:31Z,2026-08-26T23:37:31Z,
BOD144,Mira Suites,Torba,trip,https://www.trip.com/hotels/detail/?hotelId=29994665,Mira Suites,COMPLETED,2,2026-08-26T23:38:10Z,2026-08-26T23:38:10Z,
BOD147,Omar Hotel & Suites,Torba,trip,https://www.trip.com/hotels/detail/?hotelId=7169366,Omar Hotel & Suites,COMPLETED,14,2026-08-26T23:38:36Z,2026-08-26T23:38:36Z,
BOD151,Sarpedor Boutique Hotel & SPA,Torba,trip,https://www.trip.com/hotels/detail/?hotelId=3799376,Sarpedor Boutique Hotel,COMPLETED,20,2026-08-26T23:39:14Z,2026-08-26T23:39:14Z,
BOD152,"Susona Bodrum, LXR Hotels & Resorts",Torba,trip,https://www.trip.com/hotels/detail/?hotelId=5798277,"Susona Bodrum, LXR Hotels & Resorts",COMPLETED,20,2026-08-26T23:39:52Z,2026-08-26T23:39:52Z,
BOD158,Arin Resort Bodrum,Turgutreis,trip,https://www.trip.com/hotels/detail/?hotelId=3139952,Arin Resort Bodrum,COMPLETED,20,2026-08-26T23:40:32Z,2026-08-26T23:40:32Z,
BOD162,Rammos Managed by Dedeman,Turgutreis,trip,https://www.trip.com/hotels/detail/?hotelId=91593909,Rammos Managed By Dedeman,COMPLETED,20,2026-08-26T23:41:11Z,2026-08-26T23:41:11Z,
BOD165,Caja by Maxx Royal,Türkbükü,trip,https://www.trip.com/hotels/detail/?hotelId=96121165,Caja by Maxx Royal,COMPLETED,4,2026-08-26T23:41:50Z,2026-08-26T23:41:50Z,
BOD167,Elista Hotel & Spa,Türkbükü,trip,https://www.trip.com/hotels/detail/?hotelId=10538097,Elista Hotel & Spa,COMPLETED,20,2026-08-26T23:42:17Z,2026-08-26T23:42:17Z,
BOD170,No:81 Hotel,Türkbükü,trip,https://www.trip.com/hotels/detail/?hotelId=6276090,No81 Hotel,COMPLETED,20,2026-08-26T23:42:54Z,2026-08-26T23:42:54Z,
BOD172,Ailla Yalıkavak,Yalıkavak,trip,https://www.trip.com/hotels/detail/?hotelId=112828271,Ailla Yalikavak,COMPLETED,20,2026-08-26T23:43:34Z,2026-08-26T23:43:34Z,
BOD173,Allium Bodrum Resort & Spa,Yalıkavak,trip,https://www.trip.com/hotels/detail/?hotelId=11135278,Allium Bodrum Resort & Spa,COMPLETED,20,2026-08-26T23:44:09Z,2026-08-26T23:44:09Z,
BOD174,Arts Hotel Bodrum Yalıkavak,Yalıkavak,trip,https://www.trip.com/hotels/detail/?hotelId=42368994,Arts Hotel Bodrum Yalikavak,COMPLETED,20,2026-08-26T23:44:47Z,2026-08-26T23:44:47Z,
BOD175,Avantgarde Refined Hotel | Yalıkavak,Yalıkavak,trip,https://www.trip.com/hotels/detail/?hotelId=3123466,Avantgarde Refined Yalıkavak,COMPLETED,20,2026-08-26T23:45:25Z,2026-08-26T23:45:25Z,
BOD177,Delta Hotels By Marriott Bodrum,Yalıkavak,trip,https://www.trip.com/hotels/detail/?hotelId=6521445,Delta Hotels by Marriott Bodrum,COMPLETED,7,2026-08-26T23:46:00Z,2026-08-26T23:46:00Z,
BOD180,MGallery The Bodrum Hotel Yalıkavak,Yalıkavak,trip,https://www.trip.com/hotels/detail/?hotelId=78104128,MGallery the Bodrum Hotel Yalikavak,COMPLETED,20,2026-08-26T23:46:30Z,2026-08-26T23:46:30Z,
BOD181,Palmalife Bodrum Resort & Spa,Yalıkavak,trip,https://www.trip.com/hotels/detail/?hotelId=65110502,Palmalife Bodrum Resort & Spa,COMPLETED,12,2026-08-26T23:47:10Z,2026-08-26T23:47:10Z,
BOD183,Ruins Luxury Resort,Yalıkavak,trip,https://www.trip.com/hotels/detail/?hotelId=134861180,Ruins Luxury Resort,MANUAL_ACTION_REQUIRED,0,2026-08-26T23:47:49Z,2026-08-26T23:47:49Z,Yorum kartlari bulunamadi. Sayfa insan dogrulamasi gosteriyor veya Trip.com sayfa yapisini degistirmis olabilir.
BOD184,Sea Palm Otel -YALIKAVAK,Yalıkavak,trip,https://www.trip.com/hotels/detail/?hotelId=67104006,Sea Palm Otel Yalıkavak,COMPLETED,14,2026-08-26T23:48:58Z,2026-08-26T23:48:58Z,
BOD186,Sirene Luxury Hotel Bodrum,Yalıkavak,trip,https://www.trip.com/hotels/detail/?hotelId=3794461,Sirene Luxury Hotel Bodrum,COMPLETED,20,2026-08-26T23:49:35Z,2026-08-26T23:49:35Z,
BOD187,Spektr Boutique Hotel Yalikavak,Yalıkavak,trip,https://www.trip.com/hotels/detail/?hotelId=10742914,Spektr Boutique Hotel Yalikavak,COMPLETED,20,2026-08-26T23:50:14Z,2026-08-26T23:50:14Z,
BOD189,The Bodrum EDITION,Yalıkavak,trip,https://www.trip.com/hotels/detail/?hotelId=21867636,The Bodrum EDITION,COMPLETED,20,2026-08-26T23:50:52Z,2026-08-26T23:50:52Z,
BOD190,The Sign Highlight Hotel,Yalıkavak,trip,https://www.trip.com/hotels/detail/?hotelId=4061754,The Sign Highlight Hotel,COMPLETED,18,2026-08-26T23:51:32Z,2026-08-26T23:51:32Z,
BOD191,Yalıkavak Marina Hotel by METT Collection,Yalıkavak,trip,https://www.trip.com/hotels/detail/?hotelId=3802803,Yalıkavak Marina Hotel by METT Collection,COMPLETED,20,2026-08-26T23:52:13Z,2026-08-26T23:52:13Z,
BOD192,Yalıpark Beach Hotel,Yalıkavak,trip,https://www.trip.com/hotels/detail/?hotelId=9866550,Yalipark Beach Hotel,COMPLETED,20,2026-08-26T23:52:51Z,2026-08-26T23:52:51Z,
BOD002,Armonia Holiday Village & Spa,Akyarlar,trip,https://www.trip.com/hotels/bodrum-hotel-detail-3448104/armonia-holiday-village-and-spa-all-inclusive/,Armonia Holiday Village & Spa,VALID_ENTITY_NO_REVIEWS,0,2026-08-26T23:54:45Z,2026-08-26T23:54:45Z,
BOD003,ASPAT HOTEL BODRUM Beach Restaurant,Akyarlar,trip,https://www.trip.com/hotels/detail/?hotelId=106791418,Aspat Hotel Bodrum - Beach Restaurant,COMPLETED,8,2026-08-26T23:55:21Z,2026-08-26T23:55:21Z,
BOD004,Bendis Beach Hotel,Akyarlar,trip,https://www.trip.com/hotels/akyarlar-mahallesi-hotel-detail-4416296/bendis-beach-hotel/,Bendis Beach Hotel,VALID_ENTITY_NO_REVIEWS,0,2026-08-26T23:56:10Z,2026-08-26T23:56:10Z,
BOD007,Kefaluka Resort,Akyarlar,trip,https://www.trip.com/hotels/bodrum-hotel-detail-9894522/kefaluka-resort-ultra-all-inclusive/,Kefaluka Resort,VALID_ENTITY_NO_REVIEWS,0,2026-08-26T23:56:46Z,2026-08-26T23:56:46Z,
BOD008,LA BREZZA SUITE &HOTEL,Akyarlar,trip,https://www.trip.com/hotels/detail/?hotelId=4057611,La Brezza Suite & Hotel,VALID_ENTITY_NO_REVIEWS,0,2026-08-26T23:57:22Z,2026-08-26T23:57:22Z,
BOD010,Mare Garden Hotel,Akyarlar,trip,https://us.trip.com/hotels/bodrum-hotel-detail-60107472/mare-garden-hotel/,Mare Garden Hotel,VALID_ENTITY_NO_REVIEWS,0,2026-08-26T23:57:58Z,2026-08-26T23:57:58Z,
BOD011,"Radisson Collection Hotel, Bodrum",Akyarlar,trip,https://uk.trip.com/hotels/bodrum-hotel-detail-75487192/radisson-collection-hotel-bodrum/,"Radisson Collection Hotel, Bodrum",VALID_ENTITY_NO_REVIEWS,0,2026-08-26T23:58:25Z,2026-08-26T23:58:25Z,
BOD012,Selectum Collection Bodrum,Akyarlar,trip,https://www.trip.com/hotels/bodrum-hotel-detail-7877878/selectum-collection-bodrum/,Selectum Collection Bodrum,VALID_ENTITY_NO_REVIEWS,0,2026-08-26T23:59:00Z,2026-08-26T23:59:00Z,
BOD013,"Sentido Bellazure - Akyarlar, Bodrum / Turkey",Akyarlar,trip,https://uk.trip.com/hotels/bodrum-hotel-detail-10720331/sentido-bellazure-all-inclusive/,Bellazure Hotel,VALID_ENTITY_NO_REVIEWS,0,2026-08-26T23:59:36Z,2026-08-26T23:59:36Z,
BOD014,Suum Bodrum Hotel & Beach,Akyarlar,trip,https://us.trip.com/hotels/bodrum-hotel-detail-116725989/suum-bodrum-hotel-beach/,SUUM BODRUM HOTEL & BEACH,VALID_ENTITY_NO_REVIEWS,0,2026-08-27T00:00:24Z,2026-08-27T00:00:24Z,
BOD016,Xanadu Island,Akyarlar,trip,https://www.trip.com/hotels/akyarlar-mahallesi-hotel-detail-17508018/xanadu-island-hotel/,Xanadu Island,VALID_ENTITY_NO_REVIEWS,0,2026-08-27T00:01:01Z,2026-08-27T00:01:01Z,
BOD017,Ambrosia Otel Beach & Spa,Bitez,trip,https://www.trip.com/hotels/detail/?hotelId=3448116,Ambrosia Hotel Beach & Spa,COMPLETED,30,2026-08-27T00:01:37Z,2026-08-27T00:01:37Z,
BOD020,Bitez Risa Hotel,Bitez,trip,https://www.trip.com/hotels/detail/?hotelId=3457591,Bitez Risa Hotel,COMPLETED,30,2026-08-27T00:02:44Z,2026-08-27T00:02:44Z,
BOD021,"Caresse, a Luxury Collection Resort & Spa, Bodrum",Bitez,trip,https://www.trip.com/hotels/detail/?hotelId=3799303,"Caresse, a Luxury Collection Resort & Spa, Bodrum",COMPLETED,23,2026-08-27T00:03:53Z,2026-08-27T00:03:53Z,
BOD025,Halikarya Hotel & Restaurant Beach,Bitez,trip,https://www.trip.com/hotels/detail/?hotelId=133162789,Halikarya Hotel & Restaurant Beach,COMPLETED,1,2026-08-27T00:05:00Z,2026-08-27T00:05:00Z,
BOD029,Mumu Bodrum Hotel,Bitez,trip,https://www.trip.com/hotels/detail/?hotelId=119015660,Mumu Bodrum Hotel,VALID_ENTITY_NO_REVIEWS,0,2026-08-27T00:05:47Z,2026-08-27T00:05:47Z,
BOD031,Okaliptus Otel,Bitez,trip,https://www.trip.com/hotels/detail/?hotelId=5420290,Okaliptus Otel,COMPLETED,27,2026-08-27T00:06:29Z,2026-08-27T00:06:29Z,
BOD033,Ramada Resort by Wyndham Bodrum,Bitez,trip,https://www.trip.com/hotels/detail/?hotelId=2504739,Ramada Resort by Wyndham Bodrum,COMPLETED,44,2026-08-27T00:07:39Z,2026-08-27T00:07:39Z,
BOD036,Bodrium Hotel & SPA,Bodrum Merkez,trip,https://www.trip.com/hotels/detail/?hotelId=3053057,Bodrium Hotel & Spa,COMPLETED,43,2026-08-27T00:09:02Z,2026-08-27T00:09:02Z,
BOD041,La Quinta by Wyndham Bodrum,Bodrum Merkez,trip,https://www.trip.com/hotels/detail/?hotelId=3112073,La Quinta by Wyndham Bodrum,COMPLETED,39,2026-08-27T00:10:35Z,2026-08-27T00:10:35Z,
BOD043,METT Hotel & Beach Resort Bodrum,Bodrum Merkez,trip,https://www.trip.com/hotels/detail/?hotelId=9664001,METT Hotel & Beach Resort Bodrum,COMPLETED,70,2026-08-27T00:11:52Z,2026-08-27T00:11:52Z,
BOD045,Salmakis Resort & Spa,Bodrum Merkez,trip,https://www.trip.com/hotels/detail/?hotelId=2564875,Salmakis Resort & Spa,COMPLETED,31,2026-08-27T00:13:36Z,2026-08-27T00:13:36Z,
BOD048,Babana Hotel,Göltürkbükü,trip,https://www.trip.com/hotels/detail/?hotelId=3444382,Babana Hotel,VALID_ENTITY_NO_REVIEWS,0,2026-08-27T00:14:49Z,2026-08-27T00:14:49Z,
BOD051,Faros Bodrum Hotel Göltürkbükü,Göltürkbükü,trip,https://ae.trip.com/hotels/golturkbuku-hotel-detail-17200888/faros-bodrum-ex-villa-kilic-hotel/,Faros Hotel Bodrum - Special Category,VALID_ENTITY_NO_REVIEWS,0,2026-08-27T00:15:30Z,2026-08-27T00:15:30Z,
BOD055,Lavinya Otel Göltürkbükü,Göltürkbükü,trip,https://www.trip.com/hotels/golturkbuku-hotel-detail-4067437/lavinya-otel/,Lavinya Otel,VALID_ENTITY_NO_REVIEWS,0,2026-08-27T00:16:03Z,2026-08-27T00:16:03Z,
BOD056,"Mandarin Oriental, Bodrum",Göltürkbükü,trip,https://www.trip.com/hotels/bodrum-hotel-detail-1661001/mandarin-oriental-bodrum/,"Mandarin Oriental, Bodrum",VALID_ENTITY_NO_REVIEWS,0,2026-08-27T00:16:36Z,2026-08-27T00:16:36Z,
BOD058,Bodrum Beach Resort,Gümbet,trip,https://us.trip.com/hotels/gumbet-hotel-detail-4057730/bodrum-beach-resort/,Bodrum Beach Resort,VALID_ENTITY_NO_REVIEWS,0,2026-08-27T00:17:12Z,2026-08-27T00:17:12Z,
BOD059,Bodrum Hotel Baba,Gümbet,trip,https://ae.trip.com/hotels/gumbet-hotel-detail-7138850/hotel-baba-all-inclusive/,Hotel Baba,VALID_ENTITY_NO_REVIEWS,0,2026-08-27T00:17:46Z,2026-08-27T00:17:46Z,
BOD060,Club Shark Hotel,Gümbet,trip,https://www.trip.com/hotels/detail/?hotelId=3110682,Club Shark Hotel,COMPLETED,23,2026-08-27T00:18:21Z,2026-08-27T00:18:21Z,
BOD061,Gümbet Anıl Beach,Gümbet,trip,https://www.trip.com/hotels/detail/?hotelId=3139941,Gumbet Anil Beach,COMPLETED,21,2026-08-27T00:19:26Z,2026-08-27T00:19:26Z,
BOD064,Jasmin Elite Residence & Spa,Gümbet,trip,https://www.trip.com/hotels/detail/?hotelId=10734986,Jasmin Elite Residence & Spa,COMPLETED,68,2026-08-27T00:20:32Z,2026-08-27T00:20:32Z,
BOD065,Mirada Exclusive Bodrum,Gümbet,trip,https://www.trip.com/hotels/detail/?hotelId=96677392,Mirada Exclusive Bodrum,COMPLETED,43,2026-08-27T00:22:18Z,2026-08-27T00:22:18Z,
BOD066,Royal Asarlik Beach Hotel & Spa,Gümbet,trip,https://www.trip.com/hotels/detail/?hotelId=4373993,Royal Asarlik Beach Hotel,COMPLETED,54,2026-08-27T00:23:44Z,2026-08-27T00:23:44Z,
BOD068,Selectum Colours Bodrum,Gümbet,trip,https://www.trip.com/hotels/detail/?hotelId=10718129,Selectum Colours Bodrum,COMPLETED,25,2026-08-27T00:25:18Z,2026-08-27T00:25:18Z,
BOD071,Tropicana Beach Hotel,Gümbet,trip,https://my.trip.com/hotels/gumbet-hotel-detail-3139968/tropicana-beach/,Tropicana Beach,MANUAL_ACTION_REQUIRED,0,2026-08-27T00:26:28Z,2026-08-27T00:26:28Z,Yorum kartlari bulunamadi. Sayfa insan dogrulamasi gosteriyor veya Trip.com sayfa yapisini degistirmis olabilir.
BOD072,VERY CHIC BODRUM,Gümbet,trip,https://uk.trip.com/hotels/bodrum-hotel-detail-3448155/very-chic-bodrum-adult-only/,Very Chic Bodrum Adult Only,VALID_ENTITY_NO_REVIEWS,0,2026-08-27T00:27:39Z,2026-08-27T00:27:39Z,
BOD073,Arriba Apartment & Restaurant & Bungalows,Gümüşlük,trip,https://www.trip.com/hotels/gumusluk-hotel-detail-96123030/arriba-apart-bungalow-restaurant/,Arriba Apart Bungalow Restaurant,VALID_ENTITY_NO_REVIEWS,0,2026-08-27T00:28:13Z,2026-08-27T00:28:13Z,
BOD074,Begonvil Gümüşlük,Gümüşlük,trip,https://www.trip.com/hotels/gumusluk-hotel-detail-127410335/begonvil-gmlk/,BEGONVİL GÜMÜŞLÜK,VALID_ENTITY_NO_REVIEWS,0,2026-08-27T00:29:13Z,2026-08-27T00:29:13Z,
BOD076,Gümüşlük No3,Gümüşlük,trip,https://www.trip.com/hotels/gumusluk-hotel-detail-109836085/gumusluk-no3/,Gumusluk No3,VALID_ENTITY_NO_REVIEWS,0,2026-08-27T00:29:40Z,2026-08-27T00:29:40Z,
BOD078,Liman Hotel Gümüslük (Adult only),Gümüşlük,trip,https://www.trip.com/hotels/bodrum-hotel-detail-79101381/liman-hotel-gmslk-adult-only/,Liman Hotel Gümüslük - Adult Only,VALID_ENTITY_NO_REVIEWS,0,2026-08-27T00:30:12Z,2026-08-27T00:30:12Z,
BOD081,Oda Bodrum Gümüşlük,Gümüşlük,trip,https://www.trip.com/hotels/detail/?hotelId=45808524,Oda Bodrum Gümüşlük,COMPLETED,8,2026-08-27T00:30:46Z,2026-08-27T00:30:46Z,
BOD082,Otel Gümüşlük,Gümüşlük,trip,https://www.trip.com/hotels/detail/?hotelId=10621542,Hotel Gumusluk,VALID_ENTITY_NO_REVIEWS,0,2026-08-27T00:31:36Z,2026-08-27T00:31:36Z,
BOD085,Paradise Gümüşlük,Gümüşlük,trip,https://www.trip.com/hotels/detail/?hotelId=47296921,Paradise Gumusluk,VALID_ENTITY_NO_REVIEWS,0,2026-08-27T00:32:17Z,2026-08-27T00:32:17Z,
BOD086,Vega Aparts,Gümüşlük,trip,https://www.trip.com/hotels/detail/?hotelId=6158557,Vega Aparts,VALID_ENTITY_NO_REVIEWS,0,2026-08-27T00:32:55Z,2026-08-27T00:32:55Z,
BOD088,Baia Bodrum Hotel,Gündoğan,trip,https://www.trip.com/hotels/detail/?hotelId=4389371,Baia Bodrum Hotel,COMPLETED,20,2026-08-27T00:33:37Z,2026-08-27T00:33:37Z,
BOD089,Cape Bodrum Luxury Hotel & Beach,Gündoğan,trip,https://www.trip.com/hotels/detail/?hotelId=4046304,Cape Bodrum Luxury Hotel & Beach,COMPLETED,8,2026-08-27T00:34:35Z,2026-08-27T00:34:35Z,
BOD090,Costa Farilya Special Class Hotel Bodrum,Gündoğan,trip,https://www.trip.com/hotels/detail/?hotelId=3451304,Costa Farilya Special Class Hotel Bodrum,COMPLETED,47,2026-08-27T00:35:26Z,2026-08-27T00:35:26Z,
BOD091,Gündoğan Suites,Gündoğan,trip,https://www.trip.com/hotels/detail/?hotelId=119308463,Gündoğan Suites,VALID_ENTITY_NO_REVIEWS,0,2026-08-27T00:36:51Z,2026-08-27T00:36:51Z,
BOD095,Mivara Luxury Bodrum,Gündoğan,trip,https://www.trip.com/hotels/detail/?hotelId=5943823,Mivara Luxury Bodrum,COMPLETED,38,2026-08-27T00:37:20Z,2026-08-27T00:37:20Z,
BOD096,Olira Boutique Hotel&SPA,Gündoğan,trip,https://www.trip.com/hotels/detail/?hotelId=4057640,Olira Boutique Hotel&Spa,COMPLETED,7,2026-08-27T00:38:36Z,2026-08-27T00:38:36Z,
BOD097,OLİVE TREE HOTEL,Gündoğan,trip,https://www.trip.com/hotels/detail/?hotelId=1052156,Olive Tree Hotel,VALID_ENTITY_NO_REVIEWS,0,2026-08-27T00:39:27Z,2026-08-27T00:39:27Z,
BOD100,Villa Rustica Hotel,Gündoğan,trip,https://www.trip.com/hotels/detail/?hotelId=3802712,Villa Rustica Hotel,VALID_ENTITY_NO_REVIEWS,0,2026-08-27T00:40:03Z,2026-08-27T00:40:03Z,
BOD106,La Blanche Island Bodrum,Güvercinlik,trip,https://www.trip.com/hotels/detail/?hotelId=3444509,La Blanche Island Bodrum,COMPLETED,37,2026-08-27T00:40:30Z,2026-08-27T00:40:30Z,
BOD107,Le Méridien Bodrum Beach Resort,Güvercinlik,trip,https://www.trip.com/hotels/detail/?hotelId=9032904,Le Méridien Bodrum Beach Resort,COMPLETED,24,2026-08-27T00:41:43Z,2026-08-27T00:41:43Z,
BOD108,Lujo Hotel Bodrum,Güvercinlik,trip,https://www.trip.com/hotels/detail/?hotelId=21877526,Lujo Hotel Bodrum,COMPLETED,21,2026-08-27T00:42:50Z,2026-08-27T00:42:50Z,
BOD110,Titanic Luxury Collection Bodrum,Güvercinlik,trip,https://www.trip.com/hotels/detail/?hotelId=5798293,Titanic Luxury Collection Bodrum,COMPLETED,15,2026-08-27T00:43:57Z,2026-08-27T00:43:57Z,
BOD111,Zena Hotel Bodrum,Güvercinlik,trip,https://www.trip.com/hotels/detail/?hotelId=3803347,Zena Hotel Bodrum,VALID_ENTITY_NO_REVIEWS,0,2026-08-27T00:44:53Z,2026-08-27T00:44:53Z,
BOD112,Azure By Yelken Hotel,Kadıkalesi,trip,https://www.trip.com/hotels/detail/?hotelId=5273989,Azure by Yelken Hotel,COMPLETED,21,2026-08-27T00:45:24Z,2026-08-27T00:45:24Z,
BOD115,Yasmin Bodrum Resort,Kadıkalesi,trip,https://www.trip.com/hotels/detail/?hotelId=3443397,Yasmin Bodrum Resort,COMPLETED,27,2026-08-27T00:46:28Z,2026-08-27T00:46:28Z,
BOD118,Amfora Hotel,Ortakent-Yahşi,trip,https://www.trip.com/hotels/detail/?hotelId=9921726,Amfora Hotel,VALID_ENTITY_NO_REVIEWS,0,2026-08-27T00:47:34Z,2026-08-27T00:47:34Z,
BOD120,Celeste Bella Luxury Hotel & Spa,Ortakent-Yahşi,trip,https://www.trip.com/hotels/detail/?hotelId=97245574,Celeste Bella Luxury Hotel & Spa,COMPLETED,19,2026-08-27T00:48:03Z,2026-08-27T00:48:03Z,
BOD121,Eskiyalı Otel,Ortakent-Yahşi,trip,https://www.trip.com/hotels/detail/?hotelId=112161757,Eskiyali Otel,MANUAL_ACTION_REQUIRED,0,2026-08-27T00:48:59Z,2026-08-27T00:48:59Z,Yorum kartlari bulunamadi. Sayfa insan dogrulamasi gosteriyor veya Trip.com sayfa yapisini degistirmis olabilir.
BOD122,Florida Otel,Ortakent-Yahşi,trip,https://www.trip.com/hotels/detail/?hotelId=2774346,Florida Hotel,VALID_ENTITY_NO_REVIEWS,0,2026-08-27T00:50:06Z,2026-08-27T00:50:06Z,
BOD124,Irmak Boutique Hotel,Ortakent-Yahşi,trip,https://www.trip.com/hotels/detail/?hotelId=91276298,Irmak Boutique Hotel,VALID_ENTITY_NO_REVIEWS,0,2026-08-27T00:50:41Z,2026-08-27T00:50:41Z,
BOD126,Khai Hotel Bodrum,Ortakent-Yahşi,trip,https://www.trip.com/hotels/detail/?hotelId=80934091,Khai Hotel Bodrum,COMPLETED,7,2026-08-27T00:51:10Z,2026-08-27T00:51:10Z,
BOD128,Lugga Boutique Hotel & Beach,Ortakent-Yahşi,trip,https://www.trip.com/hotels/detail/?hotelId=10724805,Lugga Boutique Hotel & Beach,COMPLETED,5,2026-08-27T00:51:56Z,2026-08-27T00:51:56Z,
BOD130,Petunya Beach Resort,Ortakent-Yahşi,trip,https://www.trip.com/hotels/detail/?hotelId=3458968,Petunya Beach Resort,COMPLETED,24,2026-08-27T00:52:45Z,2026-08-27T00:52:45Z,
BOD131,Regia Mare Beach Hotel Bodrum,Ortakent-Yahşi,trip,https://www.trip.com/hotels/detail/?hotelId=9433726,Regia Mare Beach Hotel Bodrum,COMPLETED,24,2026-08-27T00:53:55Z,2026-08-27T00:53:55Z,
BOD134,Yakamoz Otel,Ortakent-Yahşi,trip,https://www.trip.com/hotels/detail/?hotelId=65110826,Yakamoz Otel,VALID_ENTITY_NO_REVIEWS,0,2026-08-27T00:55:03Z,2026-08-27T00:55:03Z,
BOD136,Zest Exclusive Hotel and Spa,Ortakent-Yahşi,trip,https://www.trip.com/hotels/detail/?hotelId=3799633,Zest Exclusive Hotel & Spa,COMPLETED,4,2026-08-27T00:55:43Z,2026-08-27T00:55:43Z,
BOD140,DoubleTree by Hilton Bodrum Işıl Club All-Inclusive Resort,Torba,trip,https://www.trip.com/hotels/detail/?hotelId=3054529,DoubleTree by Hilton Bodrum Isil Club Ultra All Inclusive Resort,COMPLETED,25,2026-08-27T00:56:30Z,2026-08-27T00:56:30Z,
BOD141,DUJA BODRUM,Torba,trip,https://www.trip.com/hotels/detail/?hotelId=2510330,Duja Bodrum,COMPLETED,32,2026-08-27T00:57:36Z,2026-08-27T00:57:36Z,
BOD144,Mira Suites,Torba,trip,https://www.trip.com/hotels/detail/?hotelId=29994665,Mira Suites,VALID_ENTITY_NO_REVIEWS,0,2026-08-27T00:58:48Z,2026-08-27T00:58:48Z,
BOD147,Omar Hotel & Suites,Torba,trip,https://www.trip.com/hotels/detail/?hotelId=7169366,Omar Hotel & Suites,VALID_ENTITY_NO_REVIEWS,0,2026-08-27T00:59:15Z,2026-08-27T00:59:15Z,
BOD151,Sarpedor Boutique Hotel & SPA,Torba,trip,https://www.trip.com/hotels/detail/?hotelId=3799376,Sarpedor Boutique Hotel,COMPLETED,30,2026-08-27T00:59:54Z,2026-08-27T00:59:54Z,
BOD152,"Susona Bodrum, LXR Hotels & Resorts",Torba,trip,https://www.trip.com/hotels/detail/?hotelId=5798277,"Susona Bodrum, LXR Hotels & Resorts",COMPLETED,53,2026-08-27T01:01:00Z,2026-08-27T01:01:00Z,
BOD158,Arin Resort Bodrum,Turgutreis,trip,https://www.trip.com/hotels/detail/?hotelId=3139952,Arin Resort Bodrum,COMPLETED,5,2026-08-27T01:02:34Z,2026-08-27T01:02:34Z,
BOD162,Rammos Managed by Dedeman,Turgutreis,trip,https://www.trip.com/hotels/detail/?hotelId=91593909,Rammos Managed By Dedeman,COMPLETED,45,2026-08-27T01:03:22Z,2026-08-27T01:03:22Z,
BOD165,Caja by Maxx Royal,Türkbükü,trip,https://www.trip.com/hotels/detail/?hotelId=96121165,Caja by Maxx Royal,VALID_ENTITY_NO_REVIEWS,0,2026-08-27T01:04:49Z,2026-08-27T01:04:49Z,
BOD167,Elista Hotel & Spa,Türkbükü,trip,https://www.trip.com/hotels/detail/?hotelId=10538097,Elista Hotel & Spa,COMPLETED,42,2026-08-27T01:05:18Z,2026-08-27T01:05:18Z,
BOD170,No:81 Hotel,Türkbükü,trip,https://www.trip.com/hotels/detail/?hotelId=6276090,No81 Hotel,COMPLETED,15,2026-08-27T01:06:40Z,2026-08-27T01:06:40Z,
BOD172,Ailla Yalıkavak,Yalıkavak,trip,https://www.trip.com/hotels/detail/?hotelId=112828271,Ailla Yalikavak,COMPLETED,14,2026-08-27T01:07:38Z,2026-08-27T01:07:38Z,
BOD173,Allium Bodrum Resort & Spa,Yalıkavak,trip,https://www.trip.com/hotels/detail/?hotelId=11135278,Allium Bodrum Resort & Spa,COMPLETED,45,2026-08-27T01:08:35Z,2026-08-27T01:08:35Z,
BOD174,Arts Hotel Bodrum Yalıkavak,Yalıkavak,trip,https://www.trip.com/hotels/detail/?hotelId=42368994,Arts Hotel Bodrum Yalikavak,COMPLETED,15,2026-08-27T01:09:56Z,2026-08-27T01:09:56Z,
BOD175,Avantgarde Refined Hotel | Yalıkavak,Yalıkavak,trip,https://www.trip.com/hotels/detail/?hotelId=3123466,Avantgarde Refined Yalıkavak,COMPLETED,14,2026-08-27T01:10:56Z,2026-08-27T01:10:56Z,
BOD177,Delta Hotels By Marriott Bodrum,Yalıkavak,trip,https://www.trip.com/hotels/detail/?hotelId=6521445,Delta Hotels by Marriott Bodrum,VALID_ENTITY_NO_REVIEWS,0,2026-08-27T01:11:56Z,2026-08-27T01:11:56Z,
BOD180,MGallery The Bodrum Hotel Yalıkavak,Yalıkavak,trip,https://www.trip.com/hotels/detail/?hotelId=78104128,MGallery the Bodrum Hotel Yalikavak,COMPLETED,36,2026-08-27T01:12:25Z,2026-08-27T01:12:25Z,
BOD181,Palmalife Bodrum Resort & Spa,Yalıkavak,trip,https://www.trip.com/hotels/detail/?hotelId=65110502,Palmalife Bodrum Resort & Spa,VALID_ENTITY_NO_REVIEWS,0,2026-08-27T01:13:41Z,2026-08-27T01:13:41Z,
BOD183,Ruins Luxury Resort,Yalıkavak,trip,https://www.trip.com/hotels/detail/?hotelId=134861180,Ruins Luxury Resort,MANUAL_ACTION_REQUIRED,0,2026-08-27T01:14:19Z,2026-08-27T01:14:19Z,Yorum kartlari bulunamadi. Sayfa insan dogrulamasi gosteriyor veya Trip.com sayfa yapisini degistirmis olabilir.
BOD184,Sea Palm Otel -YALIKAVAK,Yalıkavak,trip,https://www.trip.com/hotels/detail/?hotelId=67104006,Sea Palm Otel Yalıkavak,VALID_ENTITY_NO_REVIEWS,0,2026-08-27T01:15:29Z,2026-08-27T01:15:29Z,
BOD186,Sirene Luxury Hotel Bodrum,Yalıkavak,trip,https://www.trip.com/hotels/detail/?hotelId=3794461,Sirene Luxury Hotel Bodrum,COMPLETED,35,2026-08-27T01:16:08Z,2026-08-27T01:16:08Z,
BOD187,Spektr Boutique Hotel Yalikavak,Yalıkavak,trip,https://www.trip.com/hotels/detail/?hotelId=10742914,Spektr Boutique Hotel Yalikavak,COMPLETED,34,2026-08-27T01:17:27Z,2026-08-27T01:17:27Z,
BOD189,The Bodrum EDITION,Yalıkavak,trip,https://www.trip.com/hotels/detail/?hotelId=21867636,The Bodrum EDITION,COMPLETED,42,2026-08-27T01:18:44Z,2026-08-27T01:18:44Z,
BOD190,The Sign Highlight Hotel,Yalıkavak,trip,https://www.trip.com/hotels/detail/?hotelId=4061754,The Sign Highlight Hotel,VALID_ENTITY_NO_REVIEWS,0,2026-08-27T01:20:06Z,2026-08-27T01:20:06Z,
BOD191,Yalıkavak Marina Hotel by METT Collection,Yalıkavak,trip,https://www.trip.com/hotels/detail/?hotelId=3802803,Yalıkavak Marina Hotel by METT Collection,COMPLETED,40,2026-08-27T01:20:48Z,2026-08-27T01:20:48Z,
BOD192,Yalıpark Beach Hotel,Yalıkavak,trip,https://www.trip.com/hotels/detail/?hotelId=9866550,Yalipark Beach Hotel,COMPLETED,58,2026-08-27T01:22:02Z,2026-08-27T01:22:02Z,
BOD002,Armonia Holiday Village & Spa,Akyarlar,policies_trip,https://www.trip.com/hotels/bodrum-hotel-detail-3448104/armonia-holiday-village-and-spa-all-inclusive/,,SKIPPED_RESUME,0,2026-08-27T01:24:23Z,2026-08-27T01:24:23Z,
BOD003,ASPAT HOTEL BODRUM Beach Restaurant,Akyarlar,policies_trip,https://www.trip.com/hotels/detail/?hotelId=106791418,Aspat Hotel Bodrum - Beach Restaurant,PARTIAL,1,2026-08-27T01:24:23Z,2026-08-27T01:24:23Z,"missing fields: cıkıs_saati, kahvalti, yas_sarti"
BOD004,Bendis Beach Hotel,Akyarlar,policies_trip,https://www.trip.com/hotels/akyarlar-mahallesi-hotel-detail-4416296/bendis-beach-hotel/,,SKIPPED_RESUME,0,2026-08-27T01:25:08Z,2026-08-27T01:25:08Z,
BOD007,Kefaluka Resort,Akyarlar,policies_trip,https://www.trip.com/hotels/bodrum-hotel-detail-9894522/kefaluka-resort-ultra-all-inclusive/,,SKIPPED_RESUME,0,2026-08-27T01:25:08Z,2026-08-27T01:25:08Z,
BOD008,LA BREZZA SUITE &HOTEL,Akyarlar,policies_trip,https://www.trip.com/hotels/detail/?hotelId=4057611,La Brezza Suite & Hotel,PARTIAL,1,2026-08-27T01:25:08Z,2026-08-27T01:25:08Z,"missing fields: cıkıs_saati, hizmet_hayvanları"
BOD010,Mare Garden Hotel,Akyarlar,policies_trip,https://us.trip.com/hotels/bodrum-hotel-detail-60107472/mare-garden-hotel/,,SKIPPED_RESUME,0,2026-08-27T01:25:57Z,2026-08-27T01:25:57Z,
BOD011,"Radisson Collection Hotel, Bodrum",Akyarlar,policies_trip,https://uk.trip.com/hotels/bodrum-hotel-detail-75487192/radisson-collection-hotel-bodrum/,,SKIPPED_RESUME,0,2026-08-27T01:25:57Z,2026-08-27T01:25:57Z,
BOD012,Selectum Collection Bodrum,Akyarlar,policies_trip,https://www.trip.com/hotels/bodrum-hotel-detail-7877878/selectum-collection-bodrum/,,SKIPPED_RESUME,0,2026-08-27T01:25:57Z,2026-08-27T01:25:57Z,
BOD013,"Sentido Bellazure - Akyarlar, Bodrum / Turkey",Akyarlar,policies_trip,https://uk.trip.com/hotels/bodrum-hotel-detail-10720331/sentido-bellazure-all-inclusive/,,SKIPPED_RESUME,0,2026-08-27T01:25:57Z,2026-08-27T01:25:57Z,
BOD014,Suum Bodrum Hotel & Beach,Akyarlar,policies_trip,https://us.trip.com/hotels/bodrum-hotel-detail-116725989/suum-bodrum-hotel-beach/,,SKIPPED_RESUME,0,2026-08-27T01:25:57Z,2026-08-27T01:25:57Z,
BOD016,Xanadu Island,Akyarlar,policies_trip,https://www.trip.com/hotels/akyarlar-mahallesi-hotel-detail-17508018/xanadu-island-hotel/,,SKIPPED_RESUME,0,2026-08-27T01:25:57Z,2026-08-27T01:25:57Z,
BOD017,Ambrosia Otel Beach & Spa,Bitez,policies_trip,https://www.trip.com/hotels/detail/?hotelId=3448116,Ambrosia Hotel Beach & Spa,PARTIAL,1,2026-08-27T01:25:57Z,2026-08-27T01:25:57Z,"missing fields: giris_saati, cıkıs_saati, hizmet_hayvanları"
BOD020,Bitez Risa Hotel,Bitez,policies_trip,https://www.trip.com/hotels/detail/?hotelId=3457591,Bitez Risa Hotel,PARTIAL,1,2026-08-27T01:27:45Z,2026-08-27T01:27:45Z,"missing fields: cıkıs_saati, hizmet_hayvanları"
BOD021,"Caresse, a Luxury Collection Resort & Spa, Bodrum",Bitez,policies_trip,https://www.trip.com/hotels/detail/?hotelId=3799303,"Caresse, a Luxury Collection Resort & Spa, Bodrum",PARTIAL,1,2026-08-27T01:28:33Z,2026-08-27T01:28:33Z,missing fields: cıkıs_saati
BOD025,Halikarya Hotel & Restaurant Beach,Bitez,policies_trip,https://www.trip.com/hotels/detail/?hotelId=133162789,Halikarya Hotel & Restaurant Beach,PARTIAL,1,2026-08-27T01:29:21Z,2026-08-27T01:29:21Z,"missing fields: giris_saati, cıkıs_saati, evcil_hayvan, hizmet_hayvanları"
BOD029,Mumu Bodrum Hotel,Bitez,policies_trip,https://www.trip.com/hotels/detail/?hotelId=119015660,Mumu Bodrum Hotel,PARTIAL,1,2026-08-27T01:30:39Z,2026-08-27T01:30:39Z,"missing fields: cıkıs_saati, evcil_hayvan, hizmet_hayvanları"
BOD031,Okaliptus Otel,Bitez,policies_trip,https://www.trip.com/hotels/detail/?hotelId=5420290,Okaliptus Otel,PARTIAL,1,2026-08-27T01:31:27Z,2026-08-27T01:31:27Z,missing fields: cıkıs_saati
BOD033,Ramada Resort by Wyndham Bodrum,Bitez,policies_trip,https://www.trip.com/hotels/detail/?hotelId=2504739,Ramada Resort by Wyndham Bodrum,PARTIAL,1,2026-08-27T01:32:16Z,2026-08-27T01:32:16Z,"missing fields: cıkıs_saati, hizmet_hayvanları"
BOD036,Bodrium Hotel & SPA,Bodrum Merkez,policies_trip,https://www.trip.com/hotels/detail/?hotelId=3053057,Bodrium Hotel & Spa,PARTIAL,1,2026-08-27T01:33:04Z,2026-08-27T01:33:04Z,"missing fields: cıkıs_saati, hizmet_hayvanları"
BOD041,La Quinta by Wyndham Bodrum,Bodrum Merkez,policies_trip,https://www.trip.com/hotels/detail/?hotelId=3112073,La Quinta by Wyndham Bodrum,PARTIAL,1,2026-08-27T01:33:52Z,2026-08-27T01:33:52Z,"missing fields: cıkıs_saati, hizmet_hayvanları"
BOD043,METT Hotel & Beach Resort Bodrum,Bodrum Merkez,policies_trip,https://www.trip.com/hotels/detail/?hotelId=9664001,METT Hotel & Beach Resort Bodrum,PARTIAL,1,2026-08-27T01:34:40Z,2026-08-27T01:34:40Z,"missing fields: giris_saati, cıkıs_saati"
BOD045,Salmakis Resort & Spa,Bodrum Merkez,policies_trip,https://www.trip.com/hotels/detail/?hotelId=2564875,Salmakis Resort & Spa,PARTIAL,1,2026-08-27T01:35:57Z,2026-08-27T01:35:57Z,"missing fields: cıkıs_saati, hizmet_hayvanları"
BOD048,Babana Hotel,Göltürkbükü,policies_trip,https://www.trip.com/hotels/detail/?hotelId=3444382,Babana Hotel,PARTIAL,1,2026-08-27T01:36:46Z,2026-08-27T01:36:46Z,"missing fields: cıkıs_saati, hizmet_hayvanları"
BOD051,Faros Bodrum Hotel Göltürkbükü,Göltürkbükü,policies_trip,https://ae.trip.com/hotels/golturkbuku-hotel-detail-17200888/faros-bodrum-ex-villa-kilic-hotel/,,SKIPPED_RESUME,0,2026-08-27T01:37:34Z,2026-08-27T01:37:34Z,
BOD055,Lavinya Otel Göltürkbükü,Göltürkbükü,policies_trip,https://www.trip.com/hotels/golturkbuku-hotel-detail-4067437/lavinya-otel/,,SKIPPED_RESUME,0,2026-08-27T01:37:34Z,2026-08-27T01:37:34Z,
BOD056,"Mandarin Oriental, Bodrum",Göltürkbükü,policies_trip,https://www.trip.com/hotels/bodrum-hotel-detail-1661001/mandarin-oriental-bodrum/,,SKIPPED_RESUME,0,2026-08-27T01:37:34Z,2026-08-27T01:37:34Z,
BOD058,Bodrum Beach Resort,Gümbet,policies_trip,https://us.trip.com/hotels/gumbet-hotel-detail-4057730/bodrum-beach-resort/,,SKIPPED_RESUME,0,2026-08-27T01:37:34Z,2026-08-27T01:37:34Z,
BOD059,Bodrum Hotel Baba,Gümbet,policies_trip,https://ae.trip.com/hotels/gumbet-hotel-detail-7138850/hotel-baba-all-inclusive/,,SKIPPED_RESUME,0,2026-08-27T01:37:34Z,2026-08-27T01:37:34Z,
BOD060,Club Shark Hotel,Gümbet,policies_trip,https://www.trip.com/hotels/detail/?hotelId=3110682,Club Shark Hotel,PARTIAL,1,2026-08-27T01:37:34Z,2026-08-27T01:37:34Z,"missing fields: cıkıs_saati, kahvalti"
BOD061,Gümbet Anıl Beach,Gümbet,policies_trip,https://www.trip.com/hotels/detail/?hotelId=3139941,Gumbet Anil Beach,PARTIAL,1,2026-08-27T01:38:20Z,2026-08-27T01:38:20Z,"missing fields: cıkıs_saati, hizmet_hayvanları"
BOD064,Jasmin Elite Residence & Spa,Gümbet,policies_trip,https://www.trip.com/hotels/detail/?hotelId=10734986,Jasmin Elite Residence & Spa,PARTIAL,1,2026-08-27T01:39:08Z,2026-08-27T01:39:08Z,"missing fields: cıkıs_saati, hizmet_hayvanları"
BOD065,Mirada Exclusive Bodrum,Gümbet,policies_trip,https://www.trip.com/hotels/detail/?hotelId=96677392,Mirada Exclusive Bodrum,PARTIAL,1,2026-08-27T01:39:56Z,2026-08-27T01:39:56Z,"missing fields: cıkıs_saati, hizmet_hayvanları"
BOD066,Royal Asarlik Beach Hotel & Spa,Gümbet,policies_trip,https://www.trip.com/hotels/detail/?hotelId=4373993,Royal Asarlik Beach Hotel,PARTIAL,1,2026-08-27T01:40:42Z,2026-08-27T01:40:42Z,"missing fields: cıkıs_saati, hizmet_hayvanları"
BOD068,Selectum Colours Bodrum,Gümbet,policies_trip,https://www.trip.com/hotels/detail/?hotelId=10718129,Selectum Colours Bodrum,PARTIAL,1,2026-08-27T01:41:30Z,2026-08-27T01:41:30Z,"missing fields: cıkıs_saati, hizmet_hayvanları"
BOD071,Tropicana Beach Hotel,Gümbet,policies_trip,https://my.trip.com/hotels/gumbet-hotel-detail-3139968/tropicana-beach/,,PAGE_ERROR,0,2026-08-27T01:42:48Z,2026-08-27T01:42:48Z,Message:
BOD072,VERY CHIC BODRUM,Gümbet,policies_trip,https://uk.trip.com/hotels/bodrum-hotel-detail-3448155/very-chic-bodrum-adult-only/,,SKIPPED_RESUME,0,2026-08-27T01:43:26Z,2026-08-27T01:43:26Z,
BOD073,Arriba Apartment & Restaurant & Bungalows,Gümüşlük,policies_trip,https://www.trip.com/hotels/gumusluk-hotel-detail-96123030/arriba-apart-bungalow-restaurant/,,SKIPPED_RESUME,0,2026-08-27T01:43:26Z,2026-08-27T01:43:26Z,
BOD074,Begonvil Gümüşlük,Gümüşlük,policies_trip,https://www.trip.com/hotels/gumusluk-hotel-detail-127410335/begonvil-gmlk/,,SKIPPED_RESUME,0,2026-08-27T01:43:26Z,2026-08-27T01:43:26Z,
BOD076,Gümüşlük No3,Gümüşlük,policies_trip,https://www.trip.com/hotels/gumusluk-hotel-detail-109836085/gumusluk-no3/,,SKIPPED_RESUME,0,2026-08-27T01:43:26Z,2026-08-27T01:43:26Z,
BOD078,Liman Hotel Gümüslük (Adult only),Gümüşlük,policies_trip,https://www.trip.com/hotels/bodrum-hotel-detail-79101381/liman-hotel-gmslk-adult-only/,,SKIPPED_RESUME,0,2026-08-27T01:43:26Z,2026-08-27T01:43:26Z,
BOD081,Oda Bodrum Gümüşlük,Gümüşlük,policies_trip,https://www.trip.com/hotels/detail/?hotelId=45808524,Oda Bodrum Gümüşlük,PARTIAL,1,2026-08-27T01:43:26Z,2026-08-27T01:43:26Z,"missing fields: giris_saati, cıkıs_saati, kahvalti, hizmet_hayvanları"
BOD082,Otel Gümüşlük,Gümüşlük,policies_trip,https://www.trip.com/hotels/detail/?hotelId=10621542,Hotel Gumusluk,PARTIAL,1,2026-08-27T01:44:44Z,2026-08-27T01:44:44Z,"missing fields: giris_saati, cıkıs_saati"
BOD085,Paradise Gümüşlük,Gümüşlük,policies_trip,https://www.trip.com/hotels/detail/?hotelId=47296921,Paradise Gumusluk,PARTIAL,1,2026-08-27T01:46:02Z,2026-08-27T01:46:02Z,"missing fields: giris_saati, cıkıs_saati, kahvalti, hizmet_hayvanları, yas_sarti"
BOD086,Vega Aparts,Gümüşlük,policies_trip,https://www.trip.com/hotels/detail/?hotelId=6158557,Vega Aparts,PARTIAL,1,2026-08-27T01:47:20Z,2026-08-27T01:47:20Z,"missing fields: cıkıs_saati, kahvalti"
BOD088,Baia Bodrum Hotel,Gündoğan,policies_trip,https://www.trip.com/hotels/detail/?hotelId=4389371,Baia Bodrum Hotel,PARTIAL,1,2026-08-27T01:48:06Z,2026-08-27T01:48:06Z,missing fields: cıkıs_saati
BOD089,Cape Bodrum Luxury Hotel & Beach,Gündoğan,policies_trip,https://www.trip.com/hotels/detail/?hotelId=4046304,Cape Bodrum Luxury Hotel & Beach,PARTIAL,1,2026-08-27T01:48:53Z,2026-08-27T01:48:53Z,"missing fields: cıkıs_saati, hizmet_hayvanları"
BOD090,Costa Farilya Special Class Hotel Bodrum,Gündoğan,policies_trip,https://www.trip.com/hotels/detail/?hotelId=3451304,Costa Farilya Special Class Hotel Bodrum,PARTIAL,1,2026-08-27T01:49:41Z,2026-08-27T01:49:41Z,missing fields: cıkıs_saati
BOD091,Gündoğan Suites,Gündoğan,policies_trip,https://www.trip.com/hotels/detail/?hotelId=119308463,Gündoğan Suites,PARTIAL,1,2026-08-27T01:50:28Z,2026-08-27T01:50:28Z,"missing fields: cıkıs_saati, kahvalti, evcil_hayvan, hizmet_hayvanları"
BOD095,Mivara Luxury Bodrum,Gündoğan,policies_trip,https://www.trip.com/hotels/detail/?hotelId=5943823,Mivara Luxury Bodrum,PARTIAL,1,2026-08-27T01:51:16Z,2026-08-27T01:51:16Z,"missing fields: giris_saati, cıkıs_saati, hizmet_hayvanları"
BOD096,Olira Boutique Hotel&SPA,Gündoğan,policies_trip,https://www.trip.com/hotels/detail/?hotelId=4057640,Olira Boutique Hotel&Spa,PARTIAL,1,2026-08-27T01:52:31Z,2026-08-27T01:52:31Z,"missing fields: giris_saati, cıkıs_saati, hizmet_hayvanları"
BOD097,OLİVE TREE HOTEL,Gündoğan,policies_trip,https://www.trip.com/hotels/detail/?hotelId=1052156,Olive Tree Hotel,PARTIAL,1,2026-08-27T01:53:49Z,2026-08-27T01:53:49Z,"missing fields: cıkıs_saati, sertifika_numarasi, hizmet_hayvanları"
BOD100,Villa Rustica Hotel,Gündoğan,policies_trip,https://www.trip.com/hotels/detail/?hotelId=3802712,Villa Rustica Hotel,PARTIAL,1,2026-08-27T01:55:05Z,2026-08-27T01:55:05Z,missing fields: cıkıs_saati
BOD106,La Blanche Island Bodrum,Güvercinlik,policies_trip,https://www.trip.com/hotels/detail/?hotelId=3444509,La Blanche Island Bodrum,PARTIAL,1,2026-08-27T01:55:51Z,2026-08-27T01:55:51Z,missing fields: cıkıs_saati
BOD107,Le Méridien Bodrum Beach Resort,Güvercinlik,policies_trip,https://www.trip.com/hotels/detail/?hotelId=9032904,Le Méridien Bodrum Beach Resort,PARTIAL,1,2026-08-27T01:56:40Z,2026-08-27T01:56:40Z,"missing fields: cıkıs_saati, hizmet_hayvanları"
BOD108,Lujo Hotel Bodrum,Güvercinlik,policies_trip,https://www.trip.com/hotels/detail/?hotelId=21877526,Lujo Hotel Bodrum,PARTIAL,1,2026-08-27T01:57:28Z,2026-08-27T01:57:28Z,"missing fields: cıkıs_saati, hizmet_hayvanları"
BOD110,Titanic Luxury Collection Bodrum,Güvercinlik,policies_trip,https://www.trip.com/hotels/detail/?hotelId=5798293,Titanic Luxury Collection Bodrum,PARTIAL,1,2026-08-27T01:58:20Z,2026-08-27T01:58:20Z,missing fields: cıkıs_saati
BOD111,Zena Hotel Bodrum,Güvercinlik,policies_trip,https://www.trip.com/hotels/detail/?hotelId=3803347,Zena Hotel Bodrum,PARTIAL,1,2026-08-27T01:59:06Z,2026-08-27T01:59:06Z,missing fields: cıkıs_saati
BOD112,Azure By Yelken Hotel,Kadıkalesi,policies_trip,https://www.trip.com/hotels/detail/?hotelId=5273989,Azure by Yelken Hotel,PARTIAL,1,2026-08-27T01:59:54Z,2026-08-27T01:59:54Z,"missing fields: cıkıs_saati, hizmet_hayvanları"
BOD115,Yasmin Bodrum Resort,Kadıkalesi,policies_trip,https://www.trip.com/hotels/detail/?hotelId=3443397,Yasmin Bodrum Resort,PARTIAL,1,2026-08-27T02:00:43Z,2026-08-27T02:00:43Z,"missing fields: giris_saati, cıkıs_saati"
BOD118,Amfora Hotel,Ortakent-Yahşi,policies_trip,https://www.trip.com/hotels/detail/?hotelId=9921726,Amfora Hotel,PARTIAL,1,2026-08-27T02:02:04Z,2026-08-27T02:02:04Z,"missing fields: cıkıs_saati, kahvalti, hizmet_hayvanları"
BOD120,Celeste Bella Luxury Hotel & Spa,Ortakent-Yahşi,policies_trip,https://www.trip.com/hotels/detail/?hotelId=97245574,Celeste Bella Luxury Hotel & Spa,PARTIAL,1,2026-08-27T02:02:50Z,2026-08-27T02:02:50Z,"missing fields: giris_saati, cıkıs_saati, hizmet_hayvanları"
BOD121,Eskiyalı Otel,Ortakent-Yahşi,policies_trip,https://www.trip.com/hotels/detail/?hotelId=112161757,Eskiyali Otel,PARTIAL,1,2026-08-27T02:04:09Z,2026-08-27T02:04:09Z,"missing fields: cıkıs_saati, evcil_hayvan, hizmet_hayvanları"
BOD122,Florida Otel,Ortakent-Yahşi,policies_trip,https://www.trip.com/hotels/detail/?hotelId=2774346,Florida Hotel,PARTIAL,1,2026-08-27T02:04:55Z,2026-08-27T02:04:55Z,"missing fields: cıkıs_saati, sertifika_numarasi, hizmet_hayvanları"
BOD124,Irmak Boutique Hotel,Ortakent-Yahşi,policies_trip,https://www.trip.com/hotels/detail/?hotelId=91276298,Irmak Boutique Hotel,PARTIAL,1,2026-08-27T02:06:13Z,2026-08-27T02:06:13Z,"missing fields: cıkıs_saati, hizmet_hayvanları"
BOD126,Khai Hotel Bodrum,Ortakent-Yahşi,policies_trip,https://www.trip.com/hotels/detail/?hotelId=80934091,Khai Hotel Bodrum,PARTIAL,1,2026-08-27T02:07:01Z,2026-08-27T02:07:01Z,missing fields: cıkıs_saati
BOD128,Lugga Boutique Hotel & Beach,Ortakent-Yahşi,policies_trip,https://www.trip.com/hotels/detail/?hotelId=10724805,Lugga Boutique Hotel & Beach,PARTIAL,1,2026-08-27T02:07:48Z,2026-08-27T02:07:48Z,missing fields: cıkıs_saati
BOD130,Petunya Beach Resort,Ortakent-Yahşi,policies_trip,https://www.trip.com/hotels/detail/?hotelId=3458968,Petunya Beach Resort,PARTIAL,1,2026-08-27T02:08:35Z,2026-08-27T02:08:35Z,"missing fields: cıkıs_saati, hizmet_hayvanları"
BOD131,Regia Mare Beach Hotel Bodrum,Ortakent-Yahşi,policies_trip,https://www.trip.com/hotels/detail/?hotelId=9433726,Regia Mare Beach Hotel Bodrum,PARTIAL,1,2026-08-27T02:09:21Z,2026-08-27T02:09:21Z,"missing fields: cıkıs_saati, hizmet_hayvanları"
BOD134,Yakamoz Otel,Ortakent-Yahşi,policies_trip,https://www.trip.com/hotels/detail/?hotelId=65110826,Yakamoz Otel,PARTIAL,1,2026-08-27T02:10:10Z,2026-08-27T02:10:10Z,"missing fields: giris_saati, cıkıs_saati, hizmet_hayvanları"
BOD136,Zest Exclusive Hotel and Spa,Ortakent-Yahşi,policies_trip,https://www.trip.com/hotels/detail/?hotelId=3799633,Zest Exclusive Hotel & Spa,PARTIAL,1,2026-08-27T02:11:31Z,2026-08-27T02:11:31Z,missing fields: cıkıs_saati
BOD140,DoubleTree by Hilton Bodrum Işıl Club All-Inclusive Resort,Torba,policies_trip,https://www.trip.com/hotels/detail/?hotelId=3054529,DoubleTree by Hilton Bodrum Isil Club Ultra All Inclusive Resort,PARTIAL,1,2026-08-27T02:12:19Z,2026-08-27T02:12:19Z,missing fields: cıkıs_saati
BOD141,DUJA BODRUM,Torba,policies_trip,https://www.trip.com/hotels/detail/?hotelId=2510330,Duja Bodrum,PARTIAL,1,2026-08-27T02:13:05Z,2026-08-27T02:13:05Z,"missing fields: cıkıs_saati, hizmet_hayvanları"
BOD144,Mira Suites,Torba,policies_trip,https://www.trip.com/hotels/detail/?hotelId=29994665,Mira Suites,PARTIAL,1,2026-08-27T02:13:55Z,2026-08-27T02:13:55Z,"missing fields: giris_saati, cıkıs_saati, kahvalti, hizmet_hayvanları, yas_sarti"
BOD147,Omar Hotel & Suites,Torba,policies_trip,https://www.trip.com/hotels/detail/?hotelId=7169366,Omar Hotel & Suites,PARTIAL,1,2026-08-27T02:15:12Z,2026-08-27T02:15:12Z,"missing fields: cıkıs_saati, hizmet_hayvanları"
BOD151,Sarpedor Boutique Hotel & SPA,Torba,policies_trip,https://www.trip.com/hotels/detail/?hotelId=3799376,Sarpedor Boutique Hotel,PARTIAL,1,2026-08-27T02:16:02Z,2026-08-27T02:16:02Z,"missing fields: giris_saati, cıkıs_saati, kahvalti, hizmet_hayvanları"
BOD152,"Susona Bodrum, LXR Hotels & Resorts",Torba,policies_trip,https://www.trip.com/hotels/detail/?hotelId=5798277,"Susona Bodrum, LXR Hotels & Resorts",PARTIAL,1,2026-08-27T02:17:20Z,2026-08-27T02:17:20Z,missing fields: cıkıs_saati
BOD158,Arin Resort Bodrum,Turgutreis,policies_trip,https://www.trip.com/hotels/detail/?hotelId=3139952,Arin Resort Bodrum,PARTIAL,1,2026-08-27T02:18:11Z,2026-08-27T02:18:11Z,"missing fields: cıkıs_saati, hizmet_hayvanları"
BOD162,Rammos Managed by Dedeman,Turgutreis,policies_trip,https://www.trip.com/hotels/detail/?hotelId=91593909,Rammos Managed By Dedeman,PARTIAL,1,2026-08-27T02:18:57Z,2026-08-27T02:18:57Z,missing fields: cıkıs_saati
BOD165,Caja by Maxx Royal,Türkbükü,policies_trip,https://www.trip.com/hotels/detail/?hotelId=96121165,Caja by Maxx Royal,PARTIAL,1,2026-08-27T02:19:46Z,2026-08-27T02:19:46Z,missing fields: cıkıs_saati
BOD167,Elista Hotel & Spa,Türkbükü,policies_trip,https://www.trip.com/hotels/detail/?hotelId=10538097,Elista Hotel & Spa,PARTIAL,1,2026-08-27T02:20:33Z,2026-08-27T02:20:33Z,missing fields: cıkıs_saati
BOD170,No:81 Hotel,Türkbükü,policies_trip,https://www.trip.com/hotels/detail/?hotelId=6276090,No81 Hotel,PARTIAL,1,2026-08-27T02:21:20Z,2026-08-27T02:21:20Z,"missing fields: cıkıs_saati, hizmet_hayvanları"
BOD172,Ailla Yalıkavak,Yalıkavak,policies_trip,https://www.trip.com/hotels/detail/?hotelId=112828271,Ailla Yalikavak,PARTIAL,1,2026-08-27T02:22:08Z,2026-08-27T02:22:08Z,"missing fields: giris_saati, cıkıs_saati, evcil_hayvan, hizmet_hayvanları"
BOD173,Allium Bodrum Resort & Spa,Yalıkavak,policies_trip,https://www.trip.com/hotels/detail/?hotelId=11135278,Allium Bodrum Resort & Spa,PARTIAL,1,2026-08-27T02:23:25Z,2026-08-27T02:23:25Z,"missing fields: cıkıs_saati, kahvalti"
BOD174,Arts Hotel Bodrum Yalıkavak,Yalıkavak,policies_trip,https://www.trip.com/hotels/detail/?hotelId=42368994,Arts Hotel Bodrum Yalikavak,PARTIAL,1,2026-08-27T02:24:10Z,2026-08-27T02:24:10Z,"missing fields: cıkıs_saati, hizmet_hayvanları"
BOD175,Avantgarde Refined Hotel | Yalıkavak,Yalıkavak,policies_trip,https://www.trip.com/hotels/detail/?hotelId=3123466,Avantgarde Refined Yalıkavak,PARTIAL,1,2026-08-27T02:24:59Z,2026-08-27T02:24:59Z,"missing fields: giris_saati, cıkıs_saati"
BOD177,Delta Hotels By Marriott Bodrum,Yalıkavak,policies_trip,https://www.trip.com/hotels/detail/?hotelId=6521445,Delta Hotels by Marriott Bodrum,PARTIAL,1,2026-08-27T02:26:18Z,2026-08-27T02:26:18Z,"missing fields: cıkıs_saati, hizmet_hayvanları"
BOD180,MGallery The Bodrum Hotel Yalıkavak,Yalıkavak,policies_trip,https://www.trip.com/hotels/detail/?hotelId=78104128,MGallery the Bodrum Hotel Yalikavak,PARTIAL,1,2026-08-27T02:27:06Z,2026-08-27T02:27:06Z,missing fields: cıkıs_saati
BOD181,Palmalife Bodrum Resort & Spa,Yalıkavak,policies_trip,https://www.trip.com/hotels/detail/?hotelId=65110502,Palmalife Bodrum Resort & Spa,PARTIAL,1,2026-08-27T02:27:56Z,2026-08-27T02:27:56Z,"missing fields: cıkıs_saati, kahvalti, hizmet_hayvanları"
BOD183,Ruins Luxury Resort,Yalıkavak,policies_trip,https://www.trip.com/hotels/detail/?hotelId=134861180,Ruins Luxury Resort,PARTIAL,1,2026-08-27T02:28:44Z,2026-08-27T02:28:44Z,missing fields: cıkıs_saati
BOD184,Sea Palm Otel -YALIKAVAK,Yalıkavak,policies_trip,https://www.trip.com/hotels/detail/?hotelId=67104006,Sea Palm Otel Yalıkavak,PARTIAL,1,2026-08-27T02:29:32Z,2026-08-27T02:29:32Z,"missing fields: giris_saati, cıkıs_saati, hizmet_hayvanları"
BOD186,Sirene Luxury Hotel Bodrum,Yalıkavak,policies_trip,https://www.trip.com/hotels/detail/?hotelId=3794461,Sirene Luxury Hotel Bodrum,PARTIAL,1,2026-08-27T02:30:50Z,2026-08-27T02:30:50Z,missing fields: cıkıs_saati
BOD187,Spektr Boutique Hotel Yalikavak,Yalıkavak,policies_trip,https://www.trip.com/hotels/detail/?hotelId=10742914,Spektr Boutique Hotel Yalikavak,PARTIAL,1,2026-08-27T02:31:38Z,2026-08-27T02:31:38Z,missing fields: cıkıs_saati
BOD189,The Bodrum EDITION,Yalıkavak,policies_trip,https://www.trip.com/hotels/detail/?hotelId=21867636,The Bodrum EDITION,PARTIAL,1,2026-08-27T02:32:26Z,2026-08-27T02:32:26Z,missing fields: cıkıs_saati
BOD190,The Sign Highlight Hotel,Yalıkavak,policies_trip,https://www.trip.com/hotels/detail/?hotelId=4061754,The Sign Highlight Hotel,PARTIAL,1,2026-08-27T02:33:14Z,2026-08-27T02:33:14Z,missing fields: cıkıs_saati
BOD191,Yalıkavak Marina Hotel by METT Collection,Yalıkavak,policies_trip,https://www.trip.com/hotels/detail/?hotelId=3802803,Yalıkavak Marina Hotel by METT Collection,PARTIAL,1,2026-08-27T02:34:02Z,2026-08-27T02:34:02Z,missing fields: cıkıs_saati
BOD192,Yalıpark Beach Hotel,Yalıkavak,policies_trip,https://www.trip.com/hotels/detail/?hotelId=9866550,Yalipark Beach Hotel,PARTIAL,1,2026-08-27T02:34:50Z,2026-08-27T02:34:50Z,"missing fields: cıkıs_saati, kahvalti, hizmet_hayvanları"
