hotel_id,hotel_name,area,platform,candidate_rank,candidate_url,candidate_detected_name,candidate_location,name_similarity,area_match,address_match,brand_collision_flag,candidate_score,validation_status,validation_note,discovered_at
BOD001,Aksoy Taş Ev,Akyarlar,google_travel,1,https://www.google.com/travel/hotels/entity/ChkIxM3gn6-Mx41DGg0vZy8xMXJuYl92MnZnEAE?q=Aksoy%20Ta%C5%9F%20Ev%20Akyarlar%20Bodrum&ved=2ahUKEwitl7jilb6WAxVUBgYAHS1tBGUQvukIegQIAxAC&ts=CAAaGhIYEhIKBwjqDxAJGAcSBwjqDxAJGAgyAggAKgIKAA,Aksoy Taş Ev,Aksoy Taş Ev otelini yeni sekmede aç,1.0,,,False,95,FOUND_EXACT,"detected='Aksoy Taş Ev' vs expected='Aksoy Taş Ev' (card near-text was 'Aksoy Taş Ev otelini yeni sekmede aç', 37 candidates on page) -> score=95",2026-08-26T11:17:10Z
BOD002,Armonia Holiday Village & Spa,Akyarlar,google_travel,1,https://www.google.com/travel/hotels/entity/ChcIib6os8m5kedkGgsvZy8xdGdkd24xZBAB?q=Armonia%20Holiday%20Village%20%26%20Spa%20Akyarlar%20Bodrum&ved=2ahUKEwjt_JDplb6WAxV9QEECHTAXHqwQvukIegQIAxAC&ts=CAAaGhIYEhIKBwjqDxAJGAcSBwjqDxAJGAgyAggCKgIKAA,Armonia Holiday Village & Spa,Armonia Holiday Village & Spa otelini yeni sekmede aç,1.0,,,False,95,FOUND_EXACT,"detected='Armonia Holiday Village & Spa' vs expected='Armonia Holiday Village & Spa' (card near-text was 'Armonia Holiday Village & Spa otelini yeni sekmede aç', 29 candidates on page) -> score=95",2026-08-26T11:17:24Z
BOD003,ASPAT HOTEL BODRUM Beach Restaurant,Akyarlar,google_travel,1,https://www.google.com/travel/hotels/entity/ChkI_fH789a1ipI4Gg0vZy8xMXR4bDRma2tiEAE?q=ASPAT%20HOTEL%20BODRUM%20Beach%20Restaurant%20Akyarlar%20Bodrum&ved=2ahUKEwiuiazwlb6WAxXsakECHVPSOXkQvukIegQIAxAC&ts=CAAaGhIYEhIKBwjqDxAJGAcSBwjqDxAJGAgyAggCKgcKBToDVFJZ,ASPAT HOTEL BODRUM Beach Restaurant,ASPAT HOTEL BODRUM Beach Restaurant otelini yeni sekmede aç,1.0,,,False,95,FOUND_EXACT,"detected='ASPAT HOTEL BODRUM Beach Restaurant' vs expected='ASPAT HOTEL BODRUM Beach Restaurant' (card near-text was 'ASPAT HOTEL BODRUM Beach Restaurant otelini yeni sekmede aç', 37 candidates on page) -> score=95",2026-08-26T11:17:39Z
BOD004,Bendis Beach Hotel,Akyarlar,google_travel,1,https://www.google.com/travel/hotels/entity/ChcI-p_dtL_R4bl3GgsvZy8xdGZyN2htMhAB?q=Bendis%20Beach%20Hotel%20Akyarlar%20Bodrum&ved=2ahUKEwjT-_z2lb6WAxXtZkECHZ0_DHgQvukIegQIAxAC&ts=CAAaGhIYEhIKBwjqDxAJGAcSBwjqDxAJGAgyAggCKgcKBToDVFJZ,Bendis Beach Hotel,Bendis Beach Hotel otelini yeni sekmede aç,1.0,,,False,95,FOUND_EXACT,"detected='Bendis Beach Hotel' vs expected='Bendis Beach Hotel' (card near-text was 'Bendis Beach Hotel otelini yeni sekmede aç', 17 candidates on page) -> score=95",2026-08-26T11:17:53Z
BOD005,ByAkkan,Akyarlar,google_travel,1,https://www.google.com/travel/hotels/entity/ChoI1N7IttjHkMeqARoNL2cvMTF0MzM5a3h4aBAB?q=ByAkkan%20Akyarlar%20Bodrum&ved=2ahUKEwjIr8_9lb6WAxVyIwYAHWzxDSAQvukIegQIAxAC&ts=CAAaGhIYEhIKBwjqDxAJGAcSBwjqDxAJGAgyAggCKgcKBToDVFJZ,ByAkkan,ByAkkan otelini yeni sekmede aç,1.0,,,False,95,FOUND_EXACT,"detected='ByAkkan' vs expected='ByAkkan' (card near-text was 'ByAkkan otelini yeni sekmede aç', 35 candidates on page) -> score=95",2026-08-26T11:18:07Z
BOD006,Club Marma Hotel,Akyarlar,google_travel,1,https://www.google.com/travel/hotels/entity/ChkIj8qbsqi-7bAUGg0vZy8xMXEyeWtoNF8yEAE?q=Club%20Marma%20Hotel%20Akyarlar%20Bodrum&ved=2ahUKEwj_yYuElr6WAxVRe0ECHVDNCIwQvukIegQIAxAC&ts=CAAaGhIYEhIKBwjqDxAJGAcSBwjqDxAJGAgyAggCKgIKAA,Club Marma Hotel,Club Marma Hotel otelini yeni sekmede aç,1.0,,,False,95,FOUND_EXACT,"detected='Club Marma Hotel' vs expected='Club Marma Hotel' (card near-text was 'Club Marma Hotel otelini yeni sekmede aç', 35 candidates on page) -> score=95",2026-08-26T11:18:21Z
BOD009,LİV OTEL,Akyarlar,google_travel,1,https://www.google.com/travel/hotels/entity?q=L%C4%B0V%20OTEL%20Akyarlar%20Bodrum&ved=2ahUKEwix0LeKlr6WAxVOb0ECHew7Fu4QvukIegUIAxDRAw&ts=CAEaOQobEhkKDS9nLzExaDR3OF83cG46CExpdiBPdGVsEhoSFAoHCOoPEAkYBxIHCOoPEAkYCBgBMgIIAioHCgU6A1RSWQ&rp=OAFIAg,Liv Otel · 304 sonuç,Yeni sekmede aç,0.6154,,,False,60,REJECTED_CANDIDATE,"detected='Liv Otel · 304 sonuç' vs expected='LİV OTEL' (card near-text was 'Yeni sekmede aç', 1 candidates on page) -> score=60",2026-08-26T11:18:34Z
BOD010,Mare Garden Hotel,Akyarlar,google_travel,1,https://www.google.com/travel/hotels/entity/ChoI46nXrt78--3mARoNL2cvMTFqOTJjZHdqZxAB?q=Mare%20Garden%20Hotel%20Akyarlar%20Bodrum&ved=2ahUKEwic3diRlr6WAxVjg3wGHQE6LnYQvukIegQIAxAC&ts=CAAaGhIYEhIKBwjqDxAJGAcSBwjqDxAJGAgyAggCKgcKBToDVFJZ,Mare Garden Hotel,Mare Garden Hotel otelini yeni sekmede aç,1.0,,,False,95,FOUND_EXACT,"detected='Mare Garden Hotel' vs expected='Mare Garden Hotel' (card near-text was 'Mare Garden Hotel otelini yeni sekmede aç', 35 candidates on page) -> score=95",2026-08-26T11:18:49Z
BOD011,"Radisson Collection Hotel, Bodrum",Akyarlar,google_travel,1,https://www.google.com/travel/hotels/entity/ChoI2P6A2dPx45zGARoNL2cvMTFwYzRzdmNoORAB?q=Radisson%20Collection%20Hotel%2C%20Bodrum%20Akyarlar%20Bodrum&ved=2ahUKEwjszO-Xlr6WAxXABQYAHdCYLG8QvukIegQIAxAC&ts=CAAaGhIYEhIKBwjqDxAJGAcSBwjqDxAJGAgyAggCKgcKBToDVFJZ,"Radisson Collection Hotel, Bodrum","Radisson Collection Hotel, Bodrum otelini yeni sekmede aç",1.0,,,False,95,FOUND_EXACT,"detected='Radisson Collection Hotel, Bodrum' vs expected='Radisson Collection Hotel, Bodrum' (card near-text was 'Radisson Collection Hotel, Bodrum otelini yeni sekmede aç', 35 candidates on page) -> score=95",2026-08-26T11:19:02Z
BOD014,Suum Bodrum Hotel & Beach,Akyarlar,google_travel,1,https://www.google.com/travel/hotels/entity/ChkI-e2c7Lvi3so-Gg0vZy8xMXZscmIxNWZwEAE?q=Suum%20Bodrum%20Hotel%20%26%20Beach%20Akyarlar%20Bodrum&ts=CAAaGhIYEhIKBwjqDxAJGAcSBwjqDxAJGAgyAggCKgcKBToDVFJZ&ved=2ahUKEwjDy8-elr6WAxWJOQYAHSpSBBkQvukIegQIAxAC,Suum Bodrum Hotel & Beach,Suum Bodrum Hotel & Beach otelini yeni sekmede aç,1.0,,,False,95,FOUND_EXACT,"detected='Suum Bodrum Hotel & Beach' vs expected='Suum Bodrum Hotel & Beach' (card near-text was 'Suum Bodrum Hotel & Beach otelini yeni sekmede aç', 35 candidates on page) -> score=95",2026-08-26T11:19:17Z
BOD015,The Ni Villas Akyarlar,Akyarlar,google_travel,1,https://www.google.com/travel/hotels/entity?q=The%20Ni%20Villas%20Akyarlar%20Akyarlar%20Bodrum&ved=2ahUKEwi6j4-llr6WAxV3SEECHWX1CgYQvukIegUIAxDyAg&ts=CAISCgoCCAMKAggDEAAaRwopEicyJTB4MTRiZTBkNjY5NjQ2NWJhOToweDQ0ZDBjMmEzMThlN2RiMGISGhIUCgcI6g8QCRgHEgcI6g8QCRgIGAEyAggCKgcKBToDVFJZ&rp=OAFIAg,Akyarlar · 199 sonuç,Yeni sekmede aç,0.4,,,False,41,REJECTED_CANDIDATE,"detected='Akyarlar · 199 sonuç' vs expected='The Ni Villas Akyarlar' (card near-text was 'Yeni sekmede aç', 1 candidates on page) -> score=41",2026-08-26T11:19:30Z
BOD016,Xanadu Island,Akyarlar,google_travel,1,https://www.google.com/travel/hotels/entity/ChcIgv_kqOT446h4GgsvZy8xdGZsdjYzORAB?q=Xanadu%20Island%20Akyarlar%20Bodrum&ved=2ahUKEwjM05Gulr6WAxWJOQYAHSpSBBkQvukIegQIAxAC&ts=CAAaGhIYEhIKBwjqDxAJGAcSBwjqDxAJGAgyAggCKgIKAA,Xanadu Island,Xanadu Island otelini yeni sekmede aç,1.0,,,False,95,FOUND_EXACT,"detected='Xanadu Island' vs expected='Xanadu Island' (card near-text was 'Xanadu Island otelini yeni sekmede aç', 31 candidates on page) -> score=95",2026-08-26T11:19:49Z
BOD017,Ambrosia Otel Beach & Spa,Bitez,google_travel,1,https://www.google.com/travel/hotels/entity?q=Ambrosia%20Otel%20Beach%20%26%20Spa%20Bitez%20Bodrum&ved=2ahUKEwiOgLu0lr6WAxUgMgYAHcceKz4QvukIegUIAxDNAw&ts=CAEaNQoXEhUKCy9nLzF2bm4zbXBsOgZCb2RydW0SGhIUCgcI6g8QCRgHEgcI6g8QCRgIGAEyAggCKgcKBToDVFJZ&rp=OAFIAg,Ambrosia Otel Beach & Spa · 186 sonuç,Yeni sekmede aç,0.8214,,,False,79,REVIEW_REQUIRED,"detected='Ambrosia Otel Beach & Spa · 186 sonuç' vs expected='Ambrosia Otel Beach & Spa' (card near-text was 'Yeni sekmede aç', 1 candidates on page) -> score=79",2026-08-26T11:20:02Z
BOD018,Bitez Deniz Hotel - Restaurant - Beach,Bitez,google_travel,1,https://www.google.com/travel/hotels/entity?q=Bitez%20Deniz%20Hotel%20%20%20Restaurant%20%20%20Beach%20Bitez%20Bodrum&ved=2ahUKEwiHj_W7lr6WAxXABQYAHdCYLG8QvukIegUIAxDRAw&ts=CAEaNgoYEhYKDC9nLzFwcDJ0XzJkODoGQm9kcnVtEhoSFAoHCOoPEAkYBxIHCOoPEAkYCBgBMgIIAioHCgU6A1RSWQ&rp=OAFIAg,Bitez Deniz Hotel - Restaurant - Beach · 195 sonuç,Yeni sekmede aç,0.8718,,,False,83,REVIEW_REQUIRED,"detected='Bitez Deniz Hotel - Restaurant - Beach · 195 sonuç' vs expected='Bitez Deniz Hotel - Restaurant - Beach' (card near-text was 'Yeni sekmede aç', 1 candidates on page) -> score=83",2026-08-26T11:20:18Z
BOD019,Bitez Garden Life Hotel&Suites,Bitez,google_travel,1,https://www.google.com/travel/hotels/entity?q=Bitez%20Garden%20Life%20Hotel%26Suites%20Bitez%20Bodrum&ved=2ahUKEwiKqdTIlr6WAxVyIwYAHWzxDSAQvukIegUIAxDZAw&ts=CAEaNgoYEhYKDC9nLzFqa3hrY3k0ZjoGQm9kcnVtEhoSFAoHCOoPEAkYBxIHCOoPEAkYCBgBMgIIAioHCgU6A1RSWQ&rp=OAFIAg,Bitez Garden Life Hotel&Suites · 193 sonuç,Yeni sekmede aç,0.8571,,,False,82,REVIEW_REQUIRED,"detected='Bitez Garden Life Hotel&Suites · 193 sonuç' vs expected='Bitez Garden Life Hotel&Suites' (card near-text was 'Yeni sekmede aç', 1 candidates on page) -> score=82",2026-08-26T11:20:45Z
BOD020,Bitez Risa Hotel,Bitez,google_travel,1,https://www.google.com/travel/hotels/entity/ChgIqLSo4o_E9rtUGgwvZy8xMXkwbmxzajUQAQ?q=Bitez%20Risa%20Hotel%20Bitez%20Bodrum&ts=CAAaGhIYEhIKBwjqDxAJGAcSBwjqDxAJGAgyAggCKgcKBToDVFJZ&ved=2ahUKEwiFk4DQlr6WAxVRe0ECHVDNCIwQvukIegQIAxAC,Bitez Risa Hotel,Bitez Risa Hotel otelini yeni sekmede aç,1.0,,,False,95,FOUND_EXACT,"detected='Bitez Risa Hotel' vs expected='Bitez Risa Hotel' (card near-text was 'Bitez Risa Hotel otelini yeni sekmede aç', 37 candidates on page) -> score=95",2026-08-26T11:21:00Z
BOD021,"Caresse, a Luxury Collection Resort & Spa, Bodrum",Bitez,google_travel,1,https://www.google.com/travel/hotels/entity?q=Caresse%2C%20a%20Luxury%20Collection%20Resort%20%26%20Spa%2C%20Bodrum%20Bitez%20Bodrum&ved=2ahUKEwini8XWlr6WAxUWfUECHUCNEIAQvukIegUIAxDSAw&ts=CAEaNwoZEhcKDS9nLzExYnZfZGtzcHE6BkJvZHJ1bRIaEhQKBwjqDxAJGAcSBwjqDxAJGAgYATICCAIqBwoFOgNUUlk&rp=OAFIAg,"Caresse, A Luxury Collection Resort & Spa, Bodrum · 194 sonuç",Yeni sekmede aç,0.9,,,False,86,FOUND_HIGH_CONFIDENCE,"detected='Caresse, A Luxury Collection Resort & Spa, Bodrum · 194 sonuç' vs expected='Caresse, a Luxury Collection Resort & Spa, Bodrum' (card near-text was 'Yeni sekmede aç', 1 candidates on page) -> score=86",2026-08-26T11:21:14Z
BOD022,Dolce Vita Luxury Bungalows,Bitez,google_travel,1,https://www.google.com/travel/hotels/entity?q=Dolce%20Vita%20Luxury%20Bungalows%20Bitez%20Bodrum&ved=2ahUKEwj21Mjdlr6WAxUQBwYAHYdwNFoQvukIegUIAxDgAw&ts=CAEaTAouEiwKDS9nLzExa2o4MWNsMWg6G0RvbGNlIFZpdGEgTHV4dXJ5IEJ1bmdhbG93cxIaEhQKBwjqDxAJGAcSBwjqDxAJGAgYATICCAIqBwoFOgNUUlk&rp=OAFIAg,Dolce Vita Luxury Bungalows · 176 sonuç,Yeni sekmede aç,0.8438,,,False,81,REVIEW_REQUIRED,"detected='Dolce Vita Luxury Bungalows · 176 sonuç' vs expected='Dolce Vita Luxury Bungalows' (card near-text was 'Yeni sekmede aç', 1 candidates on page) -> score=81",2026-08-26T11:21:29Z
BOD023,Doria Hotel Bodrum,Bitez,google_travel,1,https://www.google.com/travel/hotels/entity?q=Doria%20Hotel%20Bodrum%20Bitez%20Bodrum&ved=2ahUKEwiYxPPnlr6WAxWpBwYAHXONO8YQvukIegUIAxDzAw&ts=CAEaNQoXEhUKCy9nLzF0ZHY4cGc3OgZCb2RydW0SGhIUCgcI6g8QCRgHEgcI6g8QCRgIGAEyAggCKgcKBToDVFJZ&rp=OAFIAg,Doria Hotel Bodrum · 172 sonuç,Yeni sekmede aç,0.7826,,,False,75,REVIEW_REQUIRED,"detected='Doria Hotel Bodrum · 172 sonuç' vs expected='Doria Hotel Bodrum' (card near-text was 'Yeni sekmede aç', 1 candidates on page) -> score=75",2026-08-26T11:21:50Z
BOD024,HAKAN OTEL,Bitez,google_travel,1,https://www.google.com/travel/hotels/entity/ChcI4LLmvM7ss58xGgsvZy8xdGQ0NHA1NxAB?q=HAKAN%20OTEL%20Bitez%20Bodrum&ved=2ahUKEwjH76Pvlr6WAxXEUEECHRaaAcIQvukIegQIAxAC&ts=CAAaGhIYEhIKBwjqDxAJGAcSBwjqDxAJGAgyAggCKgcKBToDVFJZ,HAKAN OTEL,HAKAN OTEL otelini yeni sekmede aç,1.0,,,False,95,FOUND_EXACT,"detected='HAKAN OTEL' vs expected='HAKAN OTEL' (card near-text was 'HAKAN OTEL otelini yeni sekmede aç', 37 candidates on page) -> score=95",2026-08-26T11:22:06Z
BOD025,Halikarya Hotel & Restaurant Beach,Bitez,google_travel,1,https://www.google.com/travel/hotels/entity/ChkI6pWuqJPY-ZwEGg0vZy8xMXlnXzFkejZ5EAE?q=Halikarya%20Hotel%20%26%20Restaurant%20Beach%20Bitez%20Bodrum&ved=2ahUKEwiRzOv1lr6WAxXLdkECHR00OEEQvukIegQIAxAC&ts=CAAaGhIYEhIKBwjqDxAJGAcSBwjqDxAJGAgyAggCKgcKBToDVFJZ,Halikarya Hotel & Restaurant Beach,Halikarya Hotel & Restaurant Beach otelini yeni sekmede aç,1.0,,,False,95,FOUND_EXACT,"detected='Halikarya Hotel & Restaurant Beach' vs expected='Halikarya Hotel & Restaurant Beach' (card near-text was 'Halikarya Hotel & Restaurant Beach otelini yeni sekmede aç', 25 candidates on page) -> score=95",2026-08-26T11:22:19Z
BOD026,Manuela Otel Bitez,Bitez,google_travel,1,https://www.google.com/travel/hotels/entity/ChcI-qjp_pHNlqM9GgsvZy8xdGR2OF8zcRAB?q=Manuela%20Otel%20Bitez%20Bitez%20Bodrum&ts=CAAaGhIYEhIKBwjqDxAJGAcSBwjqDxAJGAgyAggCKgIKAA&ved=2ahUKEwiqx4L_lr6WAxU2fUECHaUZLGAQvukIegQIAxAC&ap=KigKEgl4sK3fJoNCQBFTmHQQXmE7QBISCWCjDhXSg0JAEVOYdISOYjtA,Manuela Otel Bitez,Manuela Otel Bitez otelini yeni sekmede aç,1.0,,,False,95,FOUND_EXACT,"detected='Manuela Otel Bitez' vs expected='Manuela Otel Bitez' (card near-text was 'Manuela Otel Bitez otelini yeni sekmede aç', 37 candidates on page) -> score=95",2026-08-26T11:22:39Z
BOD027,Meis Apart Hotel,Bitez,google_travel,1,https://www.google.com/travel/hotels/entity?q=Meis%20Apart%20Hotel%20Bitez%20Bodrum&ved=2ahUKEwj27PaGl76WAxUNekECHUexF4UQvukIegUIAxDUAw&ts=CAEaNQoXEhUKCy9nLzF3Y2pfczczOgZCb2RydW0SGhIUCgcI6g8QCRgHEgcI6g8QCRgIGAEyAggCKgcKBToDVFJZ&rp=OAFIAg,Meis Apart Hotel · 195 sonuç,Yeni sekmede aç,0.7619,,,False,74,REVIEW_REQUIRED,"detected='Meis Apart Hotel · 195 sonuç' vs expected='Meis Apart Hotel' (card near-text was 'Yeni sekmede aç', 1 candidates on page) -> score=74",2026-08-26T11:22:55Z
BOD028,Mira Beach Resort Bodrum,Bitez,google_travel,1,https://www.google.com/travel/hotels/entity?q=Mira%20Beach%20Resort%20Bodrum%20Bitez%20Bodrum&ved=2ahUKEwiS9MSPl76WAxW5TUECHQQWO9cQvukIegUIAxDhAw&ts=CAEaSQorEikKDS9nLzExejM4M3dxMmM6GE1pcmEgQmVhY2ggUmVzb3J0IEJvZHJ1bRIaEhQKBwjqDxAJGAcSBwjqDxAJGAgYATICCAIqBwoFOgNUUlk&rp=OAFIAg,Mira Beach Resort Bodrum · 198 sonuç,Yeni sekmede aç,0.8276,,,False,79,REVIEW_REQUIRED,"detected='Mira Beach Resort Bodrum · 198 sonuç' vs expected='Mira Beach Resort Bodrum' (card near-text was 'Yeni sekmede aç', 1 candidates on page) -> score=79",2026-08-26T11:23:13Z
BOD029,Mumu Bodrum Hotel,Bitez,google_travel,1,https://www.google.com/travel/hotels/entity?q=Mumu%20Bodrum%20Hotel%20Bitez%20Bodrum&ved=2ahUKEwi74Lual76WAxVEi3wGHT5JC3YQvukIegUIAxDXAw&ts=CAEaQgokEiIKDS9nLzExeTN6NnlybXk6EU11bXUgQm9kcnVtIEhvdGVsEhoSFAoHCOoPEAkYBxIHCOoPEAkYCBgBMgIIAioHCgU6A1RSWQ&rp=OAFIAg,Mumu Bodrum Hotel · 192 sonuç,Yeni sekmede aç,0.7727,,,False,75,REVIEW_REQUIRED,"detected='Mumu Bodrum Hotel · 192 sonuç' vs expected='Mumu Bodrum Hotel' (card near-text was 'Yeni sekmede aç', 1 candidates on page) -> score=75",2026-08-26T11:23:36Z
BOD030,Natur Garden Hotel Bitez Bodrum,Bitez,google_travel,1,https://www.google.com/travel/hotels/entity/ChgI_YuOi7bAtqT2ARoLL2cvMXRkdDNmeWgQAQ?q=Natur%20Garden%20Hotel%20Bitez%20Bodrum%20Bitez%20Bodrum&ved=2ahUKEwicu8-hl76WAxUZlnwGHTIDEYQQvukIegQIAxAC&ts=CAAaGhIYEhIKBwjqDxAJGAcSBwjqDxAJGAgyAggCKgIKAA,Natur Garden Hotel Bitez Bodrum,Natur Garden Hotel Bitez Bodrum otelini yeni sekmede aç,1.0,,,False,95,FOUND_EXACT,"detected='Natur Garden Hotel Bitez Bodrum' vs expected='Natur Garden Hotel Bitez Bodrum' (card near-text was 'Natur Garden Hotel Bitez Bodrum otelini yeni sekmede aç', 25 candidates on page) -> score=95",2026-08-26T11:23:51Z
BOD031,Okaliptus Otel,Bitez,google_travel,1,https://www.google.com/travel/hotels/entity/ChcImKD7qd_k4OsZGgsvZy8xdHA2OHFfNhAB?q=Okaliptus%20Otel%20Bitez%20Bodrum&ved=2ahUKEwikzJWol76WAxWoAwYAHfHqA1MQvukIegQIAxAC&ts=CAAaGhIYEhIKBwjqDxAJGAcSBwjqDxAJGAgyAggCKgcKBToDVFJZ,Okaliptus Otel,Okaliptus Otel otelini yeni sekmede aç,1.0,,,False,95,FOUND_EXACT,"detected='Okaliptus Otel' vs expected='Okaliptus Otel' (card near-text was 'Okaliptus Otel otelini yeni sekmede aç', 37 candidates on page) -> score=95",2026-08-26T11:24:05Z
BOD032,Paloma Family Club Bitez,Bitez,google_travel,1,https://www.google.com/travel/hotels/entity/ChgIpr3nq9uz05WXARoLL2cvMXRuZGdtajEQAQ?q=Paloma%20Family%20Club%20Bitez%20Bitez%20Bodrum&ts=CAAaGhIYEhIKBwjqDxAJGAcSBwjqDxAJGAgyAggCKgcKBToDVFJZ&ved=2ahUKEwi03pKvl76WAxWqj3wGHX_GF08QvukIegQIAxAC,Paloma Family Club Bitez,Paloma Family Club Bitez otelini yeni sekmede aç,1.0,,,False,95,FOUND_EXACT,"detected='Paloma Family Club Bitez' vs expected='Paloma Family Club Bitez' (card near-text was 'Paloma Family Club Bitez otelini yeni sekmede aç', 37 candidates on page) -> score=95",2026-08-26T11:24:20Z
BOD033,Ramada Resort by Wyndham Bodrum,Bitez,google_travel,1,https://www.google.com/travel/hotels/entity/ChcI_6azjs-vhudnGgsvZy8xdnBnajBfeRAB?q=Ramada%20Resort%20by%20Wyndham%20Bodrum%20Bitez%20Bodrum&ved=2ahUKEwjp_9K1l76WAxXmZkECHYt_Ff8QvukIegQIAxAC&ts=CAAaGhIYEhIKBwjqDxAJGAcSBwjqDxAJGAgyAggCKgcKBToDVFJZ,Ramada Resort by Wyndham Bodrum,Ramada Resort by Wyndham Bodrum otelini yeni sekmede aç,1.0,,,False,95,FOUND_EXACT,"detected='Ramada Resort by Wyndham Bodrum' vs expected='Ramada Resort by Wyndham Bodrum' (card near-text was 'Ramada Resort by Wyndham Bodrum otelini yeni sekmede aç', 25 candidates on page) -> score=95",2026-08-26T11:24:33Z
BOD034,Çınar Butik Otel Bodrum,Bitez,google_travel,1,https://www.google.com/travel/hotels/entity/ChkIkpWL3r_aqPFYGg0vZy8xMXBrbHRreHgxEAE?q=%C3%87%C4%B1nar%20Butik%20Otel%20Bodrum%20Bitez%20Bodrum&ts=CAAaGhIYEhIKBwjqDxAJGAcSBwjqDxAJGAgyAggCKgcKBToDVFJZ&ved=2ahUKEwigxKu8l76WAxUrBQYAHeURI20QvukIegQIAxAC,Çınar Butik Otel Bodrum,Çınar Butik Otel Bodrum otelini yeni sekmede aç,1.0,,,False,95,FOUND_EXACT,"detected='Çınar Butik Otel Bodrum' vs expected='Çınar Butik Otel Bodrum' (card near-text was 'Çınar Butik Otel Bodrum otelini yeni sekmede aç', 37 candidates on page) -> score=95",2026-08-26T11:24:47Z
BOD035,Azka Otel - Bardakçı Koyu,Bodrum Merkez,google_travel,1,https://www.google.com/travel/hotels/entity?q=Azka%20Otel%20%20%20Bardak%C3%A7%C4%B1%20Koyu%20Bodrum%20Merkez%20Bodrum&ved=2ahUKEwjHwtvSl76WAxUWfUECHUCNEIAQvukIegQIAxAa&ts=CAE,Azka Otel Bardakçı Koyu Bodrum Merkez Bodrum,Yeni sekmede aç,0.6866,,,False,67,REJECTED_CANDIDATE,"detected='Azka Otel Bardakçı Koyu Bodrum Merkez Bodrum' vs expected='Azka Otel - Bardakçı Koyu' (card near-text was 'Yeni sekmede aç', 1 candidates on page) -> score=67",2026-08-26T11:25:34Z
BOD037,Bodrum Bay Resort,Bodrum Merkez,google_travel,1,https://www.google.com/travel/hotels/entity?q=Bodrum%20Bay%20Resort%20Bodrum%20Merkez%20Bodrum&ved=2ahUKEwiw4tvhl76WAxW7OgYAHaBPIiwQvukIegQIAxAa&ts=CAE,Bodrum Bay Resort Bodrum Merkez Bodrum,Yeni sekmede aç,0.6182,,,False,61,REJECTED_CANDIDATE,"detected='Bodrum Bay Resort Bodrum Merkez Bodrum' vs expected='Bodrum Bay Resort' (card near-text was 'Yeni sekmede aç', 1 candidates on page) -> score=61",2026-08-26T11:26:06Z
BOD038,Casa Mare Bodrum,Bodrum Merkez,google_travel,1,https://www.google.com/travel/hotels/entity?q=Casa%20Mare%20Bodrum%20Bodrum%20Merkez%20Bodrum&ved=2ahUKEwjW-M7wl76WAxU_hnwGHRgHJykQvukIegQIAxAa&ts=CAE,Casa Mare Bodrum Bodrum Merkez Bodrum,Yeni sekmede aç,0.6038,,,False,59,REJECTED_CANDIDATE,"detected='Casa Mare Bodrum Bodrum Merkez Bodrum' vs expected='Casa Mare Bodrum' (card near-text was 'Yeni sekmede aç', 1 candidates on page) -> score=59",2026-08-26T11:26:37Z
BOD039,Casa Nonna Bodrum,Bodrum Merkez,google_travel,1,https://www.google.com/travel/hotels/entity?q=Casa%20Nonna%20Bodrum%20Bodrum%20Merkez%20Bodrum&ved=2ahUKEwiF15CAmL6WAxWLBwYAHUh5Lg8QvukIegQIAxAa&ts=CAE,Casa Nonna Bodrum Bodrum Merkez Bodrum,Yeni sekmede aç,0.6182,,,False,61,REJECTED_CANDIDATE,"detected='Casa Nonna Bodrum Bodrum Merkez Bodrum' vs expected='Casa Nonna Bodrum' (card near-text was 'Yeni sekmede aç', 1 candidates on page) -> score=61",2026-08-26T11:27:09Z
BOD040,Diamond of Bodrum Hotel,Bodrum Merkez,google_travel,1,https://www.google.com/travel/hotels/entity?q=Diamond%20of%20Bodrum%20Hotel%20Bodrum%20Merkez%20Bodrum&ved=2ahUKEwjE476OmL6WAxWvoHwGHSu_GAkQvukIegQIAxAa&ts=CAE,Diamond of Bodrum Hotel Bodrum Merkez Bodrum,Yeni sekmede aç,0.6866,,,False,67,REJECTED_CANDIDATE,"detected='Diamond of Bodrum Hotel Bodrum Merkez Bodrum' vs expected='Diamond of Bodrum Hotel' (card near-text was 'Yeni sekmede aç', 1 candidates on page) -> score=67",2026-08-26T11:27:40Z
BOD041,La Quinta by Wyndham Bodrum,Bodrum Merkez,google_travel,1,https://www.google.com/travel/hotels/entity?q=La%20Quinta%20by%20Wyndham%20Bodrum%20Bodrum%20Merkez%20Bodrum&ved=2ahUKEwiWm4-dmL6WAxVIQkECHQurFJoQvukIegQIAxAa&ts=CAE,La Quinta by Wyndham Bodrum Bodrum Merkez Bodrum,Yeni sekmede aç,0.72,,,False,70,REVIEW_REQUIRED,"detected='La Quinta by Wyndham Bodrum Bodrum Merkez Bodrum' vs expected='La Quinta by Wyndham Bodrum' (card near-text was 'Yeni sekmede aç', 1 candidates on page) -> score=70",2026-08-26T11:28:10Z
BOD042,Mandarin Resort Hotel,Bodrum Merkez,google_travel,1,https://www.google.com/travel/hotels/entity?q=Mandarin%20Resort%20Hotel%20Bodrum%20Merkez%20Bodrum&ved=2ahUKEwjejsGrmL6WAxVkZUECHQD6KnsQvukIegQIAxAa&ts=CAE,Mandarin Resort Hotel Bodrum Merkez Bodrum,Yeni sekmede aç,0.6667,,,False,65,REJECTED_CANDIDATE,"detected='Mandarin Resort Hotel Bodrum Merkez Bodrum' vs expected='Mandarin Resort Hotel' (card near-text was 'Yeni sekmede aç', 1 candidates on page) -> score=65",2026-08-26T11:28:40Z
BOD044,Noa Suite Hotel,Bodrum Merkez,google_travel,1,https://www.google.com/travel/hotels/entity?q=Noa%20Suite%20Hotel%20Bodrum%20Merkez%20Bodrum&ved=2ahUKEwik0Ya6mL6WAxU2TEECHQgYJoEQvukIegQIAxAa&ts=CAE,Noa Suite Hotel Bodrum Merkez Bodrum,Yeni sekmede aç,0.5882,,,False,58,REJECTED_CANDIDATE,"detected='Noa Suite Hotel Bodrum Merkez Bodrum' vs expected='Noa Suite Hotel' (card near-text was 'Yeni sekmede aç', 1 candidates on page) -> score=58",2026-08-26T11:29:11Z
BOD046,Senses Hotel,Bodrum Merkez,google_travel,1,https://www.google.com/travel/hotels/entity?q=Senses%20Hotel%20Bodrum%20Merkez%20Bodrum&ved=2ahUKEwjJ2drImL6WAxV3hXwGHdRrC6wQvukIegQIAxAa&ts=CAE,Senses Hotel Bodrum Merkez Bodrum,Yeni sekmede aç,0.5333,,,False,53,REJECTED_CANDIDATE,"detected='Senses Hotel Bodrum Merkez Bodrum' vs expected='Senses Hotel' (card near-text was 'Yeni sekmede aç', 1 candidates on page) -> score=53",2026-08-26T11:29:42Z
BOD047,The Marmara Bodrum,Bodrum Merkez,google_travel,1,https://www.google.com/travel/hotels/entity?q=The%20Marmara%20Bodrum%20Bodrum%20Merkez%20Bodrum&ved=2ahUKEwiH_qjXmL6WAxVDPwYAHb7gAJ8QvukIegQIAxAa&ts=CAE,The Marmara Bodrum Bodrum Merkez Bodrum,Yeni sekmede aç,0.6316,,,False,62,REJECTED_CANDIDATE,"detected='The Marmara Bodrum Bodrum Merkez Bodrum' vs expected='The Marmara Bodrum' (card near-text was 'Yeni sekmede aç', 1 candidates on page) -> score=62",2026-08-26T11:30:12Z
BOD048,Babana Hotel,Göltürkbükü,google_travel,1,https://www.google.com/travel/hotels/entity/ChgIgNK0_4KY6YacARoLL2cvMXZsMGJua18QAQ?q=Babana%20Hotel%20G%C3%B6lt%C3%BCrkb%C3%BCk%C3%BC%20Bodrum&ved=2ahUKEwjQpLjlmL6WAxUyNAYAHVnoHX4QvukIegQIAxAC&ts=CAAaGhIYEhIKBwjqDxAJGAcSBwjqDxAJGAgyAggCKgcKBToDVFJZ,Babana Hotel,Babana Hotel otelini yeni sekmede aç,1.0,,,False,95,FOUND_EXACT,"detected='Babana Hotel' vs expected='Babana Hotel' (card near-text was 'Babana Hotel otelini yeni sekmede aç', 37 candidates on page) -> score=95",2026-08-26T11:30:42Z
BOD049,Casa Del Mar Bodrum,Göltürkbükü,google_travel,1,https://www.google.com/travel/hotels/entity/ChkIiayplb67m6cGGg0vZy8xMWo3eV9jOTZkEAE?q=Casa%20Del%20Mar%20Bodrum%20G%C3%B6lt%C3%BCrkb%C3%BCk%C3%BC%20Bodrum&ts=CAAaGhIYEhIKBwjqDxAJGAcSBwjqDxAJGAgyAggCKgcKBToDVFJZ&ved=2ahUKEwjok57umL6WAxW6OwYAHaONGRIQvukIegQIAxAC,Casa Del Mar Bodrum,Casa Del Mar Bodrum otelini yeni sekmede aç,1.0,,,False,95,FOUND_EXACT,"detected='Casa Del Mar Bodrum' vs expected='Casa Del Mar Bodrum' (card near-text was 'Casa Del Mar Bodrum otelini yeni sekmede aç', 37 candidates on page) -> score=95",2026-08-26T11:31:00Z
BOD050,Daphnis Hotel Gölköy,Göltürkbükü,google_travel,1,https://www.google.com/travel/hotels/entity?q=Daphnis%20Hotel%20G%C3%B6lk%C3%B6y%20G%C3%B6lt%C3%BCrkb%C3%BCk%C3%BC%20Bodrum&ved=2ahUKEwjqxZr1mL6WAxVjOgYAHX-OIXcQvukIegUIAxCnAw&ts=CAEaPgogEh4KCy9nLzF0Z2w2Nl9uOg9Hw7ZsdMO8cmtiw7xrw7wSGhIUCgcI6g8QCRgHEgcI6g8QCRgIGAEyAggCKgcKBToDVFJZ&rp=OAFIAg,Daphnis Hotel Gölköy · 187 sonuç,Yeni sekmede aç,0.8,,,False,77,REVIEW_REQUIRED,"detected='Daphnis Hotel Gölköy · 187 sonuç' vs expected='Daphnis Hotel Gölköy' (card near-text was 'Yeni sekmede aç', 1 candidates on page) -> score=77",2026-08-26T11:31:15Z
BOD052,Flamm Bodrum,Göltürkbükü,google_travel,1,https://www.google.com/travel/hotels/entity/ChgInJybosXOnaMNGgwvZy8xMWdfYjNyOGgQAQ?q=Flamm%20Bodrum%20G%C3%B6lt%C3%BCrkb%C3%BCk%C3%BC%20Bodrum&ts=CAAaGhIYEhIKBwjqDxAJGAcSBwjqDxAJGAgyAggCKgcKBToDVFJZ&ved=2ahUKEwjqms2Mmb6WAxWqj3wGHX_GF08QvukIegQIAxAC,Flamm Bodrum,Flamm Bodrum otelini yeni sekmede aç,1.0,,,False,95,FOUND_EXACT,"detected='Flamm Bodrum' vs expected='Flamm Bodrum' (card near-text was 'Flamm Bodrum otelini yeni sekmede aç', 35 candidates on page) -> score=95",2026-08-26T11:32:04Z
BOD053,Gölköy Suites,Göltürkbükü,google_travel,1,https://www.google.com/travel/hotels/entity?q=G%C3%B6lk%C3%B6y%20Suites%20G%C3%B6lt%C3%BCrkb%C3%BCk%C3%BC%20Bodrum&ved=2ahUKEwinzKmVmb6WAxVKRUECHfWaGioQvukIegUIAxCvAw&ts=CAEaPgogEh4KCy9nLzF2czMxM2hzOg9Hw7ZsdMO8cmtiw7xrw7wSGhIUCgcI6g8QCRgHEgcI6g8QCRgIGAEyAggCKgcKBToDVFJZ&rp=OAFIAg,Gölköy Suites · 187 sonuç,Yeni sekmede aç,0.7222,,,False,70,REVIEW_REQUIRED,"detected='Gölköy Suites · 187 sonuç' vs expected='Gölköy Suites' (card near-text was 'Yeni sekmede aç', 1 candidates on page) -> score=70",2026-08-26T11:32:22Z
BOD054,Lavinya Maison,Göltürkbükü,google_travel,1,https://www.google.com/travel/hotels/entity/ChkIkdO_vraRyObAARoML2cvMTEzZnYybXpoEAE?q=Lavinya%20Maison%20G%C3%B6lt%C3%BCrkb%C3%BCk%C3%BC%20Bodrum&ved=2ahUKEwj73Micmb6WAxWLPQYAHU6NKEoQvukIegQIAxAC&ts=CAAaGhIYEhIKBwjqDxAJGAcSBwjqDxAJGAgyAggCKgIKAA,Lavinya Maison,Lavinya Maison otelini yeni sekmede aç,1.0,,,False,95,FOUND_EXACT,"detected='Lavinya Maison' vs expected='Lavinya Maison' (card near-text was 'Lavinya Maison otelini yeni sekmede aç', 38 candidates on page) -> score=95",2026-08-26T11:32:38Z
BOD057,Selvi Bodrum,Göltürkbükü,google_travel,1,https://www.google.com/travel/hotels/entity/ChgIwemp-sDO7cQMGgwvZy8xMnE0dGc5X3oQAQ?q=Selvi%20Bodrum%20G%C3%B6lt%C3%BCrkb%C3%BCk%C3%BC%20Bodrum&ved=2ahUKEwiXs62jmb6WAxVkZUECHQD6KnsQvukIegQIAxAC&ts=CAAaGhIYEhIKBwjqDxAJGAcSBwjqDxAJGAgyAggCKgIKAA,Selvi Bodrum,Selvi Bodrum otelini yeni sekmede aç,1.0,,,False,95,FOUND_EXACT,"detected='Selvi Bodrum' vs expected='Selvi Bodrum' (card near-text was 'Selvi Bodrum otelini yeni sekmede aç', 37 candidates on page) -> score=95",2026-08-26T11:32:52Z
BOD060,Club Shark Hotel,Gümbet,google_travel,1,https://www.google.com/travel/hotels/entity/ChgImcHF4_qzsKm5ARoLL2cvMXRkamxta2sQAQ?q=Club%20Shark%20Hotel%20G%C3%BCmbet%20Bodrum&ts=CAAaGhIYEhIKBwjqDxAJGAcSBwjqDxAJGAgyAggCKgcKBToDVFJZ&ved=2ahUKEwih6eCqmb6WAxXBaEECHSFvFZkQvukIegQIAxAC,Club Shark Hotel,Club Shark Hotel otelini yeni sekmede aç,1.0,,,False,95,FOUND_EXACT,"detected='Club Shark Hotel' vs expected='Club Shark Hotel' (card near-text was 'Club Shark Hotel otelini yeni sekmede aç', 37 candidates on page) -> score=95",2026-08-26T11:33:07Z
BOD061,Gümbet Anıl Beach,Gümbet,google_travel,1,https://www.google.com/travel/hotels/entity/ChgI-8jIhJzX8relARoLL2cvMXRmZjBiXzYQAQ?q=G%C3%BCmbet%20An%C4%B1l%20Beach%20G%C3%BCmbet%20Bodrum&ved=2ahUKEwjnj7uxmb6WAxVEi3wGHT5JC3YQvukIegQIAxAC&ts=CAAaGhIYEhIKBwjqDxAJGAcSBwjqDxAJGAgyAggCKgIKAA,Gümbet Anıl Beach,Gümbet Anıl Beach otelini yeni sekmede aç,1.0,,,False,95,FOUND_EXACT,"detected='Gümbet Anıl Beach' vs expected='Gümbet Anıl Beach' (card near-text was 'Gümbet Anıl Beach otelini yeni sekmede aç', 37 candidates on page) -> score=95",2026-08-26T11:33:21Z
BOD062,"Gümbet Cove Hotel, Muğla Türkiye",Gümbet,google_travel,1,https://www.google.com/travel/hotels/entity?q=G%C3%BCmbet%20Cove%20Hotel%2C%20Mu%C4%9Fla%20T%C3%BCrkiye%20G%C3%BCmbet%20Bodrum&ved=2ahUKEwj63pK4mb6WAxVOb0ECHew7Fu4QvukIegUIAxDLAw&ts=CAEaNQoXEhUKCy9nLzF0ZjA0cDQ2OgZCb2RydW0SGhIUCgcI6g8QCRgHEgcI6g8QCRgIGAEyAggCKgcKBToDVFJZ&rp=OAFIAg,"Gümbet Cove Hotel, Muğla Türkiye · 171 sonuç",Yeni sekmede aç,0.8611,,,False,83,REVIEW_REQUIRED,"detected='Gümbet Cove Hotel, Muğla Türkiye · 171 sonuç' vs expected='Gümbet Cove Hotel, Muğla Türkiye' (card near-text was 'Yeni sekmede aç', 1 candidates on page) -> score=83",2026-08-26T11:33:35Z
BOD063,Jasmin Beach Hotel,Gümbet,google_travel,1,https://www.google.com/travel/hotels/entity/ChgIm7Skp6jayo0JGgwvZy8xaGRfZDR0MTkQAQ?q=Jasmin%20Beach%20Hotel%20G%C3%BCmbet%20Bodrum&ts=CAAaGhIYEhIKBwjqDxAJGAcSBwjqDxAJGAgyAggCKgcKBToDVFJZ&ved=2ahUKEwjUhqm_mb6WAxVRe0ECHVDNCIwQvukIegQIAxAC,Jasmin Beach Hotel,Jasmin Beach Hotel otelini yeni sekmede aç,1.0,,,False,95,FOUND_EXACT,"detected='Jasmin Beach Hotel' vs expected='Jasmin Beach Hotel' (card near-text was 'Jasmin Beach Hotel otelini yeni sekmede aç', 37 candidates on page) -> score=95",2026-08-26T11:33:50Z
BOD064,Jasmin Elite Residence & Spa,Gümbet,google_travel,1,https://www.google.com/travel/hotels/entity/ChgIgZSIp_O8x3MaDS9nLzExZnh3c3pqeDAQAQ?q=Jasmin%20Elite%20Residence%20%26%20Spa%20G%C3%BCmbet%20Bodrum&ts=CAAaGhIYEhIKBwjqDxAJGAcSBwjqDxAJGAgyAggCKgcKBToDVFJZ&ved=2ahUKEwj5kpLGmb6WAxVkZUECHQD6KnsQvukIegQIAxAC,Jasmin Elite Residence & Spa,Jasmin Elite Residence & Spa otelini yeni sekmede aç,1.0,,,False,95,FOUND_EXACT,"detected='Jasmin Elite Residence & Spa' vs expected='Jasmin Elite Residence & Spa' (card near-text was 'Jasmin Elite Residence & Spa otelini yeni sekmede aç', 37 candidates on page) -> score=95",2026-08-26T11:34:05Z
BOD067,Sami Beach Hotel,Gümbet,google_travel,1,https://www.google.com/travel/hotels/entity/ChkIx5-i2Nn1nZSQARoML2cvMTEzZHFwbTdwEAE?q=Sami%20Beach%20Hotel%20G%C3%BCmbet%20Bodrum&ts=CAAaGhIYEhIKBwjqDxAJGAcSBwjqDxAJGAgyAggCKgIKAA&ved=2ahUKEwjkiN_Mmb6WAxXBaEECHSFvFZkQvukIegQIAxAC,Sami Beach Hotel,Sami Beach Hotel otelini yeni sekmede aç,1.0,,,False,95,FOUND_EXACT,"detected='Sami Beach Hotel' vs expected='Sami Beach Hotel' (card near-text was 'Sami Beach Hotel otelini yeni sekmede aç', 37 candidates on page) -> score=95",2026-08-26T11:34:19Z
BOD068,Selectum Colours Bodrum,Gümbet,google_travel,1,https://www.google.com/travel/hotels/entity/ChkIiavW48r20LIjGg0vZy8xMWZuNjFqcXI4EAE?q=Selectum%20Colours%20Bodrum%20G%C3%BCmbet%20Bodrum&ved=2ahUKEwjvuN3Tmb6WAxVEi3wGHT5JC3YQvukIegQIAxAC&ts=CAAaGhIYEhIKBwjqDxAJGAcSBwjqDxAJGAgyAggCKgcKBToDVFJZ,Selectum Colours Bodrum,Selectum Colours Bodrum otelini yeni sekmede aç,1.0,,,False,95,FOUND_EXACT,"detected='Selectum Colours Bodrum' vs expected='Selectum Colours Bodrum' (card near-text was 'Selectum Colours Bodrum otelini yeni sekmede aç', 37 candidates on page) -> score=95",2026-08-26T11:34:33Z
BOD069,Siesta Beach Apart,Gümbet,google_travel,1,https://www.google.com/travel/hotels/entity?q=Siesta%20Beach%20Apart%20G%C3%BCmbet%20Bodrum&ved=2ahUKEwjUnqvamb6WAxUaPwYAHQ6DJT0QvukIegUIAxC8Aw&ts=CAEaQgokEiIKDC9nLzExcjh6dm5oODoSU2llc3RhIEJlYWNoIEFwYXJ0EhoSFAoHCOoPEAkYBxIHCOoPEAkYCBgBMgIIAioHCgU6A1RSWQ&rp=OAFIAg,Siesta Beach Apart · 199 sonuç,Yeni sekmede aç,0.7826,,,False,75,REVIEW_REQUIRED,"detected='Siesta Beach Apart · 199 sonuç' vs expected='Siesta Beach Apart' (card near-text was 'Yeni sekmede aç', 1 candidates on page) -> score=75",2026-08-26T11:34:47Z
BOD071,Tropicana Beach Hotel,Gümbet,google_travel,1,https://www.google.com/travel/hotels/entity/ChgIt8eM1NGWrOeJARoLL2cvMXRkcmhrdGsQAQ?q=Tropicana%20Beach%20Hotel%20G%C3%BCmbet%20Bodrum&ts=CAAaGhIYEhIKBwjqDxAJGAcSBwjqDxAJGAgyAggCKgcKBToDVFJZ&ved=2ahUKEwizr9_jmb6WAxVoh3wGHUiKCLMQvukIegQIAxAC,Tropicana Beach Hotel,Tropicana Beach Hotel otelini yeni sekmede aç,1.0,,,False,95,FOUND_EXACT,"detected='Tropicana Beach Hotel' vs expected='Tropicana Beach Hotel' (card near-text was 'Tropicana Beach Hotel otelini yeni sekmede aç', 37 candidates on page) -> score=95",2026-08-26T11:35:07Z
BOD072,VERY CHIC BODRUM,Gümbet,google_travel,1,https://www.google.com/travel/hotels/entity?q=VERY%20CHIC%20BODRUM%20G%C3%BCmbet%20Bodrum&ved=2ahUKEwivgq7qmb6WAxXNcUECHZHjF48QvukIegUIAxDCAw&ts=CAEaNQoXEhUKCy9nLzF0Y3d6NnFzOgZCb2RydW0SGhIUCgcI6g8QCRgHEgcI6g8QCRgIGAEyAggCKgcKBToDVFJZ&rp=OAFIAg,Very Chıc Bodrum · 146 sonuç,Yeni sekmede aç,0.7619,,,False,74,REVIEW_REQUIRED,"detected='Very Chıc Bodrum · 146 sonuç' vs expected='VERY CHIC BODRUM' (card near-text was 'Yeni sekmede aç', 1 candidates on page) -> score=74",2026-08-26T11:35:21Z
BOD073,Arriba Apartment & Restaurant & Bungalows,Gümüşlük,google_travel,1,https://www.google.com/travel/hotels/entity/ChkItPHf3uPq-rBzGg0vZy8xMWI2ZHFiNmw5EAE?q=Arriba%20Apartment%20%26%20Restaurant%20%26%20Bungalows%20G%C3%BCm%C3%BC%C5%9Fl%C3%BCk%20Bodrum&ts=CAAaGhIYEhIKBwjqDxAJGAcSBwjqDxAJGAgyAggCKgcKBToDVFJZ&ved=2ahUKEwiDiJ_ymb6WAxUAWEECHaQdIG8QvukIegQIAxAC,Arriba Apartment & Restaurant & Bungalows,Arriba Apartment & Restaurant & Bungalows otelini yeni sekmede aç,1.0,,,False,95,FOUND_EXACT,"detected='Arriba Apartment & Restaurant & Bungalows' vs expected='Arriba Apartment & Restaurant & Bungalows' (card near-text was 'Arriba Apartment & Restaurant & Bungalows otelini yeni sekme', 37 candidates on page) -> score=95",2026-08-26T11:35:37Z
BOD074,Begonvil Gümüşlük,Gümüşlük,google_travel,1,https://www.google.com/travel/hotels/entity/ChoIy9G07sGTgtCOARoNL2cvMTF2NDhubGtkORAB?q=Begonvil%20G%C3%BCm%C3%BC%C5%9Fl%C3%BCk%20G%C3%BCm%C3%BC%C5%9Fl%C3%BCk%20Bodrum&ts=CAAaGhIYEhIKBwjqDxAJGAcSBwjqDxAJGAgyAggCKgcKBToDVFJZ&ved=2ahUKEwi_uPL6mb6WAxXEIQYAHYN4OBMQvukIegQIAxAC,Begonvil Gümüşlük,Begonvil Gümüşlük otelini yeni sekmede aç,1.0,,,False,95,FOUND_EXACT,"detected='Begonvil Gümüşlük' vs expected='Begonvil Gümüşlük' (card near-text was 'Begonvil Gümüşlük otelini yeni sekmede aç', 37 candidates on page) -> score=95",2026-08-26T11:35:55Z
BOD075,Benjamin Otel,Gümüşlük,google_travel,1,https://www.google.com/travel/hotels/entity?q=Benjamin%20Otel%20G%C3%BCm%C3%BC%C5%9Fl%C3%BCk%20Bodrum&ved=2ahUKEwiCnsKBmr6WAxVKRUECHfWaGioQvukIegUIAxC_Aw&ts=CAEaPgogEh4KDS9nLzExczJsNzl2aGs6DUJlbmphbWluIE90ZWwSGhIUCgcI6g8QCRgHEgcI6g8QCRgIGAEyAggCKgcKBToDVFJZ&rp=OAFIAg,Benjamin Otel · 325 sonuç,Yeni sekmede aç,0.7222,,,False,70,REVIEW_REQUIRED,"detected='Benjamin Otel · 325 sonuç' vs expected='Benjamin Otel' (card near-text was 'Yeni sekmede aç', 1 candidates on page) -> score=70",2026-08-26T11:36:09Z
BOD076,Gümüşlük No3,Gümüşlük,google_travel,1,https://www.google.com/travel/hotels/entity?q=G%C3%BCm%C3%BC%C5%9Fl%C3%BCk%20No3%20G%C3%BCm%C3%BC%C5%9Fl%C3%BCk%20Bodrum&ved=2ahUKEwjw4cCQmr6WAxXnOAYAHQMnGU0QvukIegUIAxC3Aw&ts=CAEaQQojEiEKDS9nLzExc3ZyOXFfNHY6EEfDvG3DvMWfbMO8ayBObzMSGhIUCgcI6g8QCRgHEgcI6g8QCRgIGAEyAggCKgcKBToDVFJZ&rp=OAFIAg,Gümüşlük No3 · 325 sonuç,Yeni sekmede aç,0.7059,,,False,69,REJECTED_CANDIDATE,"detected='Gümüşlük No3 · 325 sonuç' vs expected='Gümüşlük No3' (card near-text was 'Yeni sekmede aç', 1 candidates on page) -> score=69",2026-08-26T11:36:41Z
BOD077,Ladonia Hotels Zemda,Gümüşlük,google_travel,1,https://www.google.com/travel/hotels/entity/ChgI74a6--jat-CbARoLL2cvMXRkajFqa3EQAQ?q=Ladonia%20Hotels%20Zemda%20G%C3%BCm%C3%BC%C5%9Fl%C3%BCk%20Bodrum&ts=CAAaGhIYEhIKBwjqDxAJGAcSBwjqDxAJGAgyAggCKgcKBToDVFJZ&ved=2ahUKEwiI5bOXmr6WAxU2fUECHaUZLGAQvukIegQIAxAC,Ladonia Hotels Zemda,Ladonia Hotels Zemda otelini yeni sekmede aç,1.0,,,False,95,FOUND_EXACT,"detected='Ladonia Hotels Zemda' vs expected='Ladonia Hotels Zemda' (card near-text was 'Ladonia Hotels Zemda otelini yeni sekmede aç', 37 candidates on page) -> score=95",2026-08-26T11:36:55Z
BOD078,Liman Hotel Gümüslük (Adult only),Gümüşlük,google_travel,1,https://www.google.com/travel/hotels/entity?q=Liman%20Hotel%20G%C3%BCm%C3%BCsl%C3%BCk%20(Adult%20only)%20G%C3%BCm%C3%BC%C5%9Fl%C3%BCk%20Bodrum&ved=2ahUKEwjPtfedmr6WAxUjknwGHejkL8kQvukIegUIAxCiAw&ts=CAEaVQo3EjUKDS9nLzExajdkMXRiOTI6JExpbWFuIEhvdGVsIEfDvG3DvHNsw7xrIChBZHVsdCBPbmx5KRIaEhQKBwjqDxAJGAcSBwjqDxAJGAgYATICCAIqBwoFOgNUUlk&rp=OAFIAg,Liman Hotel Gümüslük (Adult Only) · 325 sonuç,Yeni sekmede aç,0.8611,,,False,83,REVIEW_REQUIRED,"detected='Liman Hotel Gümüslük (Adult Only) · 325 sonuç' vs expected='Liman Hotel Gümüslük (Adult only)' (card near-text was 'Yeni sekmede aç', 1 candidates on page) -> score=83",2026-08-26T11:37:09Z
BOD079,Metin's Gümüşlük - Hotel & Restaurant,Gümüşlük,google_travel,1,https://www.google.com/travel/hotels/entity?q=Metin%27s%20G%C3%BCm%C3%BC%C5%9Fl%C3%BCk%20%20%20Hotel%20%26%20Restaurant%20G%C3%BCm%C3%BC%C5%9Fl%C3%BCk%20Bodrum&ved=2ahUKEwj6z6Onmr6WAxXiZUECHTRWBH8QvukIegUIAxC_Aw&ts=CAEaWgo8EjoKDS9nLzExZHhmMWMyOWo6KU1ldGluJ3MgR8O8bcO8xZ9sw7xrIC0gSG90ZWwgJiBSZXN0YXVyYW50EhoSFAoHCOoPEAkYBxIHCOoPEAkYCBgBMgIIAioHCgU6A1RSWQ&rp=OAFIAg,Metin's Gümüşlük - Hotel & Restaurant · 325 sonuç,Yeni sekmede aç,0.8684,,,False,83,REVIEW_REQUIRED,"detected='Metin's Gümüşlük - Hotel & Restaurant · 325 sonuç' vs expected='Metin's Gümüşlük - Hotel & Restaurant' (card near-text was 'Yeni sekmede aç', 1 candidates on page) -> score=83",2026-08-26T11:37:28Z
BOD080,Myndos Oda & kahvalti,Gümüşlük,google_travel,1,https://www.google.com/travel/hotels/entity/ChgIqqvF8smdko4KGgwvZy8xaGY0bWRiel8QAQ?q=Myndos%20Oda%20%26%20kahvalti%20G%C3%BCm%C3%BC%C5%9Fl%C3%BCk%20Bodrum&ved=2ahUKEwjDypGumr6WAxWoAwYAHfHqA1MQvukIegQIAxAC&ts=CAAaGhIYEhIKBwjqDxAJGAcSBwjqDxAJGAgyAggCKgcKBToDVFJZ,Myndos Oda & kahvalti,Myndos Oda & kahvalti otelini yeni sekmede aç,1.0,,,False,95,FOUND_EXACT,"detected='Myndos Oda & kahvalti' vs expected='Myndos Oda & kahvalti' (card near-text was 'Myndos Oda & kahvalti otelini yeni sekmede aç', 37 candidates on page) -> score=95",2026-08-26T11:37:43Z
BOD081,Oda Bodrum Gümüşlük,Gümüşlük,google_travel,1,https://www.google.com/travel/hotels/entity?q=Oda%20Bodrum%20G%C3%BCm%C3%BC%C5%9Fl%C3%BCk%20G%C3%BCm%C3%BC%C5%9Fl%C3%BCk%20Bodrum&ved=2ahUKEwjSlr20mr6WAxXmOAYAHS2aHH8QvukIegUIAxC6Aw&ts=CAEaPQofEh0KDS9nLzExaHljaHk0cmQ6DEfDvG3DvMWfbMO8axIaEhQKBwjqDxAJGAcSBwjqDxAJGAgYATICCAIqBwoFOgNUUlk&rp=OAFIAg,Gümüşlük · 325 sonuç,Yeni sekmede aç,0.4324,,,False,44,REJECTED_CANDIDATE,"detected='Gümüşlük · 325 sonuç' vs expected='Oda Bodrum Gümüşlük' (card near-text was 'Yeni sekmede aç', 1 candidates on page) -> score=44",2026-08-26T11:37:56Z
BOD082,Otel Gümüşlük,Gümüşlük,google_travel,1,https://www.google.com/travel/hotels/entity?q=Otel%20G%C3%BCm%C3%BC%C5%9Fl%C3%BCk%20G%C3%BCm%C3%BC%C5%9Fl%C3%BCk%20Bodrum&ved=2ahUKEwj4q6G7mr6WAxUeBwYAHb6YAFsQvukIegUIAxC7Aw&ts=CAEaQAoiEiAKCy9nLzF0Z3NsZDZ2OhFPdGVsIEfDvG3DvMWfbMO8axIaEhQKBwjqDxAJGAcSBwjqDxAJGAgYATICCAIqBwoFOgNUUlk&rp=OAFIAg,Otel Gümüşlük · 325 sonuç,Yeni sekmede aç,0.7222,,,False,70,REVIEW_REQUIRED,"detected='Otel Gümüşlük · 325 sonuç' vs expected='Otel Gümüşlük' (card near-text was 'Yeni sekmede aç', 1 candidates on page) -> score=70",2026-08-26T11:38:10Z
BOD083,Oza butik hotel,Gümüşlük,google_travel,1,https://www.google.com/travel/hotels/entity?q=Oza%20butik%20hotel%20G%C3%BCm%C3%BC%C5%9Fl%C3%BCk%20Bodrum&ved=2ahUKEwi8qPzBmr6WAxV2QUECHWvzJX0QvukIegUIAxClAw&ts=CAEaQAoiEiAKDS9nLzExZm01MzBqX2Q6D096YSBCdXRpayBIb3RlbBIaEhQKBwjqDxAJGAcSBwjqDxAJGAgYATICCAIqBwoFOgNUUlk&rp=OAFIAg,Oza Butik Hotel · 325 sonuç,Yeni sekmede aç,0.75,,,False,73,REVIEW_REQUIRED,"detected='Oza Butik Hotel · 325 sonuç' vs expected='Oza butik hotel' (card near-text was 'Yeni sekmede aç', 1 candidates on page) -> score=73",2026-08-26T11:38:24Z
BOD084,Paradise Garden Apartments,Gümüşlük,google_travel,1,https://www.google.com/travel/hotels/entity?q=Paradise%20Garden%20Apartments%20G%C3%BCm%C3%BC%C5%9Fl%C3%BCk%20Bodrum&ved=2ahUKEwiBv-HImr6WAxXmZkECHYt_Ff8QvukIegQIAxAa&ts=CAE,Paradise Garden Apartments Gümüşlük Bodrum,Yeni sekmede aç,0.7647,,,False,74,REVIEW_REQUIRED,"detected='Paradise Garden Apartments Gümüşlük Bodrum' vs expected='Paradise Garden Apartments' (card near-text was 'Yeni sekmede aç', 1 candidates on page) -> score=74",2026-08-26T11:38:39Z
BOD085,Paradise Gümüşlük,Gümüşlük,google_travel,1,https://www.google.com/travel/hotels/entity?q=Paradise%20G%C3%BCm%C3%BC%C5%9Fl%C3%BCk%20G%C3%BCm%C3%BC%C5%9Fl%C3%BCk%20Bodrum&ved=2ahUKEwjB84LXmr6WAxXjhnwGHTfBHPUQvukIegUIAxCzAw&ts=CAEaPQofEh0KDS9nLzExa2o1cDVfNnY6DEfDvG3DvMWfbMO8axIaEhQKBwjqDxAJGAcSBwjqDxAJGAgYATICCAIqBwoFOgNUUlk&rp=OAFIAg,Gümüşlük · 325 sonuç,Yeni sekmede aç,0.4571,,,False,46,REJECTED_CANDIDATE,"detected='Gümüşlük · 325 sonuç' vs expected='Paradise Gümüşlük' (card near-text was 'Yeni sekmede aç', 1 candidates on page) -> score=46",2026-08-26T11:39:09Z
BOD086,Vega Aparts,Gümüşlük,google_travel,1,https://www.google.com/travel/hotels/entity/ChkIzdWl4u2Z7eoMGg0vZy8xMWNzMDR3cXk0EAE?q=Vega%20Aparts%20G%C3%BCm%C3%BC%C5%9Fl%C3%BCk%20Bodrum&ts=CAAaGhIYEhIKBwjqDxAJGAcSBwjqDxAJGAgyAggCKgcKBToDVFJZ&ved=2ahUKEwia8IHemr6WAxUsdUECHfFDK1cQvukIegQIAxAC,Vega Aparts,Vega Aparts otelini yeni sekmede aç,1.0,,,False,95,FOUND_EXACT,"detected='Vega Aparts' vs expected='Vega Aparts' (card near-text was 'Vega Aparts otelini yeni sekmede aç', 37 candidates on page) -> score=95",2026-08-26T11:39:23Z
BOD087,Wanderheaven Camping & Tiny House Bodrum,Gümüşlük,google_travel,1,https://www.google.com/travel/hotels/entity/ChkIvoT_1--qsqtmGg0vZy8xMWZ0MDN0NHdnEAE?q=Wanderheaven%20Camping%20%26%20Tiny%20House%20Bodrum%20G%C3%BCm%C3%BC%C5%9Fl%C3%BCk%20Bodrum&ts=CAAaGhIYEhIKBwjqDxAJGAcSBwjqDxAJGAgyAggCKgcKBToDVFJZ&ved=2ahUKEwj5gtjkmr6WAxUgQ0ECHbFvLoQQvukIegQIAxAC,Wanderheaven Camping & Tiny House Bodrum,Wanderheaven Camping & Tiny House Bodrum otelini yeni sekmede aç,1.0,,,False,95,FOUND_EXACT,"detected='Wanderheaven Camping & Tiny House Bodrum' vs expected='Wanderheaven Camping & Tiny House Bodrum' (card near-text was 'Wanderheaven Camping & Tiny House Bodrum otelini yeni sekmed', 37 candidates on page) -> score=95",2026-08-26T11:39:37Z
BOD088,Baia Bodrum Hotel,Gündoğan,google_travel,1,https://www.google.com/travel/hotels/entity/ChgIj8jCtfnP6LOWARoLL2cvMXRkXzdjbjUQAQ?q=Baia%20Bodrum%20Hotel%20G%C3%BCndo%C4%9Fan%20Bodrum&ts=CAAaGhIYEhIKBwjqDxAJGAcSBwjqDxAJGAgyAggCKgIKAA&ved=2ahUKEwjxspHrmr6WAxU2TEECHQgYJoEQvukIegQIAxAC,Baia Bodrum Hotel,Baia Bodrum Hotel otelini yeni sekmede aç,1.0,,,False,95,FOUND_EXACT,"detected='Baia Bodrum Hotel' vs expected='Baia Bodrum Hotel' (card near-text was 'Baia Bodrum Hotel otelini yeni sekmede aç', 37 candidates on page) -> score=95",2026-08-26T11:39:51Z
BOD089,Cape Bodrum Luxury Hotel & Beach,Gündoğan,google_travel,1,https://www.google.com/travel/hotels/entity/ChkIndCDzp2Bh5EDGg0vZy8xMWMza2RmYjN2EAE?q=Cape%20Bodrum%20Luxury%20Hotel%20%26%20Beach%20G%C3%BCndo%C4%9Fan%20Bodrum&ts=CAAaGhIYEhIKBwjqDxAJGAcSBwjqDxAJGAgyAggCKgcKBToDVFJZ&ved=2ahUKEwjF0Nnxmr6WAxUQBwYAHYdwNFoQvukIegQIAxAC,Cape Bodrum Luxury Hotel & Beach,Cape Bodrum Luxury Hotel & Beach otelini yeni sekmede aç,1.0,,,False,95,FOUND_EXACT,"detected='Cape Bodrum Luxury Hotel & Beach' vs expected='Cape Bodrum Luxury Hotel & Beach' (card near-text was 'Cape Bodrum Luxury Hotel & Beach otelini yeni sekmede aç', 37 candidates on page) -> score=95",2026-08-26T11:40:04Z
BOD090,Costa Farilya Special Class Hotel Bodrum,Gündoğan,google_travel,1,https://www.google.com/travel/hotels/entity/ChcImKDItNyxy7N-GgsvZy8xdG1jdjlqdxAB?q=Costa%20Farilya%20Special%20Class%20Hotel%20Bodrum%20G%C3%BCndo%C4%9Fan%20Bodrum&ved=2ahUKEwi_0cv4mr6WAxUvOAYAHSL-BWYQvukIegQIAxAC&ts=CAAaGhIYEhIKBwjqDxAJGAcSBwjqDxAJGAgyAggCKgcKBToDVFJZ,Costa Farilya Special Class Hotel Bodrum,Costa Farilya Special Class Hotel Bodrum otelini yeni sekmede aç,1.0,,,False,95,FOUND_EXACT,"detected='Costa Farilya Special Class Hotel Bodrum' vs expected='Costa Farilya Special Class Hotel Bodrum' (card near-text was 'Costa Farilya Special Class Hotel Bodrum otelini yeni sekmed', 37 candidates on page) -> score=95",2026-08-26T11:40:19Z
BOD091,Gündoğan Suites,Gündoğan,google_travel,1,https://www.google.com/travel/hotels/entity?q=G%C3%BCndo%C4%9Fan%20Suites%20G%C3%BCndo%C4%9Fan%20Bodrum&ved=2ahUKEwi_ipz_mr6WAxVDd0ECHehLES8QvukIegUIAxDUAw&ts=CAEaQgokEiIKDS9nLzExdDQ0Y21wMWs6EUfDvG5kb8SfYW4gU3VpdGVzEhoSFAoHCOoPEAkYBxIHCOoPEAkYCBgBMgIIAioHCgU6A1RSWQ&rp=OAFIAg,Gündoğan Suites · 297 sonuç,Yeni sekmede aç,0.75,,,False,73,REVIEW_REQUIRED,"detected='Gündoğan Suites · 297 sonuç' vs expected='Gündoğan Suites' (card near-text was 'Yeni sekmede aç', 1 candidates on page) -> score=73",2026-08-26T11:40:33Z
BOD092,Liona Hotel,Gündoğan,google_travel,1,https://www.google.com/travel/hotels/entity?q=Liona%20Hotel%20G%C3%BCndo%C4%9Fan%20Bodrum&ved=2ahUKEwj2wMSGm76WAxUQaEECHSX8LjwQvukIegUIAxDLAw&ts=CAEaOwodEhsKDC9nLzFoaHdnaDJiaDoLTGlvbmEgSG90ZWwSGhIUCgcI6g8QCRgHEgcI6g8QCRgIGAEyAggCKgcKBToDVFJZ&rp=OAFIAg,Liona Hotel · 330 sonuç,Yeni sekmede aç,0.6875,,,False,67,REJECTED_CANDIDATE,"detected='Liona Hotel · 330 sonuç' vs expected='Liona Hotel' (card near-text was 'Yeni sekmede aç', 1 candidates on page) -> score=67",2026-08-26T11:40:48Z
BOD093,Malta Bodrum Hotel,Gündoğan,google_travel,1,https://www.google.com/travel/hotels/entity?q=Malta%20Bodrum%20Hotel%20G%C3%BCndo%C4%9Fan%20Bodrum&ved=2ahUKEwjBgIGOm76WAxVaY0ECHXwTCKoQvukIegUIAxDKAw&ts=CAEaQwolEiMKDS9nLzExdHkyNGN3dmo6Ek1hbHRhIEJvZHJ1bSBIb3RlbBIaEhQKBwjqDxAJGAcSBwjqDxAJGAgYATICCAIqBwoFOgNUUlk&rp=OAFIAg,Malta Bodrum Hotel · 289 sonuç,Yeni sekmede aç,0.7826,,,False,75,REVIEW_REQUIRED,"detected='Malta Bodrum Hotel · 289 sonuç' vs expected='Malta Bodrum Hotel' (card near-text was 'Yeni sekmede aç', 1 candidates on page) -> score=75",2026-08-26T11:41:04Z
BOD094,Marje Villas,Gündoğan,google_travel,1,https://www.google.com/travel/hotels/entity?q=Marje%20Villas%20G%C3%BCndo%C4%9Fan%20Bodrum&ved=2ahUKEwilopaVm76WAxW6OwYAHaONGRIQvukIegUIAxDdAw&ts=CAEaPQofEh0KDS9nLzExdzJiN3ExNHA6DE1hcmplIFZpbGxhcxIaEhQKBwjqDxAJGAcSBwjqDxAJGAgYATICCAIqBwoFOgNUUlk&rp=OAFIAg,Marje Villas · 281 sonuç,Yeni sekmede aç,0.7059,,,False,69,REJECTED_CANDIDATE,"detected='Marje Villas · 281 sonuç' vs expected='Marje Villas' (card near-text was 'Yeni sekmede aç', 1 candidates on page) -> score=69",2026-08-26T11:41:19Z
BOD095,Mivara Luxury Bodrum,Gündoğan,google_travel,1,https://www.google.com/travel/hotels/entity/ChkIx9HcjJLU4qBeGg0vZy8xMWI2ZHA3ODluEAE?q=Mivara%20Luxury%20Bodrum%20G%C3%BCndo%C4%9Fan%20Bodrum&ts=CAAaGhIYEhIKBwjqDxAJGAcSBwjqDxAJGAgyAggCKgcKBToDVFJZ&ved=2ahUKEwjj9sCcm76WAxXSBwYAHbImEY8QvukIegQIAxAC,Mivara Luxury Bodrum,Mivara Luxury Bodrum otelini yeni sekmede aç,1.0,,,False,95,FOUND_EXACT,"detected='Mivara Luxury Bodrum' vs expected='Mivara Luxury Bodrum' (card near-text was 'Mivara Luxury Bodrum otelini yeni sekmede aç', 37 candidates on page) -> score=95",2026-08-26T11:41:34Z
BOD096,Olira Boutique Hotel&SPA,Gündoğan,google_travel,1,https://www.google.com/travel/hotels/entity/ChcItYXzoL2fxOIXGgsvZy8xdGQ3d2N5NRAB?q=Olira%20Boutique%20Hotel%26SPA%20G%C3%BCndo%C4%9Fan%20Bodrum&ved=2ahUKEwjLtcKjm76WAxWqj3wGHX_GF08QvukIegQIAxAC&ts=CAAaGhIYEhIKBwjqDxAJGAcSBwjqDxAJGAgyAggCKgcKBToDVFJZ,Olira Boutique Hotel&SPA,Olira Boutique Hotel&SPA otelini yeni sekmede aç,1.0,,,False,95,FOUND_EXACT,"detected='Olira Boutique Hotel&SPA' vs expected='Olira Boutique Hotel&SPA' (card near-text was 'Olira Boutique Hotel&SPA otelini yeni sekmede aç', 37 candidates on page) -> score=95",2026-08-26T11:41:49Z
BOD097,OLİVE TREE HOTEL,Gündoğan,google_travel,1,https://www.google.com/travel/hotels/entity?q=OL%C4%B0VE%20TREE%20HOTEL%20G%C3%BCndo%C4%9Fan%20Bodrum&ved=2ahUKEwjThaerm76WAxUgMgYAHcceKz4QvukIegUIAxCwAw&ts=CAEaQQojEiEKDS9nLzExc21ndzYwaHg6EE9saXZlIFRyZWUgSG90ZWwSGhIUCgcI6g8QCRgHEgcI6g8QCRgIGAEyAggCKgcKBToDVFJZ&rp=OAFIAg,Olive Tree Hotel · 281 sonuç,Yeni sekmede aç,0.7619,,,False,74,REVIEW_REQUIRED,"detected='Olive Tree Hotel · 281 sonuç' vs expected='OLİVE TREE HOTEL' (card near-text was 'Yeni sekmede aç', 1 candidates on page) -> score=74",2026-08-26T11:42:05Z
BOD098,Swissôtel Living Bodrum,Gündoğan,google_travel,1,https://www.google.com/travel/hotels/entity/ChkIlLOokvjigqA1Gg0vZy8xMXk1N2d3OTNfEAE?q=Swiss%C3%B4tel%20Living%20Bodrum%20G%C3%BCndo%C4%9Fan%20Bodrum&ts=CAAaGhIYEhIKBwjqDxAJGAcSBwjqDxAJGAgyAggCKgcKBToDVFJZ&ved=2ahUKEwibjaSym76WAxVWYEECHQU4LhQQvukIegQIAxAC,Swissôtel Living Bodrum,Swissôtel Living Bodrum otelini yeni sekmede aç,1.0,,,False,95,FOUND_EXACT,"detected='Swissôtel Living Bodrum' vs expected='Swissôtel Living Bodrum' (card near-text was 'Swissôtel Living Bodrum otelini yeni sekmede aç', 37 candidates on page) -> score=95",2026-08-26T11:42:20Z
BOD099,Villa Oliva Butik Otel,Gündoğan,google_travel,1,https://www.google.com/travel/hotels/entity/ChkIkN7p8P39zesaGg0vZy8xMWY2NnRjNnRiEAE?q=Villa%20Oliva%20Butik%20Otel%20G%C3%BCndo%C4%9Fan%20Bodrum&ts=CAAaGhIYEhIKBwjqDxAJGAcSBwjqDxAJGAgyAggCKgcKBToDVFJZ&ved=2ahUKEwjr2Ii5m76WAxV8d0ECHWh-BvsQvukIegQIAxAC,Villa Oliva Butik Otel,Villa Oliva Butik Otel otelini yeni sekmede aç,1.0,,,False,95,FOUND_EXACT,"detected='Villa Oliva Butik Otel' vs expected='Villa Oliva Butik Otel' (card near-text was 'Villa Oliva Butik Otel otelini yeni sekmede aç', 37 candidates on page) -> score=95",2026-08-26T11:42:34Z
BOD100,Villa Rustica Hotel,Gündoğan,google_travel,1,https://www.google.com/travel/hotels/entity?q=Villa%20Rustica%20Hotel%20G%C3%BCndo%C4%9Fan%20Bodrum&ved=2ahUKEwimwvy_m76WAxUWR0ECHa4SMlAQvukIegUIAxDLAw&ts=CAEaRAomEiQKDS9nLzExYjV6MWg3cXE6E1ZpbGxhIFJ1c3RpY2EgSG90ZWwSGhIUCgcI6g8QCRgHEgcI6g8QCRgIGAEyAggCKgcKBToDVFJZ&rp=OAFIAg,Villa Rustica Hotel · 289 sonuç,Yeni sekmede aç,0.7917,,,False,76,REVIEW_REQUIRED,"detected='Villa Rustica Hotel · 289 sonuç' vs expected='Villa Rustica Hotel' (card near-text was 'Yeni sekmede aç', 1 candidates on page) -> score=76",2026-08-26T11:42:49Z
BOD101,Vita Bella Hotel Resort & Spa,Gündoğan,google_travel,1,https://www.google.com/travel/hotels/entity/ChkIneO864rglboNGg0vZy8xMWg1MjFfOWsxEAE?q=Vita%20Bella%20Hotel%20Resort%20%26%20Spa%20G%C3%BCndo%C4%9Fan%20Bodrum&ts=CAAaGhIYEhIKBwjqDxAJGAcSBwjqDxAJGAgyAggCKgcKBToDVFJZ&ved=2ahUKEwjQoqnHm76WAxV3SEECHWX1CgYQvukIegQIAxAC,Vita Bella Hotel Resort & Spa,Vita Bella Hotel Resort & Spa otelini yeni sekmede aç,1.0,,,False,95,FOUND_EXACT,"detected='Vita Bella Hotel Resort & Spa' vs expected='Vita Bella Hotel Resort & Spa' (card near-text was 'Vita Bella Hotel Resort & Spa otelini yeni sekmede aç', 25 candidates on page) -> score=95",2026-08-26T11:43:04Z
BOD102,Akyalı Butik Hotel,Güvercinlik,google_travel,1,https://www.google.com/travel/hotels/entity/ChgIlbPGuuqElZ8jGgwvZy8xaGMyeXdwZjEQAQ?q=Akyal%C4%B1%20Butik%20Hotel%20G%C3%BCvercinlik%20Bodrum&ts=CAAaGhIYEhIKBwjqDxAJGAcSBwjqDxAJGAgyAggCKgcKBToDVFJZ&ved=2ahUKEwjVz4LOm76WAxUgQ0ECHbFvLoQQvukIegQIAxAC,Akyalı Butik Hotel,Akyalı Butik Hotel otelini yeni sekmede aç,1.0,,,False,95,FOUND_EXACT,"detected='Akyalı Butik Hotel' vs expected='Akyalı Butik Hotel' (card near-text was 'Akyalı Butik Hotel otelini yeni sekmede aç', 37 candidates on page) -> score=95",2026-08-26T11:43:18Z
BOD103,Green Bay Resort & Spa Bodrum,Güvercinlik,google_travel,1,https://www.google.com/travel/hotels/entity?q=Green%20Bay%20Resort%20%26%20Spa%20Bodrum%20G%C3%BCvercinlik%20Bodrum&ved=2ahUKEwiz78TUm76WAxVaY0ECHXwTCKoQvukIegUIAxDgAw&ts=CAEaTgowEi4KDS9nLzExYjczNjJyMzc6HUdyZWVuIEJheSBSZXNvcnQgJiBTcGEgQm9kcnVtEhoSFAoHCOoPEAkYBxIHCOoPEAkYCBgBMgIIAioHCgU6A1RSWQ&rp=OAFIAg,Green Bay Resort & Spa Bodrum · 435 sonuç,Yeni sekmede aç,0.8438,,,False,81,REVIEW_REQUIRED,"detected='Green Bay Resort & Spa Bodrum · 435 sonuç' vs expected='Green Bay Resort & Spa Bodrum' (card near-text was 'Yeni sekmede aç', 1 candidates on page) -> score=81",2026-08-26T11:43:32Z
BOD104,Greenport Bodrum,Güvercinlik,google_travel,1,https://www.google.com/travel/hotels/entity/ChkI6YHBsbyHrLJCGg0vZy8xMWNqazJ2OW52EAE?q=Greenport%20Bodrum%20G%C3%BCvercinlik%20Bodrum&ts=CAAaGhIYEhIKBwjqDxAJGAcSBwjqDxAJGAgyAggCKgcKBToDVFJZ&ved=2ahUKEwjjraDcm76WAxUYQ0ECHbKvJJkQvukIegQIAxAC,Greenport Bodrum,Greenport Bodrum otelini yeni sekmede aç,1.0,,,False,95,FOUND_EXACT,"detected='Greenport Bodrum' vs expected='Greenport Bodrum' (card near-text was 'Greenport Bodrum otelini yeni sekmede aç', 27 candidates on page) -> score=95",2026-08-26T11:43:48Z
BOD105,İsolina Hotel,Güvercinlik,google_travel,1,https://www.google.com/travel/hotels/entity/ChkI2rPL1dHo1Yw4Gg0vZy8xMXN2amYyaGJfEAE?q=%C4%B0solina%20Hotel%20G%C3%BCvercinlik%20Bodrum&ts=CAAaGhIYEhIKBwjqDxAJGAcSBwjqDxAJGAgyAggCKgcKBToDVFJZ&ved=2ahUKEwiytvjim76WAxVQlHwGHZXGNkcQvukIegQIAxAC,İsolina Hotel,İsolina Hotel otelini yeni sekmede aç,1.0,,,False,95,FOUND_EXACT,"detected='İsolina Hotel' vs expected='İsolina Hotel' (card near-text was 'İsolina Hotel otelini yeni sekmede aç', 33 candidates on page) -> score=95",2026-08-26T11:44:02Z
BOD106,La Blanche Island Bodrum,Güvercinlik,google_travel,1,https://www.google.com/travel/hotels/entity/ChkI4eCHteSeoocbGg0vZy8xMWI2ZDQwNTc3EAE?q=La%20Blanche%20Island%20Bodrum%20G%C3%BCvercinlik%20Bodrum&ved=2ahUKEwj3oo7qm76WAxVZBAYAHT2aPXsQvukIegQIAxAC&ts=CAAaGhIYEhIKBwjqDxAJGAcSBwjqDxAJGAgyAggCKgcKBToDVFJZ,La Blanche Island Bodrum,La Blanche Island Bodrum otelini yeni sekmede aç,1.0,,,False,95,FOUND_EXACT,"detected='La Blanche Island Bodrum' vs expected='La Blanche Island Bodrum' (card near-text was 'La Blanche Island Bodrum otelini yeni sekmede aç', 37 candidates on page) -> score=95",2026-08-26T11:44:17Z
BOD107,Le Méridien Bodrum Beach Resort,Güvercinlik,google_travel,1,https://www.google.com/travel/hotels/entity/ChkIjZOUgv6r2M5FGg0vZy8xMWo4dnJwcjAwEAE?q=Le%20M%C3%A9ridien%20Bodrum%20Beach%20Resort%20G%C3%BCvercinlik%20Bodrum&ts=CAAaGhIYEhIKBwjqDxAJGAcSBwjqDxAJGAgyAggCKgcKBToDVFJZ&ved=2ahUKEwje3sDwm76WAxW7OgYAHaBPIiwQvukIegQIAxAC,Le Méridien Bodrum Beach Resort,Le Méridien Bodrum Beach Resort otelini yeni sekmede aç,1.0,,,False,95,FOUND_EXACT,"detected='Le Méridien Bodrum Beach Resort' vs expected='Le Méridien Bodrum Beach Resort' (card near-text was 'Le Méridien Bodrum Beach Resort otelini yeni sekmede aç', 37 candidates on page) -> score=95",2026-08-26T11:44:30Z
BOD108,Lujo Hotel Bodrum,Güvercinlik,google_travel,1,https://www.google.com/travel/hotels/entity/ChkIi8Wuu6C7wvESGg0vZy8xMWZ5NTU3MTB2EAE?q=Lujo%20Hotel%20Bodrum%20G%C3%BCvercinlik%20Bodrum&ts=CAAaGhIYEhIKBwjqDxAJGAcSBwjqDxAJGAgyAggCKgIKAA&ved=2ahUKEwiP4u-EnL6WAxUECAYAHZ-9D3cQvukIegQIAxAC,Lujo Hotel Bodrum,Lujo Hotel Bodrum otelini yeni sekmede aç,1.0,,,False,95,FOUND_EXACT,"detected='Lujo Hotel Bodrum' vs expected='Lujo Hotel Bodrum' (card near-text was 'Lujo Hotel Bodrum otelini yeni sekmede aç', 33 candidates on page) -> score=95",2026-08-26T11:45:13Z
BOD109,Oscar Seaside Hotel & Spa,Güvercinlik,google_travel,1,https://www.google.com/travel/hotels/entity/ChoIh_eat86k7YyVARoNL2cvMTFzdHliZmJoXxAB?q=Oscar%20Seaside%20Hotel%20%26%20Spa%20G%C3%BCvercinlik%20Bodrum&ts=CAAaGhIYEhIKBwjqDxAJGAcSBwjqDxAJGAgyAggCKgcKBToDVFJZ&ved=2ahUKEwiJlceMnL6WAxU8ekECHYoME5MQvukIegQIAxAC,Oscar Seaside Hotel & Spa,Oscar Seaside Hotel & Spa otelini yeni sekmede aç,1.0,,,False,95,FOUND_EXACT,"detected='Oscar Seaside Hotel & Spa' vs expected='Oscar Seaside Hotel & Spa' (card near-text was 'Oscar Seaside Hotel & Spa otelini yeni sekmede aç', 37 candidates on page) -> score=95",2026-08-26T11:45:29Z
BOD110,Titanic Luxury Collection Bodrum,Güvercinlik,google_travel,1,https://www.google.com/travel/hotels/entity?q=Titanic%20Luxury%20Collection%20Bodrum%20G%C3%BCvercinlik%20Bodrum&ved=2ahUKEwjD_pqTnL6WAxWWFgYAHcqZGYwQvukIegUIAxDNAw&ts=CAEaUQozEjEKDS9nLzExY2poem00d2I6IFRpdGFuaWMgTHV4dXJ5IENvbGxlY3Rpb24gQm9kcnVtEhoSFAoHCOoPEAkYBxIHCOoPEAkYCBgBMgIIAioHCgU6A1RSWQ&rp=OAFIAg,Titanic Luxury Collection Bodrum · 399 sonuç,Yeni sekmede aç,0.8649,,,False,83,REVIEW_REQUIRED,"detected='Titanic Luxury Collection Bodrum · 399 sonuç' vs expected='Titanic Luxury Collection Bodrum' (card near-text was 'Yeni sekmede aç', 1 candidates on page) -> score=83",2026-08-26T11:45:43Z
BOD111,Zena Hotel Bodrum,Güvercinlik,google_travel,1,https://www.google.com/travel/hotels/entity/ChkItK_FiY_Soc90Gg0vZy8xMWI2MzhuNno5EAE?q=Zena%20Hotel%20Bodrum%20G%C3%BCvercinlik%20Bodrum&ved=2ahUKEwiMyP6ZnL6WAxVOb0ECHew7Fu4QvukIegQIAxAC&ts=CAAaGhIYEhIKBwjqDxAJGAcSBwjqDxAJGAgyAggCKgcKBToDVFJZ,Zena Hotel Bodrum,Zena Hotel Bodrum otelini yeni sekmede aç,1.0,,,False,95,FOUND_EXACT,"detected='Zena Hotel Bodrum' vs expected='Zena Hotel Bodrum' (card near-text was 'Zena Hotel Bodrum otelini yeni sekmede aç', 37 candidates on page) -> score=95",2026-08-26T11:45:57Z
BOD112,Azure By Yelken Hotel,Kadıkalesi,google_travel,1,https://www.google.com/travel/hotels/entity?q=Azure%20By%20Yelken%20Hotel%20Kad%C4%B1kalesi%20Bodrum&ved=2ahUKEwi_qbmgnL6WAxXnOAYAHQMnGU0QvukIegQIAxAa&ts=CAE,Azure By Yelken Hotel Kadıkalesi Bodrum,Yeni sekmede aç,0.7,,,False,68,REJECTED_CANDIDATE,"detected='Azure By Yelken Hotel Kadıkalesi Bodrum' vs expected='Azure By Yelken Hotel' (card near-text was 'Yeni sekmede aç', 1 candidates on page) -> score=68",2026-08-26T11:46:11Z
BOD114,Sianji Well-Being Resort Thermal & Spa,Kadıkalesi,google_travel,1,https://www.google.com/travel/hotels/entity?q=Sianji%20Well%20Being%20Resort%20Thermal%20%26%20Spa%20Kad%C4%B1kalesi%20Bodrum&ved=2ahUKEwjk7pKvnL6WAxWLPQYAHU6NKEoQvukIegQIAxAa&ts=CAE,Sianji Well Being Resort Thermal & Spa Kadıkalesi Bodrum,Yeni sekmede aç,0.8,,,False,77,REVIEW_REQUIRED,"detected='Sianji Well Being Resort Thermal & Spa Kadıkalesi Bodrum' vs expected='Sianji Well-Being Resort Thermal & Spa' (card near-text was 'Yeni sekmede aç', 1 candidates on page) -> score=77",2026-08-26T11:46:42Z
BOD115,Yasmin Bodrum Resort,Kadıkalesi,google_travel,1,https://www.google.com/travel/hotels/entity?q=Yasmin%20Bodrum%20Resort%20Kad%C4%B1kalesi%20Bodrum&ved=2ahUKEwioutW9nL6WAxUeBwYAHb6YAFsQvukIegUIAxDiAw&ts=CAEaMwoVEhMKCS9tLzAxc2t4eDoGQm9kcnVtEhoSFAoHCOoPEAkYBxIHCOoPEAkYCBgBMgIIAioHCgU6A1RSWQ&rp=OAFIAg,Bodrum · 1.007 sonuç,Yeni sekmede aç,0.4737,,,False,48,REJECTED_CANDIDATE,"detected='Bodrum · 1.007 sonuç' vs expected='Yasmin Bodrum Resort' (card near-text was 'Yeni sekmede aç', 1 candidates on page) -> score=48",2026-08-26T11:47:12Z
BOD116,Acropol Of Bodrum Beach Hotel - Restaurant,Ortakent-Yahşi,google_travel,1,https://www.google.com/travel/hotels/entity?q=Acropol%20Of%20Bodrum%20Beach%20Hotel%20%20%20Restaurant%20Ortakent%20Yah%C5%9Fi%20Bodrum&ved=2ahUKEwiazLvFnL6WAxXNcUECHZHjF48QvukIegUIAxC6Aw&ts=CAEaWwo9EjsKDS9nLzExajN3cmgweG06KkFjcm9wb2wgT2YgQm9kcnVtIEJlYWNoIEhvdGVsIC0gUmVzdGF1cmFudBIaEhQKBwjqDxAJGAcSBwjqDxAJGAgYATICCAIqBwoFOgNUUlk&rp=OAFIAg,Acropol Of Bodrum Beach Hotel - Restaurant · 204 sonuç,Yeni sekmede aç,0.8889,,,False,85,FOUND_HIGH_CONFIDENCE,"detected='Acropol Of Bodrum Beach Hotel - Restaurant · 204 sonuç' vs expected='Acropol Of Bodrum Beach Hotel - Restaurant' (card near-text was 'Yeni sekmede aç', 1 candidates on page) -> score=85",2026-08-26T11:47:29Z
BOD117,Altınkaya Hotel,Ortakent-Yahşi,google_travel,1,https://www.google.com/travel/hotels/entity?q=Alt%C4%B1nkaya%20Hotel%20Ortakent%20Yah%C5%9Fi%20Bodrum&ved=2ahUKEwib8YfRnL6WAxXbLwYAHQK0HiEQvukIegUIAxDOAw&ts=CAEaQAoiEiAKDC9nLzExM2pyOWI0ZjoQQWx0xLFua2F5YSBIb3RlbBIaEhQKBwjqDxAJGAcSBwjqDxAJGAgYATICCAIqBwoFOgNUUlk&rp=OAFIAg,Altınkaya Hotel · 204 sonuç,Yeni sekmede aç,0.75,,,False,73,REVIEW_REQUIRED,"detected='Altınkaya Hotel · 204 sonuç' vs expected='Altınkaya Hotel' (card near-text was 'Yeni sekmede aç', 1 candidates on page) -> score=73",2026-08-26T11:47:53Z
BOD118,Amfora Hotel,Ortakent-Yahşi,google_travel,1,https://www.google.com/travel/hotels/entity?q=Amfora%20Hotel%20Ortakent%20Yah%C5%9Fi%20Bodrum&ved=2ahUKEwjaqJ7ZnL6WAxX_R0ECHYyPOSgQvukIegUIAxDCAw&ts=CAEaTgowEi4KCy9nLzF2bDVkMmZ6Oh9Cb2RydW0gQW1mb3JhIE90ZWwgJiBSZXN0YXVyYW50EhoSFAoHCOoPEAkYBxIHCOoPEAkYCBgBMgIIAioHCgU6A1RSWQ&rp=OAFIAg,Bodrum Amfora Otel & Restaurant · 194 sonuç,Yeni sekmede aç,0.4314,,,False,44,REJECTED_CANDIDATE,"detected='Bodrum Amfora Otel & Restaurant · 194 sonuç' vs expected='Amfora Hotel' (card near-text was 'Yeni sekmede aç', 1 candidates on page) -> score=44",2026-08-26T11:48:10Z
BOD119,"Bodrum Suites Apart Otel, Ortakent - Yahşi",Ortakent-Yahşi,google_travel,1,https://www.google.com/travel/hotels/entity/ChgI7MOug7ORgqmWARoLL2cvMXhnYzB3cHcQAQ?q=Bodrum%20Suites%20Apart%20Otel%2C%20Ortakent%20%20%20Yah%C5%9Fi%20Ortakent%20Yah%C5%9Fi%20Bodrum&ved=2ahUKEwjCiKDhnL6WAxX_lHwGHRXjCUkQvukIegQIAxAC&ts=CAAaGhIYEhIKBwjqDxAJGAcSBwjqDxAJGAgyAggCKgIKAA,"Bodrum Suites Apart Otel, Ortakent - Yahşi","Bodrum Suites Apart Otel, Ortakent - Yahşi otelini yeni sekmede aç",1.0,,,False,95,FOUND_EXACT,"detected='Bodrum Suites Apart Otel, Ortakent - Yahşi' vs expected='Bodrum Suites Apart Otel, Ortakent - Yahşi' (card near-text was 'Bodrum Suites Apart Otel, Ortakent - Yahşi otelini yeni sekm', 37 candidates on page) -> score=95",2026-08-26T11:48:27Z
BOD120,Celeste Bella Luxury Hotel & Spa,Ortakent-Yahşi,google_travel,1,https://www.google.com/travel/hotels/entity/ChoIppOc87W0lb3MARoNL2cvMTFrYnozeXA3bRAB?q=Celeste%20Bella%20Luxury%20Hotel%20%26%20Spa%20Ortakent%20Yah%C5%9Fi%20Bodrum&ved=2ahUKEwiLwtHpnL6WAxXImXwGHSCrI08QvukIegQIAxAC&ts=CAAaGhIYEhIKBwjqDxAJGAcSBwjqDxAJGAgyAggCKgcKBToDVFJZ,Celeste Bella Luxury Hotel & Spa,Celeste Bella Luxury Hotel & Spa otelini yeni sekmede aç,1.0,,,False,95,FOUND_EXACT,"detected='Celeste Bella Luxury Hotel & Spa' vs expected='Celeste Bella Luxury Hotel & Spa' (card near-text was 'Celeste Bella Luxury Hotel & Spa otelini yeni sekmede aç', 37 candidates on page) -> score=95",2026-08-26T11:48:44Z
BOD121,Eskiyalı Otel,Ortakent-Yahşi,google_travel,1,https://www.google.com/travel/hotels/entity?q=Eskiyal%C4%B1%20Otel%20Ortakent%20Yah%C5%9Fi%20Bodrum&ved=2ahUKEwiv95PynL6WAxUSWUECHc9wOY8QvukIegUIAxDUAw&ts=CAEaPQofEh0KCy9nLzF0cnBoamIxOg5Fc2tpeWFsxLEgT3RlbBIaEhQKBwjqDxAJGAcSBwjqDxAJGAgYATICCAIqBwoFOgNUUlk&rp=OAFIAg,Eskiyalı Otel · 169 sonuç,Yeni sekmede aç,0.7222,,,False,70,REVIEW_REQUIRED,"detected='Eskiyalı Otel · 169 sonuç' vs expected='Eskiyalı Otel' (card near-text was 'Yeni sekmede aç', 1 candidates on page) -> score=70",2026-08-26T11:49:02Z
BOD122,Florida Otel,Ortakent-Yahşi,google_travel,1,https://www.google.com/travel/hotels/entity/ChkIvZS0lqWeo9z2ARoML2cvMTEzZGc5MWg5EAE?q=Florida%20Otel%20Ortakent%20Yah%C5%9Fi%20Bodrum&ved=2ahUKEwiPzKT6nL6WAxW6OwYAHaONGRIQvukIegQIAxAC&ts=CAAaGhIYEhIKBwjqDxAJGAcSBwjqDxAJGAgyAggCKgcKBToDVFJZ,Florida Otel,Florida Otel otelini yeni sekmede aç,1.0,,,False,95,FOUND_EXACT,"detected='Florida Otel' vs expected='Florida Otel' (card near-text was 'Florida Otel otelini yeni sekmede aç', 37 candidates on page) -> score=95",2026-08-26T11:49:19Z
BOD123,Hotel Marma Beach,Ortakent-Yahşi,google_travel,1,https://www.google.com/travel/hotels/entity/ChkI5qb0noHmrK5cGg0vZy8xMWNtX2h3c2Z3EAE?q=Hotel%20Marma%20Beach%20Ortakent%20Yah%C5%9Fi%20Bodrum&ts=CAAaGhIYEhIKBwjqDxAJGAcSBwjqDxAJGAgyAggCKgIKAA&ved=2ahUKEwjQ_pCBnb6WAxXSBwYAHbImEY8QvukIegQIAxAC,Hotel Marma Beach,Hotel Marma Beach otelini yeni sekmede aç,1.0,,,False,95,FOUND_EXACT,"detected='Hotel Marma Beach' vs expected='Hotel Marma Beach' (card near-text was 'Hotel Marma Beach otelini yeni sekmede aç', 37 candidates on page) -> score=95",2026-08-26T11:49:34Z
BOD124,Irmak Boutique Hotel,Ortakent-Yahşi,google_travel,1,https://www.google.com/travel/hotels/entity?q=Irmak%20Boutique%20Hotel%20Ortakent%20Yah%C5%9Fi%20Bodrum&ved=2ahUKEwiizZOInb6WAxWvoHwGHSu_GAkQvukIegUIAxDDAw&ts=CAEaRgooEiYKDS9nLzExcTI1bjE5dmg6FcSwcm1hayBCb3V0aXF1ZSBIb3RlbBIaEhQKBwjqDxAJGAcSBwjqDxAJGAgYATICCAIqBwoFOgNUUlk&rp=OAFIAg,Irmak Boutique Hotel · 213 sonuç,Yeni sekmede aç,0.8,,,False,77,REVIEW_REQUIRED,"detected='Irmak Boutique Hotel · 213 sonuç' vs expected='Irmak Boutique Hotel' (card near-text was 'Yeni sekmede aç', 1 candidates on page) -> score=77",2026-08-26T11:49:48Z
BOD125,Kefi Beach Bodrum,Ortakent-Yahşi,google_travel,1,https://www.google.com/travel/hotels/entity/ChkIrYXbsuDe6uoGGg0vZy8xMWI2ZGZuazd2EAE?q=Kefi%20Beach%20Bodrum%20Ortakent%20Yah%C5%9Fi%20Bodrum&ved=2ahUKEwiGoJiQnb6WAxXQcEECHZd4EEwQvukIegQIAxAC&ts=CAAaGhIYEhIKBwjqDxAJGAcSBwjqDxAJGAgyAggCKgIKAA,Kefi Beach Bodrum,Kefi Beach Bodrum otelini yeni sekmede aç,1.0,,,False,95,FOUND_EXACT,"detected='Kefi Beach Bodrum' vs expected='Kefi Beach Bodrum' (card near-text was 'Kefi Beach Bodrum otelini yeni sekmede aç', 37 candidates on page) -> score=95",2026-08-26T11:50:05Z
BOD126,Khai Hotel Bodrum,Ortakent-Yahşi,google_travel,1,https://www.google.com/travel/hotels/entity/ChoIjeq4lani94SRARoNL2cvMTFubjcwMXE2eBAB?q=Khai%20Hotel%20Bodrum%20Ortakent%20Yah%C5%9Fi%20Bodrum&ved=2ahUKEwimuaSXnb6WAxUeBwYAHb6YAFsQvukIegQIAxAC&ts=CAAaGhIYEhIKBwjqDxAJGAcSBwjqDxAJGAgyAggCKgcKBToDVFJZ,Khai Hotel Bodrum,Khai Hotel Bodrum otelini yeni sekmede aç,1.0,,,False,95,FOUND_EXACT,"detected='Khai Hotel Bodrum' vs expected='Khai Hotel Bodrum' (card near-text was 'Khai Hotel Bodrum otelini yeni sekmede aç', 37 candidates on page) -> score=95",2026-08-26T11:50:20Z
BOD127,Kriss Hotel,Ortakent-Yahşi,google_travel,1,https://www.google.com/travel/hotels/entity/ChcI09aXptq55YVHGgsvZy8xdGRocGI2ORAB?q=Kriss%20Hotel%20Ortakent%20Yah%C5%9Fi%20Bodrum&ved=2ahUKEwinmZGxnb6WAxV4pnwGHSZ3BhAQvukIegQIAxAC&ts=CAAaGhIYEhIKBwjqDxAJGAcSBwjqDxAJGAgyAggCKgIKAA,Kriss Hotel,Kriss Hotel otelini yeni sekmede aç,1.0,,,False,95,FOUND_EXACT,"detected='Kriss Hotel' vs expected='Kriss Hotel' (card near-text was 'Kriss Hotel otelini yeni sekmede aç', 37 candidates on page) -> score=95",2026-08-26T11:51:14Z
BOD128,Lugga Boutique Hotel & Beach,Ortakent-Yahşi,google_travel,1,https://www.google.com/travel/hotels/entity/ChoI4JP_1d-6pq7eARoNL2cvMTF0am56eG1tZBAB?q=Lugga%20Boutique%20Hotel%20%26%20Beach%20Ortakent%20Yah%C5%9Fi%20Bodrum&ved=2ahUKEwj9-ve4nb6WAxVihXwGHSlRADcQvukIegQIAxAC&ts=CAAaGhIYEhIKBwjqDxAJGAcSBwjqDxAJGAgyAggCKgcKBToDVFJZ,Lugga Boutique Hotel & Beach,Lugga Boutique Hotel & Beach otelini yeni sekmede aç,1.0,,,False,95,FOUND_EXACT,"detected='Lugga Boutique Hotel & Beach' vs expected='Lugga Boutique Hotel & Beach' (card near-text was 'Lugga Boutique Hotel & Beach otelini yeni sekmede aç', 37 candidates on page) -> score=95",2026-08-26T11:51:31Z
BOD129,Meggs Bodrum,Ortakent-Yahşi,google_travel,1,https://www.google.com/travel/hotels/entity/ChkIhqayo5iKvu8VGg0vZy8xMWI2ZGZxcnFtEAE?q=Meggs%20Bodrum%20Ortakent%20Yah%C5%9Fi%20Bodrum&ts=CAAaGhIYEhIKBwjqDxAJGAcSBwjqDxAJGAgyAggCKgcKBToDVFJZ&ved=2ahUKEwini57Anb6WAxUeBwYAHb6YAFsQvukIegQIAxAC,Meggs Bodrum,Meggs Bodrum otelini yeni sekmede aç,1.0,,,False,95,FOUND_EXACT,"detected='Meggs Bodrum' vs expected='Meggs Bodrum' (card near-text was 'Meggs Bodrum otelini yeni sekmede aç', 37 candidates on page) -> score=95",2026-08-26T11:51:46Z
BOD130,Petunya Beach Resort,Ortakent-Yahşi,google_travel,1,https://www.google.com/travel/hotels/entity/ChgI3cTnmfOBvJQTGgwvZy8xaGMzeTBkMGMQAQ?q=Petunya%20Beach%20Resort%20Ortakent%20Yah%C5%9Fi%20Bodrum&ved=2ahUKEwjgj5fHnb6WAxVEi3wGHT5JC3YQvukIegQIAxAC&ts=CAAaGhIYEhIKBwjqDxAJGAcSBwjqDxAJGAgyAggCKgIKAA,Petunya Beach Resort,Petunya Beach Resort otelini yeni sekmede aç,1.0,,,False,95,FOUND_EXACT,"detected='Petunya Beach Resort' vs expected='Petunya Beach Resort' (card near-text was 'Petunya Beach Resort otelini yeni sekmede aç', 37 candidates on page) -> score=95",2026-08-26T11:52:01Z
BOD131,Regia Mare Beach Hotel Bodrum,Ortakent-Yahşi,google_travel,1,https://www.google.com/travel/hotels/entity/ChkIrbPiitil1K8MGg0vZy8xMXBjMXR6cjEyEAE?q=Regia%20Mare%20Beach%20Hotel%20Bodrum%20Ortakent%20Yah%C5%9Fi%20Bodrum&ts=CAAaGhIYEhIKBwjqDxAJGAcSBwjqDxAJGAgyAggCKgcKBToDVFJZ&ved=2ahUKEwinqNTOnb6WAxV0eUECHVpfBmQQvukIegQIAxAC,Regia Mare Beach Hotel Bodrum,Regia Mare Beach Hotel Bodrum otelini yeni sekmede aç,1.0,,,False,95,FOUND_EXACT,"detected='Regia Mare Beach Hotel Bodrum' vs expected='Regia Mare Beach Hotel Bodrum' (card near-text was 'Regia Mare Beach Hotel Bodrum otelini yeni sekmede aç', 37 candidates on page) -> score=95",2026-08-26T11:52:16Z
BOD132,Viras Hotel & Beach,Ortakent-Yahşi,google_travel,1,https://www.google.com/travel/hotels/entity/ChcIu6ao1tGG6ZhsGgsvZy8xdjI3M3pxaBAB?q=Viras%20Hotel%20%26%20Beach%20Ortakent%20Yah%C5%9Fi%20Bodrum&ved=2ahUKEwino8bZnb6WAxUAcUECHXxeCAIQvukIegQIAxAC&ts=CAAaGhIYEhIKBwjqDxAJGAcSBwjqDxAJGAgyAggCKgcKBToDVFJZ,Viras Hotel & Beach,Viras Hotel & Beach otelini yeni sekmede aç,1.0,,,False,95,FOUND_EXACT,"detected='Viras Hotel & Beach' vs expected='Viras Hotel & Beach' (card near-text was 'Viras Hotel & Beach otelini yeni sekmede aç', 37 candidates on page) -> score=95",2026-08-26T11:52:39Z
BOD133,Yahşi Beach Hotel & Restaurant,Ortakent-Yahşi,google_travel,1,https://www.google.com/travel/hotels/entity/ChgIurukzIj3q9hkGgwvZy8xMTNqMXQ2amoQAQ?q=Yah%C5%9Fi%20Beach%20Hotel%20%26%20Restaurant%20Ortakent%20Yah%C5%9Fi%20Bodrum&ved=2ahUKEwjnv-3ynb6WAxUECAYAHZ-9D3cQvukIegQIAxAC&ts=CAAaGhIYEhIKBwjqDxAJGAcSBwjqDxAJGAgyAggCKgIKAA,Yahşi Beach Hotel & Restaurant,Yahşi Beach Hotel & Restaurant otelini yeni sekmede aç,1.0,,,False,95,FOUND_EXACT,"detected='Yahşi Beach Hotel & Restaurant' vs expected='Yahşi Beach Hotel & Restaurant' (card near-text was 'Yahşi Beach Hotel & Restaurant otelini yeni sekmede aç', 37 candidates on page) -> score=95",2026-08-26T11:53:32Z
BOD134,Yakamoz Otel,Ortakent-Yahşi,google_travel,1,https://www.google.com/travel/hotels/entity/ChoIsp7Rm-yqgfC2ARoNL2cvMTFnbWR5dzkwZBAB?q=Yakamoz%20Otel%20Ortakent%20Yah%C5%9Fi%20Bodrum&ts=CAAaGhIYEhIKBwjqDxAJGAcSBwjqDxAJGAgyAggCKgcKBToDVFJZ&ved=2ahUKEwiqheD6nb6WAxVIQkECHQurFJoQvukIegQIAxAC,Yakamoz Otel,Yakamoz Otel otelini yeni sekmede aç,1.0,,,False,95,FOUND_EXACT,"detected='Yakamoz Otel' vs expected='Yakamoz Otel' (card near-text was 'Yakamoz Otel otelini yeni sekmede aç', 37 candidates on page) -> score=95",2026-08-26T11:53:49Z
BOD135,Yılmaz Hotel | Bodrum Ortakent Otelleri,Ortakent-Yahşi,google_travel,1,https://www.google.com/travel/hotels/entity?q=Y%C4%B1lmaz%20Hotel%20%7C%20Bodrum%20Ortakent%20Otelleri%20Ortakent%20Yah%C5%9Fi%20Bodrum&ved=2ahUKEwjKoYCCnr6WAxXImXwGHSCrI08QvukIegUIAxDlAw&ts=CAEaVwo5EjcKCy9nLzF0Z3cyYnhuOihZxLFsbWF6IEhvdGVsIHwgQm9kcnVtIE9ydGFrZW50IE90ZWxsZXJpEhoSFAoHCOoPEAkYBxIHCOoPEAkYCBgBMgIIAioHCgU6A1RSWQ&rp=OAFIAg,Yılmaz Hotel | Bodrum Ortakent Otelleri · 171 sonuç,Yeni sekmede aç,0.881,,,False,84,REVIEW_REQUIRED,"detected='Yılmaz Hotel | Bodrum Ortakent Otelleri · 171 sonuç' vs expected='Yılmaz Hotel | Bodrum Ortakent Otelleri' (card near-text was 'Yeni sekmede aç', 1 candidates on page) -> score=84",2026-08-26T11:54:04Z
BOD136,Zest Exclusive Hotel and Spa,Ortakent-Yahşi,google_travel,1,https://www.google.com/travel/hotels/entity/ChoIubvujcCOz-DMARoNL2cvMTFiNjNianFreRAB?q=Zest%20Exclusive%20Hotel%20and%20Spa%20Ortakent%20Yah%C5%9Fi%20Bodrum&ts=CAAaGhIYEhIKBwjqDxAJGAcSBwjqDxAJGAgyAggCKgcKBToDVFJZ&ved=2ahUKEwivq-6Jnr6WAxVUOAYAHbErFSUQvukIegQIAxAC,Zest Exclusive Hotel and Spa,Zest Exclusive Hotel and Spa otelini yeni sekmede aç,1.0,,,False,95,FOUND_EXACT,"detected='Zest Exclusive Hotel and Spa' vs expected='Zest Exclusive Hotel and Spa' (card near-text was 'Zest Exclusive Hotel and Spa otelini yeni sekmede aç', 37 candidates on page) -> score=95",2026-08-26T11:54:20Z
BOD137,Armagan Apart Hotel,Torba,google_travel,1,https://www.google.com/travel/hotels/entity?q=Armagan%20Apart%20Hotel%20Torba%20Bodrum&ved=2ahUKEwj0-O6Qnr6WAxVihXwGHSlRADcQvukIegUIAxDmAw&ts=CAEaQgokEiIKCy9nLzF0anowcGh0OhNBcm1hZ2FuIEFwYXJ0IEhvdGVsEhoSFAoHCOoPEAkYBxIHCOoPEAkYCBgBMgIIAioHCgU6A1RSWQ&rp=OAFIAg,Armagan Apart Hotel · 354 sonuç,Yeni sekmede aç,0.7917,,,False,76,REVIEW_REQUIRED,"detected='Armagan Apart Hotel · 354 sonuç' vs expected='Armagan Apart Hotel' (card near-text was 'Yeni sekmede aç', 1 candidates on page) -> score=76",2026-08-26T11:54:35Z
BOD138,Bodrum Blue Bay Otel,Torba,google_travel,1,https://www.google.com/travel/hotels/entity?q=Bodrum%20Blue%20Bay%20Otel%20Torba%20Bodrum&ved=2ahUKEwiNyfWYnr6WAxVFIwYAHTamFFoQvukIegUIAxDGAw&ts=CAEaRQonEiUKDS9nLzExejdmaGI2dzA6FEJvZHJ1bSBCbHVlIEJheSBPdGVsEhoSFAoHCOoPEAkYBxIHCOoPEAkYCBgBMgIIAioHCgU6A1RSWQ&rp=OAFIAg,Bodrum Blue Bay Otel · 490 sonuç,Yeni sekmede aç,0.8,,,False,77,REVIEW_REQUIRED,"detected='Bodrum Blue Bay Otel · 490 sonuç' vs expected='Bodrum Blue Bay Otel' (card near-text was 'Yeni sekmede aç', 1 candidates on page) -> score=77",2026-08-26T11:54:52Z
BOD139,Casa Dell'arte Otel,Torba,google_travel,1,https://www.google.com/travel/hotels/entity?q=Casa%20Dell%27arte%20Otel%20Torba%20Bodrum&ved=2ahUKEwiM95ehnr6WAxV0ZEECHXeYFCUQvukIegUIAxCNAw&ts=CAEaQgokEiIKCy9nLzF0Y3dicHRwOhNDYXNhIERlbGwnYXJ0ZSBPdGVsEhoSFAoHCOoPEAkYBxIHCOoPEAkYCBgBMgIIAioHCgU6A1RSWQ&rp=OAFIAg,Casa Dell'arte Otel · 424 sonuç,Yeni sekmede aç,0.7917,,,False,76,REVIEW_REQUIRED,"detected='Casa Dell'arte Otel · 424 sonuç' vs expected='Casa Dell'arte Otel' (card near-text was 'Yeni sekmede aç', 1 candidates on page) -> score=76",2026-08-26T11:55:09Z
BOD140,DoubleTree by Hilton Bodrum Işıl Club All-Inclusive Resort,Torba,google_travel,1,https://www.google.com/travel/hotels/entity/ChkI2-iu15q5kbcWGg0vZy8xMWpoOHgwcHY0EAE?q=DoubleTree%20by%20Hilton%20Bodrum%20I%C5%9F%C4%B1l%20Club%20All%20Inclusive%20Resort%20Torba%20Bodrum&ts=CAAaGhIYEhIKBwjqDxAJGAcSBwjqDxAJGAgyAggCKgcKBToDVFJZ&ved=2ahUKEwjUlqSpnr6WAxUQBwYAHYdwNFoQvukIegQIAxAC,DoubleTree by Hilton Bodrum Işıl Club All-Inclusive Resort,DoubleTree by Hilton Bodrum Işıl Club All-Inclusive Resort otelini yeni sekmede aç,1.0,,,False,95,FOUND_EXACT,"detected='DoubleTree by Hilton Bodrum Işıl Club All-Inclusive Resort' vs expected='DoubleTree by Hilton Bodrum Işıl Club All-Inclusive Resort' (card near-text was 'DoubleTree by Hilton Bodrum Işıl Club All-Inclusive Resort o', 37 candidates on page) -> score=95",2026-08-26T11:55:26Z
BOD141,DUJA BODRUM,Torba,google_travel,1,https://www.google.com/travel/hotels/entity?q=DUJA%20BODRUM%20Torba%20Bodrum&ved=2ahUKEwi0y_6wnr6WAxXsakECHVPSOXkQvukIegUIAxDdAw&ts=CAEaPAoeEhwKDS9nLzExZ3NiaDh0c3g6C0R1amEgQm9kcnVtEhoSFAoHCOoPEAkYBxIHCOoPEAkYCBgBMgIIAioHCgU6A1RSWQ&rp=OAFIAg,Duja Bodrum · 583 sonuç,Yeni sekmede aç,0.6875,,,False,67,REJECTED_CANDIDATE,"detected='Duja Bodrum · 583 sonuç' vs expected='DUJA BODRUM' (card near-text was 'Yeni sekmede aç', 1 candidates on page) -> score=67",2026-08-26T11:55:43Z
BOD142,Hotel Torbahan,Torba,google_travel,1,https://www.google.com/travel/hotels/entity?q=Hotel%20Torbahan%20Torba%20Bodrum&ved=2ahUKEwjnuOu4nr6WAxWpOAYAHeOJBTkQvukIegUIAxDTAw&ts=CAEaPQofEh0KCy9nLzF0ZjM0ZnRtOg5Ib3RlbCBUb3JiYWhhbhIaEhQKBwjqDxAJGAcSBwjqDxAJGAgYATICCAIqBwoFOgNUUlk&rp=OAFIAg,Hotel Torbahan · 752 sonuç,Yeni sekmede aç,0.7368,,,False,71,REVIEW_REQUIRED,"detected='Hotel Torbahan · 752 sonuç' vs expected='Hotel Torbahan' (card near-text was 'Yeni sekmede aç', 1 candidates on page) -> score=71",2026-08-26T11:55:59Z
BOD143,Hotel Zeytinada,Torba,google_travel,1,https://www.google.com/travel/hotels/entity/ChcImdeM8b6Q57UNGgsvZy8xdGs1cW5tbBAB?q=Hotel%20Zeytinada%20Torba%20Bodrum&ts=CAAaGhIYEhIKBwjqDxAJGAcSBwjqDxAJGAgyAggCKgcKBToDVFJZ&ved=2ahUKEwi9t43Fnr6WAxXABQYAHdCYLG8QvukIegQIAxAC,Hotel Zeytinada,Hotel Zeytinada otelini yeni sekmede aç,1.0,,,False,95,FOUND_EXACT,"detected='Hotel Zeytinada' vs expected='Hotel Zeytinada' (card near-text was 'Hotel Zeytinada otelini yeni sekmede aç', 35 candidates on page) -> score=95",2026-08-26T11:56:25Z
BOD144,Mira Suites,Torba,google_travel,1,https://www.google.com/travel/hotels/entity?q=Mira%20Suites%20Torba%20Bodrum&ved=2ahUKEwjk9-nRnr6WAxXmOAYAHS2aHH8QvukIegUIAxDkAw&ts=CAEaPAoeEhwKDS9nLzExZ196M3Qyeno6C01pcmEgU3VpdGVzEhoSFAoHCOoPEAkYBxIHCOoPEAkYCBgBMgIIAioHCgU6A1RSWQ&rp=OAFIAg,Mira Suites · 415 sonuç,Yeni sekmede aç,0.6875,,,False,67,REJECTED_CANDIDATE,"detected='Mira Suites · 415 sonuç' vs expected='Mira Suites' (card near-text was 'Yeni sekmede aç', 1 candidates on page) -> score=67",2026-08-26T11:56:51Z
BOD145,Moyo Luxury Hotel & Beach,Torba,google_travel,1,https://www.google.com/travel/hotels/entity/ChoI2tv28brhtZ7_ARoNL2cvMTFmZ203c2czcBAB?q=Moyo%20Luxury%20Hotel%20%26%20Beach%20Torba%20Bodrum&ved=2ahUKEwij_8Panr6WAxXmZkECHYt_Ff8QvukIegQIAxAC&ts=CAAaGhIYEhIKBwjqDxAJGAcSBwjqDxAJGAgyAggCKgIKAA&ap=KigKEgnB3J8T-YlCQBGp3NIwsHU7QBISCfB6PCqkikJAEanc0qTgdjtA,Moyo Luxury Hotel & Beach,Moyo Luxury Hotel & Beach otelini yeni sekmede aç,1.0,,,False,95,FOUND_EXACT,"detected='Moyo Luxury Hotel & Beach' vs expected='Moyo Luxury Hotel & Beach' (card near-text was 'Moyo Luxury Hotel & Beach otelini yeni sekmede aç', 37 candidates on page) -> score=95",2026-08-26T11:57:10Z
BOD146,Olivia Hotel,Torba,google_travel,1,https://www.google.com/travel/hotels/entity/ChgI5pTP-e-O0PtIGgwvZy8xaGM3a3IzcHQQAQ?q=Olivia%20Hotel%20Torba%20Bodrum&ved=2ahUKEwjpiIXinr6WAxXYLAYAHQiYBaYQvukIegQIAxAC&ts=CAAaGhIYEhIKBwjqDxAJGAcSBwjqDxAJGAgyAggCKgcKBToDVFJZ,Olivia Hotel,Olivia Hotel otelini yeni sekmede aç,1.0,,,False,95,FOUND_EXACT,"detected='Olivia Hotel' vs expected='Olivia Hotel' (card near-text was 'Olivia Hotel otelini yeni sekmede aç', 37 candidates on page) -> score=95",2026-08-26T11:57:25Z
BOD147,Omar Hotel & Suites,Torba,google_travel,1,https://www.google.com/travel/hotels/entity/ChgInsrCgN2-jv2xARoLL2cvMXRmaHZfNzMQAQ?q=Omar%20Hotel%20%26%20Suites%20Torba%20Bodrum&ts=CAAaGhIYEhIKBwjqDxAJGAcSBwjqDxAJGAgyAggCKgcKBToDVFJZ&ved=2ahUKEwiV36zpnr6WAxWiOQYAHYDAHI4QvukIegQIAxAC,Omar Hotel & Suites,Omar Hotel & Suites otelini yeni sekmede aç,1.0,,,False,95,FOUND_EXACT,"detected='Omar Hotel & Suites' vs expected='Omar Hotel & Suites' (card near-text was 'Omar Hotel & Suites otelini yeni sekmede aç', 37 candidates on page) -> score=95",2026-08-26T11:57:41Z
BOD148,Rixos Premium Bodrum,Torba,google_travel,1,https://www.google.com/travel/hotels/entity/ChgIs66GzsSM5PSHARoLL2cvMXR4MTJwZDMQAQ?q=Rixos%20Premium%20Bodrum%20Torba%20Bodrum&ved=2ahUKEwiIsdX1nr6WAxV2YkECHUKPNxIQvukIegQIAxAC&ts=CAAaGhIYEhIKBwjqDxAJGAcSBwjqDxAJGAgyAggCKgIKAA,Rixos Premium Bodrum,Rixos Premium Bodrum otelini yeni sekmede aç,1.0,,,False,95,FOUND_EXACT,"detected='Rixos Premium Bodrum' vs expected='Rixos Premium Bodrum' (card near-text was 'Rixos Premium Bodrum otelini yeni sekmede aç', 37 candidates on page) -> score=95",2026-08-26T11:58:07Z
BOD149,Roota Bodrum,Torba,google_travel,1,https://www.google.com/travel/hotels/entity?q=Roota%20Bodrum%20Torba%20Bodrum&ved=2ahUKEwj1-Nb8nr6WAxXjhnwGHTfBHPUQvukIegUIAxDZAw&ts=CAEaPQofEh0KDS9nLzExbnFtNDlqM2M6DFJvb3RhIEJvZHJ1bRIaEhQKBwjqDxAJGAcSBwjqDxAJGAgYATICCAIqBwoFOgNUUlk&rp=OAFIAg,Roota Bodrum · 424 sonuç,Yeni sekmede aç,0.7059,,,False,69,REJECTED_CANDIDATE,"detected='Roota Bodrum · 424 sonuç' vs expected='Roota Bodrum' (card near-text was 'Yeni sekmede aç', 1 candidates on page) -> score=69",2026-08-26T11:58:21Z
BOD150,Samara Hotel,Torba,google_travel,1,https://www.google.com/travel/hotels/entity/ChgI1qjkw_2X2LexARoLL2cvMXZxdDJicDUQAQ?q=Samara%20Hotel%20Torba%20Bodrum&ts=CAAaGhIYEhIKBwjqDxAJGAcSBwjqDxAJGAgyAggCKgcKBToDVFJZ&ved=2ahUKEwjp9qKNn76WAxXIKwYAHZBnFE8QvukIegQIAxAC,Samara Hotel,Samara Hotel otelini yeni sekmede aç,1.0,,,False,95,FOUND_EXACT,"detected='Samara Hotel' vs expected='Samara Hotel' (card near-text was 'Samara Hotel otelini yeni sekmede aç', 37 candidates on page) -> score=95",2026-08-26T11:58:56Z
BOD151,Sarpedor Boutique Hotel & SPA,Torba,google_travel,1,https://www.google.com/travel/hotels/entity?q=Sarpedor%20Boutique%20Hotel%20%26%20SPA%20Torba%20Bodrum&ved=2ahUKEwjIz_WXn76WAxUNekECHUexF4UQvukIegUIAxDXAw&ts=CAEaTgowEi4KDS9nLzExYjZkcWg0dDg6HVNhcnBlZG9yIEJvdXRpcXVlIEhvdGVsICYgU3BhEhoSFAoHCOoPEAkYBxIHCOoPEAkYCBgBMgIIAioHCgU6A1RSWQ&rp=OAFIAg,Sarpedor Boutique Hotel & Spa · 614 sonuç,Yeni sekmede aç,0.8438,,,False,81,REVIEW_REQUIRED,"detected='Sarpedor Boutique Hotel & Spa · 614 sonuç' vs expected='Sarpedor Boutique Hotel & SPA' (card near-text was 'Yeni sekmede aç', 1 candidates on page) -> score=81",2026-08-26T11:59:18Z
BOD152,"Susona Bodrum, LXR Hotels & Resorts",Torba,google_travel,1,https://www.google.com/travel/hotels/entity/ChkIgfXTtKuLypd6Gg0vZy8xMWZ0eGs5bng1EAE?q=Susona%20Bodrum%2C%20LXR%20Hotels%20%26%20Resorts%20Torba%20Bodrum&ved=2ahUKEwjlpcWgn76WAxVEi3wGHT5JC3YQvukIegQIAxAC&ts=CAAaGhIYEhIKBwjqDxAJGAcSBwjqDxAJGAgyAggCKgcKBToDVFJZ,"Susona Bodrum, LXR Hotels & Resorts","Susona Bodrum, LXR Hotels & Resorts otelini yeni sekmede aç",1.0,,,False,95,FOUND_EXACT,"detected='Susona Bodrum, LXR Hotels & Resorts' vs expected='Susona Bodrum, LXR Hotels & Resorts' (card near-text was 'Susona Bodrum, LXR Hotels & Resorts otelini yeni sekmede aç', 37 candidates on page) -> score=95",2026-08-26T11:59:36Z
BOD153,The Oba Hotel,Torba,google_travel,1,https://www.google.com/travel/hotels/entity/ChkIwJfY9v-yi5BTGg0vZy8xMWw0bXpnNHpsEAE?q=The%20Oba%20Hotel%20Torba%20Bodrum&ts=CAAaGhIYEhIKBwjqDxAJGAcSBwjqDxAJGAgyAggCKgcKBToDVFJZ&ved=2ahUKEwjI19Wnn76WAxWJOQYAHSpSBBkQvukIegQIAxAC,The Oba Hotel,The Oba Hotel otelini yeni sekmede aç,1.0,,,False,95,FOUND_EXACT,"detected='The Oba Hotel' vs expected='The Oba Hotel' (card near-text was 'The Oba Hotel otelini yeni sekmede aç', 37 candidates on page) -> score=95",2026-08-26T11:59:51Z
BOD154,Toka Bodrum Hotel & Beach Club,Torba,google_travel,1,https://www.google.com/travel/hotels/entity?q=Toka%20Bodrum%20Hotel%20%26%20Beach%20Club%20Torba%20Bodrum&ved=2ahUKEwj5tc-vn76WAxVqnXwGHSYTEmcQvukIegUIAxDSAw&ts=CAEaTwoxEi8KDS9nLzExcXlnMTF0bWg6HlRva2EgQm9kcnVtIEhvdGVsICYgQmVhY2ggQ2x1YhIaEhQKBwjqDxAJGAcSBwjqDxAJGAgYATICCAIqBwoFOgNUUlk&rp=OAFIAg,Toka Bodrum Hotel & Beach Club · 424 sonuç,Yeni sekmede aç,0.8485,,,False,81,REVIEW_REQUIRED,"detected='Toka Bodrum Hotel & Beach Club · 424 sonuç' vs expected='Toka Bodrum Hotel & Beach Club' (card near-text was 'Yeni sekmede aç', 1 candidates on page) -> score=81",2026-08-26T12:00:08Z
BOD155,Trend Life | Trendlife Hotels & Beach Club Bodrum Torba,Torba,google_travel,1,https://www.google.com/travel/hotels/entity/ChoI14f077b98uyAARoNL2cvMTFzeTNsbjZ4NRAB?q=Trend%20Life%20%7C%20Trendlife%20Hotels%20%26%20Beach%20Club%20Bodrum%20Torba%20Torba%20Bodrum&ved=2ahUKEwjO9r63n76WAxUECAYAHZ-9D3cQvukIegQIAxAC&ts=CAAaGhIYEhIKBwjqDxAJGAcSBwjqDxAJGAgyAggCKgIKAA,Trend Life | Trendlife Hotels & Beach Club Bodrum Torba,Trend Life | Trendlife Hotels & Beach Club Bodrum Torba otelini yeni sekmede aç,1.0,,,False,95,FOUND_EXACT,"detected='Trend Life | Trendlife Hotels & Beach Club Bodrum Torba' vs expected='Trend Life | Trendlife Hotels & Beach Club Bodrum Torba' (card near-text was 'Trend Life | Trendlife Hotels & Beach Club Bodrum Torba otel', 37 candidates on page) -> score=95",2026-08-26T12:00:25Z
BOD156,Voyage Torba,Torba,google_travel,1,https://www.google.com/travel/hotels/entity/ChkIpfq3j7GzsqYDGg0vZy8xMXR0MHlzeHFoEAE?q=Voyage%20Torba%20Torba%20Bodrum&ts=CAAaGhIYEhIKBwjqDxAJGAcSBwjqDxAJGAgyAggCKgcKBToDVFJZ&ved=2ahUKEwi1_8u-n76WAxV9QEECHTAXHqwQvukIegQIAxAC,Voyage Torba,Voyage Torba otelini yeni sekmede aç,1.0,,,False,95,FOUND_EXACT,"detected='Voyage Torba' vs expected='Voyage Torba' (card near-text was 'Voyage Torba otelini yeni sekmede aç', 37 candidates on page) -> score=95",2026-08-26T12:00:39Z
BOD157,Voyage Torba Private,Torba,google_travel,1,https://www.google.com/travel/hotels/entity?q=Voyage%20Torba%20Private%20Torba%20Bodrum&ved=2ahUKEwjGuM3Hn76WAxWdpHwGHWTRKboQvukIegUIAxC_Aw&ts=CAEaQwolEiMKCy9nLzF0Y3ZmZGM0OhRWb3lhZ2UgVG9yYmEgUHJpdmF0ZRIaEhQKBwjqDxAJGAcSBwjqDxAJGAgYATICCAIqBwoFOgNUUlk&rp=OAFIAg,Voyage Torba Private · 490 sonuç,Yeni sekmede aç,0.8,,,False,77,REVIEW_REQUIRED,"detected='Voyage Torba Private · 490 sonuç' vs expected='Voyage Torba Private' (card near-text was 'Yeni sekmede aç', 1 candidates on page) -> score=77",2026-08-26T12:00:58Z
BOD158,Arin Resort Bodrum,Turgutreis,google_travel,1,https://www.google.com/travel/hotels/entity?q=Arin%20Resort%20Bodrum%20Turgutreis%20Bodrum&ved=2ahUKEwi28I3Vn76WAxW6VEECHeWWCxsQvukIegUIAxCxAw&ts=CAEaQwolEiMKDS9nLzExc2N2NjY2ZGM6EkFyaW4gUmVzb3J0IEJvZHJ1bRIaEhQKBwjqDxAJGAcSBwjqDxAJGAgYATICCAIqBwoFOgNUUlk&rp=OAFIAg,Arin Resort Bodrum · 253 sonuç,Yeni sekmede aç,0.7826,,,False,75,REVIEW_REQUIRED,"detected='Arin Resort Bodrum · 253 sonuç' vs expected='Arin Resort Bodrum' (card near-text was 'Yeni sekmede aç', 1 candidates on page) -> score=75",2026-08-26T12:01:27Z
BOD159,Bodrum Ada Otel Turgutreis,Turgutreis,google_travel,1,https://www.google.com/travel/hotels/entity?q=Bodrum%20Ada%20Otel%20Turgutreis%20Turgutreis%20Bodrum&ved=2ahUKEwikzdndn76WAxXiZUECHTRWBH8QvukIegUIAxCSAw&ts=CAEaSwotEisKDS9nLzExdndqeHd5X2s6GkJvZHJ1bSBBZGEgT3RlbCBUdXJndXRyZWlzEhoSFAoHCOoPEAkYBxIHCOoPEAkYCBgBMgIIAioHCgU6A1RSWQ&rp=OAFIAg,Bodrum Ada Otel Turgutreis · 260 sonuç,Yeni sekmede aç,0.8387,,,False,80,REVIEW_REQUIRED,"detected='Bodrum Ada Otel Turgutreis · 260 sonuç' vs expected='Bodrum Ada Otel Turgutreis' (card near-text was 'Yeni sekmede aç', 1 candidates on page) -> score=80",2026-08-26T12:01:45Z
BOD160,La Blanche Resort Bodrum,Turgutreis,google_travel,1,https://www.google.com/travel/hotels/entity?q=La%20Blanche%20Resort%20Bodrum%20Turgutreis%20Bodrum&ved=2ahUKEwj3_pDnn76WAxVVNwYAHY19C3kQvukIegUIAxCqAw&ts=CAEaRwopEicKCy9nLzF0Y3ZsbDZkOhhMYSBCbGFuY2hlIFJlc29ydCBCb2RydW0SGhIUCgcI6g8QCRgHEgcI6g8QCRgIGAEyAggCKgcKBToDVFJZ&rp=OAFIAg,La Blanche Resort Bodrum · 258 sonuç,Yeni sekmede aç,0.8276,,,False,79,REVIEW_REQUIRED,"detected='La Blanche Resort Bodrum · 258 sonuç' vs expected='La Blanche Resort Bodrum' (card near-text was 'Yeni sekmede aç', 1 candidates on page) -> score=79",2026-08-26T12:02:05Z
BOD161,MyElla Hotel Resort & Spa,Turgutreis,google_travel,1,https://www.google.com/travel/hotels/entity/ChoI-9CC1ZPs0P69ARoNL2cvMTFzejNyYm12ZhAB?q=MyElla%20Hotel%20Resort%20%26%20Spa%20Turgutreis%20Bodrum&ved=2ahUKEwjZ_MLvn76WAxVoh3wGHUiKCLMQvukIegQIAxAC&ts=CAAaGhIYEhIKBwjqDxAJGAcSBwjqDxAJGAgyAggCKgIKAA,MyElla Hotel Resort & Spa,MyElla Hotel Resort & Spa otelini yeni sekmede aç,1.0,,,False,95,FOUND_EXACT,"detected='MyElla Hotel Resort & Spa' vs expected='MyElla Hotel Resort & Spa' (card near-text was 'MyElla Hotel Resort & Spa otelini yeni sekmede aç', 37 candidates on page) -> score=95",2026-08-26T12:02:22Z
BOD162,Rammos Managed by Dedeman,Turgutreis,google_travel,1,https://www.google.com/travel/hotels/entity/ChkIlKDmk5L7uYMzGg0vZy8xMXN3cGg2cWZ4EAE?q=Rammos%20Managed%20by%20Dedeman%20Turgutreis%20Bodrum&ved=2ahUKEwit3Nb2n76WAxVKRUECHfWaGioQvukIegQIAxAC&ts=CAAaGhIYEhIKBwjqDxAJGAcSBwjqDxAJGAgyAggCKgcKBToDVFJZ,Rammos Managed by Dedeman,Rammos Managed by Dedeman otelini yeni sekmede aç,1.0,,,False,95,FOUND_EXACT,"detected='Rammos Managed by Dedeman' vs expected='Rammos Managed by Dedeman' (card near-text was 'Rammos Managed by Dedeman otelini yeni sekmede aç', 33 candidates on page) -> score=95",2026-08-26T12:02:37Z
BOD163,Sundance Resort,Turgutreis,google_travel,1,https://www.google.com/travel/hotels/entity?q=Sundance%20Resort%20Turgutreis%20Bodrum&ved=2ahUKEwi0stv-n76WAxWvoHwGHSu_GAkQvukIegUIAxCyAw&ts=CAEaPgogEh4KCy9nLzF2ZDN4X2RuOg9TdW5kYW5jZSBSZXNvcnQSGhIUCgcI6g8QCRgHEgcI6g8QCRgIGAEyAggCKgcKBToDVFJZ&rp=OAFIAg,Sundance Resort · 253 sonuç,Yeni sekmede aç,0.75,,,False,73,REVIEW_REQUIRED,"detected='Sundance Resort · 253 sonuç' vs expected='Sundance Resort' (card near-text was 'Yeni sekmede aç', 1 candidates on page) -> score=73",2026-08-26T12:02:54Z
BOD164,Swissôtel Resort Bodrum Sahili,Turgutreis,google_travel,1,https://www.google.com/travel/hotels/entity?q=Swiss%C3%B4tel%20Resort%20Bodrum%20Sahili%20Turgutreis%20Bodrum&ved=2ahUKEwjX18iGoL6WAxWlHAYAHdtZCdoQvukIegQIAxBV&ts=CAEaUAoyEjAKDS9nLzExYnR2NjU1ejM6H1N3aXNzw7R0ZWwgUmVzb3J0IEJvZHJ1bSBTYWhpbGkSGhIUCgcI6g8QCRgHEgcI6g8QCRgIGAEyAggCKgwKCjoDVFJZQgMSASA&rp=OAFIAg,Swissôtel Resort Bodrum Sahili · 1 sonuç,Yeni sekmede aç,0.8824,,,False,84,REVIEW_REQUIRED,"detected='Swissôtel Resort Bodrum Sahili · 1 sonuç' vs expected='Swissôtel Resort Bodrum Sahili' (card near-text was 'Yeni sekmede aç', 1 candidates on page) -> score=84",2026-08-26T12:03:10Z
BOD165,Caja by Maxx Royal,Türkbükü,google_travel,1,https://www.google.com/travel/hotels/entity?q=Caja%20by%20Maxx%20Royal%20T%C3%BCrkb%C3%BCk%C3%BC%20Bodrum&ved=2ahUKEwi0pqaNoL6WAxUQBwYAHYdwNFoQvukIegUIAxDAAw&ts=CAEaQwolEiMKDS9nLzExcnlxMGs5aF86EkNhamEgQnkgTWF4eCBSb3lhbBIaEhQKBwjqDxAJGAcSBwjqDxAJGAgYATICCAIqBwoFOgNUUlk&rp=OAFIAg,Caja By Maxx Royal · 202 sonuç,Yeni sekmede aç,0.7826,,,False,75,REVIEW_REQUIRED,"detected='Caja By Maxx Royal · 202 sonuç' vs expected='Caja by Maxx Royal' (card near-text was 'Yeni sekmede aç', 1 candidates on page) -> score=75",2026-08-26T12:03:25Z
BOD166,Divan Bodrum,Türkbükü,google_travel,1,https://www.google.com/travel/hotels/entity/ChcIk-_DgJbv8fJLGgsvZy8xdGQwal95YhAB?q=Divan%20Bodrum%20T%C3%BCrkb%C3%BCk%C3%BC%20Bodrum&ts=CAAaGhIYEhIKBwjqDxAJGAcSBwjqDxAJGAgyAggCKgcKBToDVFJZ&ved=2ahUKEwih_sCZoL6WAxXsakECHVPSOXkQvukIegQIAxAC,Divan Bodrum,Divan Bodrum otelini yeni sekmede aç,1.0,,,False,95,FOUND_EXACT,"detected='Divan Bodrum' vs expected='Divan Bodrum' (card near-text was 'Divan Bodrum otelini yeni sekmede aç', 37 candidates on page) -> score=95",2026-08-26T12:03:50Z
BOD167,Elista Hotel & Spa,Türkbükü,google_travel,1,https://www.google.com/travel/hotels/entity/ChkIrvDMk_Pn0fkFGg0vZy8xMWRmdjVkcXBiEAE?q=Elista%20Hotel%20%26%20Spa%20T%C3%BCrkb%C3%BCk%C3%BC%20Bodrum&ts=CAAaGhIYEhIKBwjqDxAJGAcSBwjqDxAJGAgyAggCKgcKBToDVFJZ&ved=2ahUKEwiimKWhoL6WAxVKRUECHfWaGioQvukIegQIAxAC,Elista Hotel & Spa,Elista Hotel & Spa otelini yeni sekmede aç,1.0,,,False,95,FOUND_EXACT,"detected='Elista Hotel & Spa' vs expected='Elista Hotel & Spa' (card near-text was 'Elista Hotel & Spa otelini yeni sekmede aç', 37 candidates on page) -> score=95",2026-08-26T12:04:06Z
BOD168,Kuum Hotel & SPA Bodrum,Türkbükü,google_travel,1,https://www.google.com/travel/hotels/entity/ChgIufGG67rR0566ARoLL2cvMXdmcDYyN2sQAQ?q=Kuum%20Hotel%20%26%20SPA%20Bodrum%20T%C3%BCrkb%C3%BCk%C3%BC%20Bodrum&ts=CAAaGhIYEhIKBwjqDxAJGAcSBwjqDxAJGAgyAggCKgcKBToDVFJZ&ved=2ahUKEwiw38-ooL6WAxWvoHwGHSu_GAkQvukIegQIAxAC,Kuum Hotel & SPA Bodrum,Kuum Hotel & SPA Bodrum otelini yeni sekmede aç,1.0,,,False,95,FOUND_EXACT,"detected='Kuum Hotel & SPA Bodrum' vs expected='Kuum Hotel & SPA Bodrum' (card near-text was 'Kuum Hotel & SPA Bodrum otelini yeni sekmede aç', 37 candidates on page) -> score=95",2026-08-26T12:04:22Z
BOD169,MACAKIZI BODRUM,Türkbükü,google_travel,1,https://www.google.com/travel/hotels/entity/ChgIvOfB4Iu2jbDJARoLL2cvMXRoaDRyajgQAQ?q=MACAKIZI%20BODRUM%20T%C3%BCrkb%C3%BCk%C3%BC%20Bodrum&ved=2ahUKEwjZ0qaxoL6WAxVjg3wGHQE6LnYQvukIegQIAxAC&ts=CAAaGhIYEhIKBwjqDxAJGAcSBwjqDxAJGAgyAggCKgIKAA,MACAKIZI BODRUM,MACAKIZI BODRUM otelini yeni sekmede aç,1.0,,,False,95,FOUND_EXACT,"detected='MACAKIZI BODRUM' vs expected='MACAKIZI BODRUM' (card near-text was 'MACAKIZI BODRUM otelini yeni sekmede aç', 37 candidates on page) -> score=95",2026-08-26T12:04:40Z
BOD170,No:81 Hotel,Türkbükü,google_travel,1,https://www.google.com/travel/hotels/entity?q=No%3A81%20Hotel%20T%C3%BCrkb%C3%BCk%C3%BC%20Bodrum&ved=2ahUKEwjM6dS5oL6WAxUrBQYAHeURI20QvukIegUIAxC-Aw&ts=CAEaPAoeEhwKDS9nLzExYjd2ejQ0MzQ6C05vOjgxIEhvdGVsEhoSFAoHCOoPEAkYBxIHCOoPEAkYCBgBMgIIAioHCgU6A1RSWQ&rp=OAFIAg,No:81 Hotel · 193 sonuç,Yeni sekmede aç,0.6875,,,False,67,REJECTED_CANDIDATE,"detected='No:81 Hotel · 193 sonuç' vs expected='No:81 Hotel' (card near-text was 'Yeni sekmede aç', 1 candidates on page) -> score=67",2026-08-26T12:04:58Z
BOD171,4 reasons Hotel Yalikavak,Yalıkavak,google_travel,1,https://www.google.com/travel/hotels/entity/ChgI_N-CvdDJqZ-AARoLL2cvMXY4NXc1NzAQAQ?q=4%20reasons%20Hotel%20Yalikavak%20Yal%C4%B1kavak%20Bodrum&ts=CAAaGhIYEhIKBwjqDxAJGAcSBwjqDxAJGAgyAggCKgcKBToDVFJZ&ved=2ahUKEwiv_NzBoL6WAxXQOAYAHd-5JVkQvukIegQIAxAC,4 reasons Hotel Yalikavak,4 reasons Hotel Yalikavak otelini yeni sekmede aç,1.0,,,False,95,FOUND_EXACT,"detected='4 reasons Hotel Yalikavak' vs expected='4 reasons Hotel Yalikavak' (card near-text was '4 reasons Hotel Yalikavak otelini yeni sekmede aç', 37 candidates on page) -> score=95",2026-08-26T12:05:14Z
BOD172,Ailla Yalıkavak,Yalıkavak,google_travel,1,https://www.google.com/travel/hotels/entity?q=Ailla%20Yal%C4%B1kavak%20Yal%C4%B1kavak%20Bodrum&ved=2ahUKEwjesqfJoL6WAxVRe0ECHVDNCIwQvukIegUIAxDlAw&ts=CAEaOwodEhsKDS9nLzExa3JudnEyMzA6CllhbMSxa2F2YWsSGhIUCgcI6g8QCRgHEgcI6g8QCRgIGAEyAggCKgcKBToDVFJZ&rp=OAFIAg,Yalıkavak · 396 sonuç,Yeni sekmede aç,0.5294,,,False,53,REJECTED_CANDIDATE,"detected='Yalıkavak · 396 sonuç' vs expected='Ailla Yalıkavak' (card near-text was 'Yeni sekmede aç', 1 candidates on page) -> score=53",2026-08-26T12:05:30Z
BOD173,Allium Bodrum Resort & Spa,Yalıkavak,google_travel,1,https://www.google.com/travel/hotels/entity?q=Allium%20Bodrum%20Resort%20%26%20Spa%20Yal%C4%B1kavak%20Bodrum&ved=2ahUKEwiJ8czRoL6WAxVWYEECHQU4LhQQvukIegUIAxDfAw&ts=CAEaOwodEhsKDS9nLzExYzZzYm04ZDI6CllhbMSxa2F2YWsSGhIUCgcI6g8QCRgHEgcI6g8QCRgIGAEyAggCKgcKBToDVFJZ&rp=OAFIAg,Allium Bodrum Resort & Spa · 442 sonuç,Yeni sekmede aç,0.8276,,,False,79,REVIEW_REQUIRED,"detected='Allium Bodrum Resort & Spa · 442 sonuç' vs expected='Allium Bodrum Resort & Spa' (card near-text was 'Yeni sekmede aç', 1 candidates on page) -> score=79",2026-08-26T12:05:48Z
BOD174,Arts Hotel Bodrum Yalıkavak,Yalıkavak,google_travel,1,https://www.google.com/travel/hotels/entity?q=Arts%20Hotel%20Bodrum%20Yal%C4%B1kavak%20Yal%C4%B1kavak%20Bodrum&ved=2ahUKEwjeguTZoL6WAxXQcEECHZd4EEwQvukIegUIAxDLAw&ts=CAEaOwodEhsKDS9nLzExaDZrMzF0cjE6CllhbMSxa2F2YWsSGhIUCgcI6g8QCRgHEgcI6g8QCRgIGAEyAggCKgcKBToDVFJZ&rp=OAFIAg,Arts Hotel Bodrum Yalıkavak · 114 sonuç,Yeni sekmede aç,0.8438,,,False,81,REVIEW_REQUIRED,"detected='Arts Hotel Bodrum Yalıkavak · 114 sonuç' vs expected='Arts Hotel Bodrum Yalıkavak' (card near-text was 'Yeni sekmede aç', 1 candidates on page) -> score=81",2026-08-26T12:06:05Z
BOD175,Avantgarde Refined Hotel | Yalıkavak,Yalıkavak,google_travel,1,https://www.google.com/travel/hotels/entity?q=Avantgarde%20Refined%20Hotel%20%7C%20Yal%C4%B1kavak%20Yal%C4%B1kavak%20Bodrum&ved=2ahUKEwjGpOfhoL6WAxX_lHwGHRXjCUkQvukIegUIAxD0Aw&ts=CAEaVQo3EjUKDC9nLzFqZ20wN3NudjolQXZhbnRnYXJkZSBSZWZpbmVkIEhvdGVsIHwgWWFsxLFrYXZhaxIaEhQKBwjqDxAJGAcSBwjqDxAJGAgYATICCAIqBwoFOgNUUlk&rp=OAFIAg,Avantgarde Refined Hotel | Yalıkavak · 301 sonuç,Yeni sekmede aç,0.8718,,,False,83,REVIEW_REQUIRED,"detected='Avantgarde Refined Hotel | Yalıkavak · 301 sonuç' vs expected='Avantgarde Refined Hotel | Yalıkavak' (card near-text was 'Yeni sekmede aç', 1 candidates on page) -> score=83",2026-08-26T12:06:22Z
BOD176,Blue Point Yalikavak,Yalıkavak,google_travel,1,https://www.google.com/travel/hotels/entity?q=Blue%20Point%20Yalikavak%20Yal%C4%B1kavak%20Bodrum&ved=2ahUKEwjUuvzpoL6WAxUQBwYAHYdwNFoQvukIegUIAxDeAw&ts=CAEaOwodEhsKDS9nLzExdHgwM3J5cmc6CllhbMSxa2F2YWsSGhIUCgcI6g8QCRgHEgcI6g8QCRgIGAEyAggCKgcKBToDVFJZ&rp=OAFIAg,Blue Point Yalikavak · 294 sonuç,Yeni sekmede aç,0.8,,,False,77,REVIEW_REQUIRED,"detected='Blue Point Yalikavak · 294 sonuç' vs expected='Blue Point Yalikavak' (card near-text was 'Yeni sekmede aç', 1 candidates on page) -> score=77",2026-08-26T12:06:39Z
BOD177,Delta Hotels By Marriott Bodrum,Yalıkavak,google_travel,1,https://www.google.com/travel/hotels/entity?q=Delta%20Hotels%20By%20Marriott%20Bodrum%20Yal%C4%B1kavak%20Bodrum&ved=2ahUKEwi2tqDyoL6WAxXQOAYAHd-5JVkQvukIegUIAxDdAw&ts=CAEaOQobEhkKCy9nLzF0Y3RqMnczOgpZYWzEsWthdmFrEhoSFAoHCOoPEAkYBxIHCOoPEAkYCBgBMgIIAioHCgU6A1RSWQ&rp=OAFIAg,Delta Hotels By Marriott Bodrum · 116 sonuç,Yeni sekmede aç,0.8611,,,False,83,REVIEW_REQUIRED,"detected='Delta Hotels By Marriott Bodrum · 116 sonuç' vs expected='Delta Hotels By Marriott Bodrum' (card near-text was 'Yeni sekmede aç', 1 candidates on page) -> score=83",2026-08-26T12:06:56Z
BOD178,Highlight Hotel Yalıkavak,Yalıkavak,google_travel,1,https://www.google.com/travel/hotels/entity?q=Highlight%20Hotel%20Yal%C4%B1kavak%20Yal%C4%B1kavak%20Bodrum&ved=2ahUKEwikouT8oL6WAxWiOQYAHYDAHI4QvukIegUIAxDaAw&ts=CAEaOQobEhkKCy9nLzF0ZjhoX3RtOgpZYWzEsWthdmFrEhoSFAoHCOoPEAkYBxIHCOoPEAkYCBgBMgIIAioHCgU6A1RSWQ&rp=OAFIAg,Highlight Hotel Yalıkavak · 311 sonuç,Yeni sekmede aç,0.8333,,,False,80,REVIEW_REQUIRED,"detected='Highlight Hotel Yalıkavak · 311 sonuç' vs expected='Highlight Hotel Yalıkavak' (card near-text was 'Yeni sekmede aç', 1 candidates on page) -> score=80",2026-08-26T12:07:18Z
BOD179,Lizbonia Otel Yalikavak,Yalıkavak,google_travel,1,https://www.google.com/travel/hotels/entity?q=Lizbonia%20Otel%20Yalikavak%20Yal%C4%B1kavak%20Bodrum&ved=2ahUKEwiSwIOFob6WAxVihXwGHSlRADcQvukIegUIAxDeAw&ts=CAEaOwodEhsKDS9nLzExdnh5M2tqY3Q6CllhbMSxa2F2YWsSGhIUCgcI6g8QCRgHEgcI6g8QCRgIGAEyAggCKgcKBToDVFJZ&rp=OAFIAg,Lizbonia Otel Yalikavak · 298 sonuç,Yeni sekmede aç,0.8214,,,False,79,REVIEW_REQUIRED,"detected='Lizbonia Otel Yalikavak · 298 sonuç' vs expected='Lizbonia Otel Yalikavak' (card near-text was 'Yeni sekmede aç', 1 candidates on page) -> score=79",2026-08-26T12:07:36Z
BOD180,MGallery The Bodrum Hotel Yalıkavak,Yalıkavak,google_travel,1,https://www.google.com/travel/hotels/entity/ChkI0Y20zKuUsdcQGg0vZy8xMXEycDg1OXQ1EAE?q=MGallery%20The%20Bodrum%20Hotel%20Yal%C4%B1kavak%20Yal%C4%B1kavak%20Bodrum&ts=CAAaGhIYEhIKBwjqDxAJGAcSBwjqDxAJGAgyAggCKgcKBToDVFJZ&ved=2ahUKEwji8viMob6WAxURd0ECHczVJfEQvukIegQIAxAC,MGallery The Bodrum Hotel Yalıkavak,MGallery The Bodrum Hotel Yalıkavak otelini yeni sekmede aç,1.0,,,False,95,FOUND_EXACT,"detected='MGallery The Bodrum Hotel Yalıkavak' vs expected='MGallery The Bodrum Hotel Yalıkavak' (card near-text was 'MGallery The Bodrum Hotel Yalıkavak otelini yeni sekmede aç', 37 candidates on page) -> score=95",2026-08-26T12:07:52Z
BOD181,Palmalife Bodrum Resort & Spa,Yalıkavak,google_travel,1,https://www.google.com/travel/hotels/entity?q=Palmalife%20Bodrum%20Resort%20%26%20Spa%20Yal%C4%B1kavak%20Bodrum&ved=2ahUKEwjr4dOUob6WAxX_lHwGHRXjCUkQvukIegUIAxDcAw&ts=CAEaTgowEi4KDS9nLzExYnR2NmJuZF86HVBhbG1hbGlmZSBCb2RydW0gUmVzb3J0ICYgU3BhEhoSFAoHCOoPEAkYBxIHCOoPEAkYCBgBMgIIAioHCgU6A1RSWQ&rp=OAFIAg,Palmalife Bodrum Resort & Spa · 271 sonuç,Yeni sekmede aç,0.8438,,,False,81,REVIEW_REQUIRED,"detected='Palmalife Bodrum Resort & Spa · 271 sonuç' vs expected='Palmalife Bodrum Resort & Spa' (card near-text was 'Yeni sekmede aç', 1 candidates on page) -> score=81",2026-08-26T12:08:08Z
BOD182,Root Redrock Villas Yalıkavak - Bodrum,Yalıkavak,google_travel,1,https://www.google.com/travel/hotels/entity?q=Root%20Redrock%20Villas%20Yal%C4%B1kavak%20%20%20Bodrum%20Yal%C4%B1kavak%20Bodrum&ved=2ahUKEwj0tNacob6WAxVmR0ECHXT_FSMQvukIegUIAxDNAw&ts=CAEaWAo6EjgKDS9nLzExajc0Z3R5eHk6J1Jvb3QgUmVkcm9jayBWaWxsYXMgWWFsxLFrYXZhayAtIEJvZHJ1bRIaEhQKBwjqDxAJGAcSBwjqDxAJGAgYATICCAIqBwoFOgNUUlk&rp=OAFIAg,Root Redrock Villas Yalıkavak - Bodrum · 115 sonuç,Yeni sekmede aç,0.878,,,False,84,REVIEW_REQUIRED,"detected='Root Redrock Villas Yalıkavak - Bodrum · 115 sonuç' vs expected='Root Redrock Villas Yalıkavak - Bodrum' (card near-text was 'Yeni sekmede aç', 1 candidates on page) -> score=84",2026-08-26T12:08:25Z
BOD183,Ruins Luxury Resort,Yalıkavak,google_travel,1,https://www.google.com/travel/hotels/entity?q=Ruins%20Luxury%20Resort%20Yal%C4%B1kavak%20Bodrum&ved=2ahUKEwiitO2nob6WAxUsdUECHfFDK1cQvukIegUIAxDaAw&ts=CAEaOwodEhsKDS9nLzExdDE3bWMyNGI6CllhbMSxa2F2YWsSGhIUCgcI6g8QCRgHEgcI6g8QCRgIGAEyAggCKgcKBToDVFJZ&rp=OAFIAg,Ruins Luxury Resort · 115 sonuç,Yeni sekmede aç,0.7917,,,False,76,REVIEW_REQUIRED,"detected='Ruins Luxury Resort · 115 sonuç' vs expected='Ruins Luxury Resort' (card near-text was 'Yeni sekmede aç', 1 candidates on page) -> score=76",2026-08-26T12:08:49Z
BOD184,Sea Palm Otel -YALIKAVAK,Yalıkavak,google_travel,1,https://www.google.com/travel/hotels/entity?q=Sea%20Palm%20Otel%20%20YALIKAVAK%20Yal%C4%B1kavak%20Bodrum&ved=2ahUKEwj1xf-vob6WAxXSBwYAHacmEY0QvukIegUIAxDRAw&ts=CAEaOwodEhsKDS9nLzExamswN21ucWo6CllhbMSxa2F2YWsSGhIUCgcI6g8QCRgHEgcI6g8QCRgIGAEyAggCKgcKBToDVFJZ&rp=OAFIAg,Sea Palm Otel -Yalıkavak · 294 sonuç,Yeni sekmede aç,0.8214,,,False,79,REVIEW_REQUIRED,"detected='Sea Palm Otel -Yalıkavak · 294 sonuç' vs expected='Sea Palm Otel -YALIKAVAK' (card near-text was 'Yeni sekmede aç', 1 candidates on page) -> score=79",2026-08-26T12:09:06Z
BOD185,Sezz Hotels Spa Wellness Yalıkavak,Yalıkavak,google_travel,1,https://www.google.com/travel/hotels/entity?q=Sezz%20Hotels%20Spa%20Wellness%20Yal%C4%B1kavak%20Yal%C4%B1kavak%20Bodrum&ved=2ahUKEwi_n5y4ob6WAxWvoHwGHSu_GAkQvukIegUIAxDZAw&ts=CAEaOwodEhsKDS9nLzExc2YyXzMwMDg6CllhbMSxa2F2YWsSGhIUCgcI6g8QCRgHEgcI6g8QCRgIGAEyAggCKgcKBToDVFJZ&rp=OAFIAg,Sezz Hotels Spa Wellness Yalıkavak · 294 sonuç,Yeni sekmede aç,0.8718,,,False,83,REVIEW_REQUIRED,"detected='Sezz Hotels Spa Wellness Yalıkavak · 294 sonuç' vs expected='Sezz Hotels Spa Wellness Yalıkavak' (card near-text was 'Yeni sekmede aç', 1 candidates on page) -> score=83",2026-08-26T12:09:23Z
BOD186,Sirene Luxury Hotel Bodrum,Yalıkavak,google_travel,1,https://www.google.com/travel/hotels/entity?q=Sirene%20Luxury%20Hotel%20Bodrum%20Yal%C4%B1kavak%20Bodrum&ved=2ahUKEwiG48LAob6WAxU2TEECHQgYJoEQvukIegUIAxDJAw&ts=CAEaSwotEisKDS9nLzExYjdxcGtwNWM6GlNpcmVuZSBMdXh1cnkgSG90ZWwgQm9kcnVtEhoSFAoHCOoPEAkYBxIHCOoPEAkYCBgBMgIIAioHCgU6A1RSWQ&rp=OAFIAg,Sirene Luxury Hotel Bodrum · 485 sonuç,Yeni sekmede aç,0.8387,,,False,80,REVIEW_REQUIRED,"detected='Sirene Luxury Hotel Bodrum · 485 sonuç' vs expected='Sirene Luxury Hotel Bodrum' (card near-text was 'Yeni sekmede aç', 1 candidates on page) -> score=80",2026-08-26T12:09:40Z
BOD187,Spektr Boutique Hotel Yalikavak,Yalıkavak,google_travel,1,https://www.google.com/travel/hotels/entity?q=Spektr%20Boutique%20Hotel%20Yalikavak%20Yal%C4%B1kavak%20Bodrum&ved=2ahUKEwiqkNrIob6WAxWpBwYAHXONO8YQvukIegUIAxDYAw&ts=CAEaOwodEhsKDS9nLzExY3MxdzhwaHk6CllhbMSxa2F2YWsSGhIUCgcI6g8QCRgHEgcI6g8QCRgIGAEyAggCKgcKBToDVFJZ&rp=OAFIAg,Spektr Boutique Hotel Yalikavak · 442 sonuç,Yeni sekmede aç,0.8611,,,False,83,REVIEW_REQUIRED,"detected='Spektr Boutique Hotel Yalikavak · 442 sonuç' vs expected='Spektr Boutique Hotel Yalikavak' (card near-text was 'Yeni sekmede aç', 1 candidates on page) -> score=83",2026-08-26T12:09:58Z
BOD188,Tangiers Hotel Yalıkavak,Yalıkavak,google_travel,1,https://www.google.com/travel/hotels/entity?q=Tangiers%20Hotel%20Yal%C4%B1kavak%20Yal%C4%B1kavak%20Bodrum&ved=2ahUKEwiKr5vQob6WAxUyNAYAHVnoHX4QvukIegUIAxDZAw&ts=CAEaOwodEhsKDS9nLzExc255azRxNWM6CllhbMSxa2F2YWsSGhIUCgcI6g8QCRgHEgcI6g8QCRgIGAEyAggCKgcKBToDVFJZ&rp=OAFIAg,Tangiers Hotel Yalıkavak · 294 sonuç,Yeni sekmede aç,0.8276,,,False,79,REVIEW_REQUIRED,"detected='Tangiers Hotel Yalıkavak · 294 sonuç' vs expected='Tangiers Hotel Yalıkavak' (card near-text was 'Yeni sekmede aç', 1 candidates on page) -> score=79",2026-08-26T12:10:13Z
BOD189,The Bodrum EDITION,Yalıkavak,google_travel,1,https://www.google.com/travel/hotels/entity/ChoIoYqzieyFytDiARoNL2cvMTFmNTRzNl9fcRAB?q=The%20Bodrum%20EDITION%20Yal%C4%B1kavak%20Bodrum&ts=CAAaGhIYEhIKBwjqDxAJGAcSBwjqDxAJGAgyAggCKgcKBToDVFJZ&ved=2ahUKEwjGmJDYob6WAxXibEECHY0vKLwQvukIegQIAxAC,The Bodrum EDITION,The Bodrum EDITION otelini yeni sekmede aç,1.0,,,False,95,FOUND_EXACT,"detected='The Bodrum EDITION' vs expected='The Bodrum EDITION' (card near-text was 'The Bodrum EDITION otelini yeni sekmede aç', 37 candidates on page) -> score=95",2026-08-26T12:10:30Z
BOD190,The Sign Highlight Hotel,Yalıkavak,google_travel,1,https://www.google.com/travel/hotels/entity/ChkI-ZT7oNbT99w4Gg0vZy8xMXprdmpwOHMyEAE?q=The%20Sign%20Highlight%20Hotel%20Yal%C4%B1kavak%20Bodrum&ved=2ahUKEwjPnLDfob6WAxU_hnwGHRgHJykQvukIegQIAxAC&ts=CAAaGhIYEhIKBwjqDxAJGAcSBwjqDxAJGAgyAggCKgcKBToDVFJZ,The Sign Highlight Hotel,The Sign Highlight Hotel otelini yeni sekmede aç,1.0,,,False,95,FOUND_EXACT,"detected='The Sign Highlight Hotel' vs expected='The Sign Highlight Hotel' (card near-text was 'The Sign Highlight Hotel otelini yeni sekmede aç', 37 candidates on page) -> score=95",2026-08-26T12:10:45Z
BOD191,Yalıkavak Marina Hotel by METT Collection,Yalıkavak,google_travel,1,https://www.google.com/travel/hotels/entity?q=Yal%C4%B1kavak%20Marina%20Hotel%20by%20METT%20Collection%20Yal%C4%B1kavak%20Bodrum&ved=2ahUKEwiz29Xqob6WAxU_BQYAHTAHGygQvukIegUIAxDfAw&ts=CAEaWwo9EjsKDS9nLzExdjBfdzlxYl86KllhbMSxa2F2YWsgTWFyaW5hIEhvdGVsIEJ5IE1ldHQgQ29sbGVjdGlvbhIaEhQKBwjqDxAJGAcSBwjqDxAJGAgYATICCAIqBwoFOgNUUlk&rp=OAFIAg,Yalıkavak Marina Hotel By Mett Collection · 354 sonuç,Yeni sekmede aç,0.8913,,,False,85,FOUND_HIGH_CONFIDENCE,"detected='Yalıkavak Marina Hotel By Mett Collection · 354 sonuç' vs expected='Yalıkavak Marina Hotel by METT Collection' (card near-text was 'Yeni sekmede aç', 1 candidates on page) -> score=85",2026-08-26T12:11:09Z
BOD192,Yalıpark Beach Hotel,Yalıkavak,google_travel,1,https://www.google.com/travel/hotels/entity?q=Yal%C4%B1park%20Beach%20Hotel%20Yal%C4%B1kavak%20Bodrum&ved=2ahUKEwifhZTzob6WAxUSQEECHdlrJooQvukIegUIAxDdAw&ts=CAEaOgocEhoKDC9nLzFoYzNqNmpxeDoKWWFsxLFrYXZhaxIaEhQKBwjqDxAJGAcSBwjqDxAJGAgYATICCAIqBwoFOgNUUlk&rp=OAFIAg,Yalıpark Beach Hotel · 294 sonuç,Yeni sekmede aç,0.8,,,False,77,REVIEW_REQUIRED,"detected='Yalıpark Beach Hotel · 294 sonuç' vs expected='Yalıpark Beach Hotel' (card near-text was 'Yeni sekmede aç', 1 candidates on page) -> score=77",2026-08-26T12:11:27Z
